address	size	name	source	frame	leaf	calls	tail_calls	jump_tables	unresolved
0x80003100	64	__check_pad3	dtk	1	0	1	0	0	0
0x80003140	312	__start	dtk	1	0	10	0	0	0
0x80003278	28	__init_registers	dtk	0	1	0	0	0	0
0x80003294	192	__init_data	dtk	1	0	3	0	0	0
0x80003354	32	__init_hardware	dtk	0	0	2	0	0	0
0x80003374	52	__flush_cache	dtk	0	1	0	0	0	0
0x800033A8	48	fn_800033A8	auto	1	0	1	0	0	0
0x800033D8	36	fn_800033D8	auto	0	1	0	0	0	0
0x80004000	48	fn_80004000	auto	0	1	0	0	0	0
0x80005330	260	fn_80005330	auto	1	0	2	0	0	0
0x80005434	48	memset	dtk	1	0	1	0	0	0
0x80005464	188	__fill_mem	dtk	0	1	0	0	0	0
0x80005520	80	memcpy	dtk	0	1	0	0	0	0
0x80005600	852	OSCheckHeap	string	1	0	1	0	0	0
0x80005954	20	fn_80005954	auto	0	1	0	0	0	0
0x80005968	108	fn_80005968	auto	0	1	0	0	0	0
0x800059D4	112	fn_800059D4	auto	0	1	0	0	0	0
0x80005A44	16	fn_80005A44	auto	0	1	0	0	0	0
0x80005A54	132	fn_80005A54	auto	1	0	1	0	0	0
0x80005AD8	120	fn_80005AD8	auto	1	0	1	0	0	0
0x80005B50	76	fn_80005B50	auto	1	0	2	0	0	0
0x80005B9C	336	fn_80005B9C	auto	0	1	0	0	0	0
0x80005CEC	172	fn_80005CEC	auto	0	1	0	0	0	0
0x80005D98	884	fn_80005D98	auto	1	0	5	0	0	0
0x8000610C	1292	fn_8000610C	auto	1	0	3	0	0	0
0x80006618	684	fn_80006618	auto	1	1	0	0	0	0
0x800068C4	428	fn_800068C4	auto	1	1	0	0	0	0
0x80006A70	400	fn_80006A70	auto	1	1	0	0	0	0
0x80006C00	224	fn_80006C00	auto	1	1	0	0	0	0
0x80006CE0	192	fn_80006CE0	auto	1	0	1	0	0	0
0x80006DA0	380	fn_80006DA0	auto	1	0	1	0	0	0
0x80006F1C	356	fn_80006F1C	auto	1	0	1	0	0	0
0x80007080	344	fn_80007080	auto	1	0	1	0	0	0
0x800071D8	168	fn_800071D8	auto	1	1	0	0	0	0
0x80007280	40	fn_80007280	auto	1	0	1	0	0	0
0x800072A8	40	fn_800072A8	auto	1	0	1	0	0	0
0x800072D0	40	fn_800072D0	auto	1	0	1	0	0	0
0x800072F8	40	fn_800072F8	auto	1	0	1	0	0	0
0x80007320	40	fn_80007320	auto	1	0	1	0	0	0
0x80007348	40	fn_80007348	auto	1	0	1	0	0	0
0x80007370	40	fn_80007370	auto	1	0	1	0	0	0
0x80007398	40	fn_80007398	auto	1	0	1	0	0	0
0x800073C0	124	fn_800073C0	auto	1	0	2	0	0	0
0x8000743C	216	fn_8000743C	auto	0	1	0	0	0	0
0x80007514	20	fn_80007514	auto	0	1	0	0	0	0
0x80007528	280	fn_80007528	auto	1	1	0	0	0	0
0x80007640	284	fn_80007640	auto	1	0	5	0	0	0
0x8000775C	256	fn_8000775C	auto	1	0	3	0	0	0
0x8000785C	336	fn_8000785C	auto	1	0	6	0	0	0
0x800079AC	592	fn_800079AC	auto	1	0	13	0	0	0
0x80007BFC	708	fn_80007BFC	auto	1	0	5	0	0	0
0x80007EC0	320	fn_80007EC0	auto	1	0	2	0	0	0
0x80008000	268	fn_80008000	auto	1	0	1	0	0	0
0x8000810C	100	fn_8000810C	auto	1	0	1	0	0	0
0x80008170	36	fn_80008170	auto	1	0	1	0	0	0
0x80008194	196	fn_80008194	auto	1	0	2	0	0	0
0x80008258	28	fn_80008258	auto	0	1	0	0	0	0
0x80008274	148	fn_80008274	auto	1	1	0	0	0	0
0x80008308	36	fn_80008308	auto	1	0	1	0	0	0
0x8000832C	516	fn_8000832C	auto	1	0	3	0	0	0
0x80008530	188	fn_80008530	auto	1	0	3	0	0	0
0x800085EC	168	fn_800085EC	auto	1	0	2	0	0	0
0x80008694	40	fn_80008694	auto	1	0	1	0	0	0
0x800086BC	324	fn_800086BC	auto	1	0	3	0	0	0
0x80008800	312	fn_80008800	auto	1	0	2	0	0	0
0x80008938	184	fn_80008938	auto	1	0	2	0	0	0
0x800089F0	196	fn_800089F0	auto	1	0	1	0	0	0
0x80008AB4	332	fn_80008AB4	auto	1	0	2	0	0	0
0x80008C00	104	fn_80008C00	auto	1	0	1	0	0	0
0x80008C68	380	fn_80008C68	auto	1	0	2	0	0	0
0x80008DE4	16	fn_80008DE4	auto	0	1	0	0	0	0
0x80008DF4	276	fn_80008DF4	auto	1	0	3	0	0	0
0x80008F08	296	fn_80008F08	auto	1	0	1	0	0	0
0x80009030	200	fn_80009030	auto	1	0	1	0	0	0
0x800090F8	172	fn_800090F8	auto	1	0	5	0	0	0
0x800091A4	60	fn_800091A4	auto	1	0	1	0	0	0
0x800091E0	480	fn_800091E0	auto	1	0	5	0	0	0
0x800093C0	320	fn_800093C0	auto	1	0	2	0	0	0
0x80009500	208	fn_80009500	auto	1	0	1	0	0	0
0x800095D0	236	fn_800095D0	auto	1	0	6	0	0	0
0x800096BC	148	fn_800096BC	auto	1	0	3	0	0	0
0x80009750	176	fn_80009750	auto	1	0	5	0	0	0
0x80009800	96	fn_80009800	auto	1	0	1	0	0	0
0x80009860	20	fn_80009860	auto	0	1	0	0	0	0
0x80009874	1512	fn_80009874	auto	1	0	29	0	0	0
0x80009E5C	352	fn_80009E5C	auto	1	0	3	0	0	0
0x80009FBC	28	fn_80009FBC	auto	0	1	0	0	0	0
0x80009FD8	320	fn_80009FD8	auto	1	0	11	0	0	0
0x8000A118	628	fn_8000A118	auto	1	0	32	0	1	0
0x8000A38C	24	fn_8000A38C	auto	0	1	0	0	0	0
0x8000A3A4	88	fn_8000A3A4	auto	1	0	2	0	0	0
0x8000A3FC	1548	fn_8000A3FC	auto	1	0	13	0	0	0
0x8000AA08	80	fn_8000AA08	auto	1	0	3	0	0	0
0x8000AA58	64	fn_8000AA58	auto	1	0	3	0	0	0
0x8000AA98	308	fn_8000AA98	auto	1	0	1	0	0	0
0x8000ABCC	284	fn_8000ABCC	auto	1	0	2	0	0	0
0x8000ACE8	8	fn_8000ACE8	auto	0	1	0	0	0	0
0x8000ACF0	64	fn_8000ACF0	auto	1	0	1	0	0	0
0x8000AD30	216	fn_8000AD30	auto	1	0	2	0	0	0
0x8000AE08	1304	fn_8000AE08	auto	1	0	6	0	0	0
0x8000B320	724	fn_8000B320	auto	1	0	3	0	0	0
0x8000B5F4	252	fn_8000B5F4	auto	1	0	11	0	0	0
0x8000B6F0	140	fn_8000B6F0	auto	1	0	8	0	0	0
0x8000B77C	360	fn_8000B77C	auto	1	0	2	0	0	0
0x8000B8E4	580	fn_8000B8E4	auto	1	0	3	0	0	0
0x8000BB28	768	fn_8000BB28	auto	1	0	9	0	2	0
0x8000BE28	288	fn_8000BE28	auto	1	0	3	0	0	0
0x8000BF48	204	fn_8000BF48	auto	1	0	3	0	0	0
0x8000C014	392	fn_8000C014	auto	1	0	3	0	0	0
0x8000C19C	1572	fn_8000C19C	auto	1	0	10	0	1	0
0x8000C7C0	236	fn_8000C7C0	auto	1	0	1	0	1	0
0x8000C8AC	332	fn_8000C8AC	auto	1	0	8	0	0	0
0x8000C9F8	332	fn_8000C9F8	auto	1	0	6	0	0	0
0x8000CB44	320	fn_8000CB44	auto	1	0	8	0	0	0
0x8000CC84	56	fn_8000CC84	auto	0	1	0	0	0	0
0x8000CCBC	556	fn_8000CCBC	auto	0	1	0	0	0	0
0x8000CEE8	172	fn_8000CEE8	auto	1	0	1	0	0	0
0x8000CF94	104	fn_8000CF94	auto	1	0	1	0	0	0
0x8000CFFC	1164	fn_8000CFFC	auto	1	0	2	0	0	0
0x8000D488	684	fn_8000D488	auto	1	0	1	0	0	0
0x8000D734	456	fn_8000D734	auto	1	0	4	0	0	0
0x8000D8FC	652	fn_8000D8FC	auto	1	0	1	0	0	0
0x8000DB88	628	fn_8000DB88	auto	1	0	2	0	0	0
0x8000DDFC	204	fn_8000DDFC	auto	1	0	1	0	0	0
0x8000DEC8	136	fn_8000DEC8	auto	0	1	0	0	0	0
0x8000DF50	220	fn_8000DF50	auto	0	1	0	0	0	0
0x8000E02C	172	fn_8000E02C	auto	1	0	1	0	0	0
0x8000E0D8	384	fn_8000E0D8	auto	1	0	5	0	0	0
0x8000E258	1036	fn_8000E258	auto	1	0	13	0	0	0
0x8000E664	772	fn_8000E664	auto	1	0	13	0	0	0
0x8000E968	1148	fn_8000E968	auto	1	0	13	0	0	0
0x8000EDE4	704	fn_8000EDE4	auto	1	0	12	0	0	0
0x8000F0A4	24	fn_8000F0A4	auto	0	1	0	0	0	0
0x8000F0BC	172	fn_8000F0BC	auto	1	0	1	0	0	0
0x8000F168	160	fn_8000F168	auto	1	0	1	0	0	0
0x8000F208	152	fn_8000F208	auto	1	0	1	0	0	0
0x8000F2A0	1112	fn_8000F2A0	auto	1	0	3	0	0	0
0x8000F6F8	32	fn_8000F6F8	auto	1	0	1	0	0	0
0x8000F718	340	fn_8000F718	auto	1	1	0	0	0	0
0x8000F86C	56	fn_8000F86C	auto	0	1	0	0	0	0
0x8000F8A4	84	fn_8000F8A4	auto	1	0	2	0	0	0
0x8000F8F8	312	fn_8000F8F8	auto	1	0	5	0	0	0
0x8000FA30	284	fn_8000FA30	auto	0	1	0	0	0	0
0x8000FB4C	92	fn_8000FB4C	auto	0	1	0	0	0	0
0x8000FBA8	108	fn_8000FBA8	auto	0	1	0	0	0	0
0x8000FC14	1716	fn_8000FC14	auto	1	0	21	0	0	0
0x800102C8	120	fn_800102C8	auto	0	1	0	0	0	0
0x80010340	308	fn_80010340	auto	1	0	2	0	0	0
0x80010474	196	fn_80010474	auto	1	0	1	0	0	0
0x80010538	76	fn_80010538	auto	0	1	0	0	0	0
0x80010584	872	fn_80010584	auto	1	0	1	0	0	0
0x800108EC	340	fn_800108EC	auto	1	0	1	0	0	0
0x80010A40	284	fn_80010A40	auto	1	0	2	0	0	0
0x80010B5C	8	fn_80010B5C	auto	0	1	0	0	0	0
0x80010B64	344	fn_80010B64	auto	1	0	2	0	0	0
0x80010CBC	40	fn_80010CBC	auto	0	1	0	0	0	0
0x80010CE4	16	fn_80010CE4	auto	0	1	0	0	0	0
0x80010CF4	372	fn_80010CF4	auto	1	0	1	0	0	0
0x80010E68	308	fn_80010E68	auto	1	0	1	0	0	0
0x80010F9C	300	fn_80010F9C	auto	1	0	1	0	0	0
0x800110C8	152	fn_800110C8	auto	1	0	2	0	0	0
0x80011160	168	fn_80011160	auto	1	0	1	0	0	0
0x80011208	360	fn_80011208	auto	1	0	2	0	0	0
0x80011370	36	fn_80011370	auto	1	0	1	0	0	0
0x80011394	108	fn_80011394	auto	0	1	0	0	0	0
0x80011400	172	fn_80011400	auto	1	0	1	0	0	0
0x800114AC	488	fn_800114AC	auto	1	0	2	0	0	0
0x80011694	344	fn_80011694	auto	1	0	2	0	0	0
0x800117EC	408	fn_800117EC	auto	1	0	6	0	0	0
0x80011984	444	fn_80011984	auto	1	0	1	0	0	0
0x80011B40	784	fn_80011B40	auto	1	0	1	0	0	0
0x80011E50	464	fn_80011E50	auto	1	0	3	0	0	0
0x80012020	88	fn_80012020	auto	0	1	0	0	0	0
0x80012078	88	fn_80012078	auto	0	1	0	0	0	0
0x800120D0	48	fn_800120D0	auto	1	0	1	0	0	0
0x80012100	48	fn_80012100	auto	1	0	1	0	0	0
0x80012130	48	fn_80012130	auto	1	0	1	0	0	0
0x80012160	120	fn_80012160	auto	0	1	0	0	1	0
0x800121D8	976	fn_800121D8	auto	1	0	16	0	1	0
0x800125A8	2428	fn_800125A8	auto	1	0	19	0	0	0
0x80012F24	52	fn_80012F24	auto	1	0	1	0	0	0
0x80012F58	1452	fn_80012F58	auto	1	0	10	0	1	0
0x80013504	152	fn_80013504	auto	1	0	2	0	0	0
0x8001359C	160	fn_8001359C	auto	1	0	2	0	0	0
0x8001363C	160	fn_8001363C	auto	1	0	2	0	0	0
0x800136DC	1660	fn_800136DC	auto	1	0	22	0	2	0
0x80013D58	632	fn_80013D58	auto	1	0	4	0	0	0
0x80013FD0	976	fn_80013FD0	auto	1	0	7	0	1	0
0x800143A0	212	fn_800143A0	auto	1	0	8	0	0	0
0x80014474	784	fn_80014474	auto	1	0	9	0	0	0
0x80014784	132	fn_80014784	auto	1	0	5	0	0	0
0x80014808	420	fn_80014808	auto	1	0	10	0	0	0
0x800149AC	168	fn_800149AC	auto	1	0	1	0	0	0
0x80014A54	100	fn_80014A54	auto	0	1	0	0	0	0
0x80014AB8	240	fn_80014AB8	auto	1	0	2	0	0	0
0x80014BA8	232	fn_80014BA8	auto	1	0	2	0	0	0
0x80014C90	48	fn_80014C90	auto	0	1	0	0	0	0
0x80014CC0	60	fn_80014CC0	auto	0	1	0	0	0	0
0x80014CFC	16	fn_80014CFC	auto	0	1	0	0	0	0
0x80014D0C	16	fn_80014D0C	auto	0	1	0	0	0	0
0x80014D1C	424	fn_80014D1C	auto	1	0	2	0	0	0
0x80014EC4	140	fn_80014EC4	auto	1	0	2	0	0	0
0x80014F50	64	fn_80014F50	auto	0	1	0	0	0	0
0x80014F90	144	fn_80014F90	auto	1	0	2	0	0	0
0x80015020	280	fn_80015020	auto	1	0	2	0	0	0
0x80015138	360	fn_80015138	auto	1	0	4	0	0	0
0x800152A0	164	fn_800152A0	auto	1	0	1	0	0	0
0x80015344	92	fn_80015344	auto	1	0	1	0	0	0
0x800153A0	64	fn_800153A0	auto	0	1	0	0	0	0
0x800153E0	124	fn_800153E0	auto	0	1	0	0	0	0
0x8001545C	4	fn_8001545C	auto	0	1	0	0	0	0
0x80015460	92	fn_80015460	auto	0	1	0	0	0	0
0x800154BC	112	fn_800154BC	auto	0	1	0	0	0	0
0x8001552C	40	fn_8001552C	auto	0	1	0	0	0	0
0x80015554	44	fn_80015554	auto	1	0	1	0	0	0
0x80015580	192	fn_80015580	auto	1	0	3	0	0	0
0x80015640	232	fn_80015640	auto	1	0	1	0	0	0
0x80015728	256	fn_80015728	auto	1	0	2	0	0	0
0x80015828	88	fn_80015828	auto	0	1	0	0	0	0
0x80015880	472	fn_80015880	auto	1	0	4	0	0	0
0x80015A58	316	fn_80015A58	auto	1	0	2	0	0	0
0x80015B94	156	fn_80015B94	auto	1	0	2	0	0	0
0x80015C30	204	fn_80015C30	auto	1	0	1	0	0	0
0x80015CFC	124	fn_80015CFC	auto	0	1	0	0	0	0
0x80015D78	336	fn_80015D78	auto	1	0	3	0	0	0
0x80015EC8	388	fn_80015EC8	auto	1	0	5	0	0	0
0x8001604C	488	fn_8001604C	auto	1	0	5	0	0	0
0x80016234	368	fn_80016234	auto	1	0	2	0	0	0
0x800163A4	476	fn_800163A4	auto	1	0	3	0	0	0
0x80016580	856	fn_80016580	auto	1	0	5	0	1	0
0x800168D8	320	fn_800168D8	auto	1	0	3	0	0	0
0x80016A18	264	fn_80016A18	auto	1	0	1	0	0	0
0x80016B20	308	fn_80016B20	auto	1	0	1	0	0	0
0x80016C54	456	fn_80016C54	auto	1	0	8	0	0	0
0x80016E1C	508	fn_80016E1C	auto	1	0	9	0	0	0
0x80017018	276	fn_80017018	auto	1	0	3	0	0	0
0x8001712C	196	fn_8001712C	auto	1	0	2	0	0	0
0x800171F0	304	fn_800171F0	auto	1	0	4	0	0	0
0x80017320	4	fn_80017320	auto	0	1	0	0	0	0
0x80017324	268	fn_80017324	auto	1	0	3	0	0	0
0x80017430	684	fn_80017430	auto	1	0	3	0	0	0
0x800176DC	156	fn_800176DC	auto	1	0	1	0	0	0
0x80017778	72	fn_80017778	auto	0	1	0	0	0	0
0x800177C0	500	fn_800177C0	auto	1	0	5	0	0	0
0x800179B4	48	fn_800179B4	auto	1	0	1	0	0	0
0x800179E4	48	fn_800179E4	auto	1	0	1	0	0	0
0x80017A14	104	fn_80017A14	auto	1	0	1	0	0	0
0x80017A7C	156	fn_80017A7C	auto	1	0	4	0	0	0
0x80017B18	416	fn_80017B18	auto	1	0	9	0	1	0
0x80017CB8	972	fn_80017CB8	auto	1	0	23	0	0	0
0x80018084	244	fn_80018084	auto	1	0	4	0	0	0
0x80018178	544	fn_80018178	auto	1	0	1	0	0	0
0x80018398	256	fn_80018398	auto	1	0	1	0	0	0
0x80018498	88	fn_80018498	auto	0	1	0	0	0	0
0x800184F0	528	fn_800184F0	auto	1	0	1	0	0	0
0x80018700	100	fn_80018700	auto	0	1	0	0	0	0
0x80018764	52	fn_80018764	auto	0	1	0	0	0	0
0x80018798	208	fn_80018798	auto	1	0	4	0	0	0
0x80018868	660	fn_80018868	auto	1	0	15	0	2	0
0x80018AFC	132	fn_80018AFC	auto	1	0	6	0	0	0
0x80018B80	276	fn_80018B80	auto	1	0	3	0	0	0
0x80018C94	40	fn_80018C94	auto	1	0	2	0	0	0
0x80018CBC	1788	fn_80018CBC	auto	1	0	33	0	1	0
0x800193B8	964	fn_800193B8	auto	1	0	12	0	1	0
0x8001977C	1012	fn_8001977C	auto	1	0	14	0	1	0
0x80019B70	524	fn_80019B70	auto	0	1	0	0	0	0
0x80019D7C	200	fn_80019D7C	auto	1	0	3	0	0	0
0x80019E44	200	fn_80019E44	auto	1	0	3	0	0	0
0x80019F0C	1508	fn_80019F0C	auto	1	0	24	0	1	0
0x8001A4F0	1648	fn_8001A4F0	auto	1	0	24	0	1	0
0x8001AB60	1616	fn_8001AB60	auto	1	0	25	0	1	0
0x8001B1B0	2320	fn_8001B1B0	auto	1	0	33	0	2	0
0x8001BAC0	312	fn_8001BAC0	auto	0	1	0	0	0	0
0x8001BBF8	64	fn_8001BBF8	auto	0	1	0	0	0	0
0x8001BC38	144	fn_8001BC38	auto	1	0	1	0	0	0
0x8001BCC8	356	fn_8001BCC8	auto	1	0	1	0	0	0
0x8001BE2C	768	fn_8001BE2C	auto	1	0	3	0	0	0
0x8001C12C	196	fn_8001C12C	auto	1	0	1	0	0	0
0x8001C1F0	300	fn_8001C1F0	auto	1	0	1	0	0	0
0x8001C31C	44	fn_8001C31C	auto	0	1	0	0	0	0
0x8001C348	200	fn_8001C348	auto	1	0	1	0	0	0
0x8001C410	100	fn_8001C410	auto	0	1	0	0	0	0
0x8001C474	600	fn_8001C474	auto	1	0	4	0	0	0
0x8001C6CC	236	fn_8001C6CC	auto	1	0	4	0	0	0
0x8001C7B8	48	fn_8001C7B8	auto	1	0	2	0	0	0
0x8001C7E8	704	fn_8001C7E8	auto	1	0	6	0	0	0
0x8001CAA8	1064	fn_8001CAA8	auto	1	0	12	0	0	0
0x8001CED0	636	fn_8001CED0	auto	1	0	7	0	0	0
0x8001D14C	140	fn_8001D14C	auto	1	0	1	0	0	0
0x8001D1D8	40	fn_8001D1D8	auto	1	0	1	0	0	0
0x8001D200	136	fn_8001D200	auto	1	0	1	0	0	0
0x8001D288	404	fn_8001D288	auto	1	0	2	0	0	0
0x8001D41C	420	fn_8001D41C	auto	0	1	0	0	0	0
0x8001D5C0	104	fn_8001D5C0	auto	0	1	0	0	0	0
0x8001D628	796	fn_8001D628	auto	1	0	3	0	0	0
0x8001D944	512	fn_8001D944	auto	1	0	2	0	0	0
0x8001DB44	312	fn_8001DB44	auto	0	1	0	0	0	0
0x8001DC7C	36	fn_8001DC7C	auto	0	1	0	0	0	0
0x8001DCA0	96	fn_8001DCA0	auto	1	0	1	0	0	0
0x8001DD00	224	fn_8001DD00	auto	0	1	0	0	0	0
0x8001DDE0	152	fn_8001DDE0	auto	1	0	1	0	0	0
0x8001DE78	204	fn_8001DE78	auto	1	0	1	0	0	0
0x8001DF44	280	fn_8001DF44	auto	1	0	1	0	0	0
0x8001E05C	220	fn_8001E05C	auto	0	1	0	0	0	0
0x8001E138	100	fn_8001E138	auto	1	0	4	0	0	0
0x8001E19C	156	fn_8001E19C	auto	1	0	3	0	0	0
0x8001E238	208	fn_8001E238	auto	1	0	4	0	0	0
0x8001E308	208	fn_8001E308	auto	1	0	1	0	0	0
0x8001E3D8	200	fn_8001E3D8	auto	1	0	1	0	0	0
0x8001E4A0	108	fn_8001E4A0	auto	1	0	1	0	0	0
0x8001E50C	188	fn_8001E50C	auto	1	0	2	0	0	0
0x8001E5C8	276	fn_8001E5C8	auto	1	0	1	0	0	0
0x8001E6DC	284	fn_8001E6DC	auto	1	0	1	0	0	0
0x8001E7F8	280	fn_8001E7F8	auto	1	0	1	0	0	0
0x8001E910	604	fn_8001E910	auto	1	0	3	0	0	0
0x8001EB6C	56	fn_8001EB6C	auto	0	1	0	0	1	0
0x8001EBA4	272	fn_8001EBA4	auto	1	0	2	0	0	0
0x8001ECB4	368	fn_8001ECB4	auto	1	0	2	0	0	0
0x8001EE24	1484	fn_8001EE24	auto	1	0	5	0	1	0
0x8001F3F0	1060	fn_8001F3F0	auto	1	0	3	0	1	0
0x8001F814	516	fn_8001F814	auto	1	0	2	0	0	0
0x8001FA18	164	fn_8001FA18	auto	1	0	1	0	0	0
0x8001FABC	704	fn_8001FABC	auto	1	0	8	0	0	0
0x8001FD7C	92	fn_8001FD7C	auto	1	0	1	0	0	0
0x8001FDD8	108	fn_8001FDD8	auto	0	1	0	0	0	0
0x8001FE44	540	fn_8001FE44	auto	1	0	4	0	0	0
0x80020060	52	fn_80020060	auto	0	1	0	0	0	0
0x80020094	444	fn_80020094	auto	1	0	1	0	1	0
0x80020250	544	fn_80020250	auto	1	0	4	0	0	0
0x80020470	328	fn_80020470	auto	1	0	1	0	0	0
0x800205B8	328	fn_800205B8	auto	1	0	1	0	0	0
0x80020700	200	fn_80020700	auto	1	0	2	0	0	0
0x800207C8	300	fn_800207C8	auto	1	0	2	0	0	0
0x800208F4	564	fn_800208F4	auto	1	0	3	0	0	0
0x80020B28	40	fn_80020B28	auto	0	1	0	0	0	0
0x80020B50	60	fn_80020B50	auto	0	1	0	0	0	0
0x80020B8C	452	fn_80020B8C	auto	1	0	1	0	0	0
0x80020D50	192	fn_80020D50	auto	1	0	1	0	0	0
0x80020E10	344	fn_80020E10	auto	1	0	1	0	0	0
0x80020F68	136	fn_80020F68	auto	1	0	1	0	1	0
0x80020FF0	300	fn_80020FF0	auto	1	0	1	0	0	0
0x8002111C	992	fn_8002111C	auto	1	0	1	0	0	0
0x800214FC	240	fn_800214FC	auto	1	0	1	0	0	0
0x800215EC	108	fn_800215EC	auto	0	1	0	0	0	0
0x80021658	208	fn_80021658	auto	0	1	0	0	0	0
0x80021728	92	fn_80021728	auto	0	1	0	0	0	0
0x80021784	76	fn_80021784	auto	1	0	1	0	0	0
0x800217D0	188	fn_800217D0	auto	0	1	0	0	1	0
0x8002188C	168	fn_8002188C	auto	1	0	1	0	0	0
0x80021934	428	fn_80021934	auto	1	0	13	0	0	0
0x80021AE0	476	fn_80021AE0	auto	1	0	13	0	0	0
0x80021CBC	508	fn_80021CBC	auto	1	0	13	0	0	0
0x80021EB8	276	fn_80021EB8	auto	1	0	2	0	0	0
0x80021FCC	560	fn_80021FCC	auto	1	0	5	0	0	0
0x800221FC	1620	fn_800221FC	auto	1	0	14	0	0	0
0x80022850	588	fn_80022850	auto	1	0	6	0	0	0
0x80022A9C	16	fn_80022A9C	auto	0	1	0	0	0	0
0x80022AAC	88	fn_80022AAC	auto	1	0	2	0	0	0
0x80022B04	1032	fn_80022B04	auto	1	0	5	0	0	0
0x80022F0C	16	fn_80022F0C	auto	0	1	0	0	0	0
0x80022F1C	88	fn_80022F1C	auto	1	0	2	0	0	0
0x80022F74	1528	fn_80022F74	auto	1	0	5	0	1	0
0x8002356C	1944	fn_8002356C	auto	1	0	4	0	1	0
0x80023D04	16	fn_80023D04	auto	0	1	0	0	0	0
0x80023D14	88	fn_80023D14	auto	1	0	2	0	0	0
0x80023D6C	640	fn_80023D6C	auto	1	0	2	0	0	0
0x80023FEC	256	fn_80023FEC	auto	1	0	1	0	1	0
0x800240EC	1440	fn_800240EC	auto	1	0	5	0	0	0
0x8002468C	2664	fn_8002468C	auto	1	0	8	0	2	0
0x800250F4	1060	fn_800250F4	auto	1	0	8	0	2	0
0x80025518	164	fn_80025518	auto	0	1	0	0	0	0
0x800255BC	16	fn_800255BC	auto	0	1	0	0	0	0
0x800255CC	88	fn_800255CC	auto	1	0	2	0	0	0
0x80025624	5372	fn_80025624	auto	1	0	12	0	0	0
0x80026B20	1228	fn_80026B20	auto	1	0	1	0	2	0
0x80026FEC	1176	fn_80026FEC	auto	1	0	6	0	0	0
0x80027484	880	fn_80027484	auto	1	0	5	0	0	0
0x800277F4	1040	fn_800277F4	auto	1	0	4	0	0	0
0x80027C04	3980	fn_80027C04	auto	1	0	16	0	1	0
0x80028B90	596	fn_80028B90	auto	1	0	1	0	0	0
0x80028DE4	40	fn_80028DE4	auto	1	0	1	0	0	0
0x80028E0C	28	fn_80028E0C	auto	0	1	0	0	0	0
0x80028E28	532	fn_80028E28	auto	1	1	0	0	0	0
0x8002903C	52	fn_8002903C	auto	1	0	1	0	0	0
0x80029070	56	fn_80029070	auto	1	0	2	0	0	0
0x800290A8	64	fn_800290A8	auto	0	1	0	0	0	0
0x800290E8	128	fn_800290E8	auto	0	1	0	0	0	0
0x80029168	212	fn_80029168	auto	1	1	0	0	1	0
0x8002923C	188	fn_8002923C	auto	0	1	0	0	0	0
0x800292F8	108	fn_800292F8	auto	0	1	0	0	0	0
0x80029364	200	fn_80029364	auto	0	1	0	0	0	0
0x8002942C	188	fn_8002942C	auto	1	1	0	0	0	0
0x800294E8	248	fn_800294E8	auto	0	1	0	0	0	0
0x800295E0	76	fn_800295E0	auto	0	1	0	0	0	0
0x8002962C	76	fn_8002962C	auto	0	1	0	0	0	0
0x80029678	36	fn_80029678	auto	0	1	0	0	0	0
0x8002969C	740	fn_8002969C	auto	1	0	5	0	0	0
0x80029980	496	fn_80029980	auto	1	0	1	0	0	0
0x80029B70	1220	fn_80029B70	auto	1	0	8	0	0	0
0x8002A034	1344	fn_8002A034	auto	0	1	0	0	0	0
0x8002A574	2992	fn_8002A574	auto	1	0	11	0	0	0
0x8002B124	220	fn_8002B124	auto	1	0	4	0	0	0
0x8002B200	524	fn_8002B200	auto	1	0	8	0	0	0
0x8002B40C	376	fn_8002B40C	auto	1	0	6	0	0	0
0x8002B584	1004	fn_8002B584	auto	1	0	8	0	0	0
0x8002B970	284	fn_8002B970	auto	1	0	2	0	0	0
0x8002BA8C	288	fn_8002BA8C	auto	1	0	1	0	0	0
0x8002BBAC	8	fn_8002BBAC	auto	0	1	0	0	0	0
0x8002BBB4	72	fn_8002BBB4	auto	1	0	1	0	0	0
0x8002BBFC	72	fn_8002BBFC	auto	1	0	1	0	0	0
0x8002BC44	8	fn_8002BC44	auto	0	1	0	0	0	0
0x8002BC4C	316	fn_8002BC4C	auto	1	0	2	0	0	0
0x8002BD88	648	fn_8002BD88	auto	1	1	0	0	0	0
0x8002C010	236	fn_8002C010	auto	0	1	0	0	0	0
0x8002C0FC	140	fn_8002C0FC	auto	1	0	1	0	0	0
0x8002C188	32	fn_8002C188	auto	1	0	1	0	0	0
0x8002C1A8	104	fn_8002C1A8	auto	0	1	0	0	0	0
0x8002C210	124	fn_8002C210	auto	0	1	0	0	0	0
0x8002C28C	36	fn_8002C28C	auto	0	1	0	0	0	0
0x8002C2B0	176	fn_8002C2B0	auto	1	0	1	0	0	0
0x8002C360	188	fn_8002C360	auto	1	0	1	0	0	0
0x8002C41C	132	fn_8002C41C	auto	1	0	1	0	0	0
0x8002C4A0	124	fn_8002C4A0	auto	1	0	2	0	0	0
0x8002C51C	136	fn_8002C51C	auto	1	0	1	0	0	0
0x8002C5A4	68	fn_8002C5A4	auto	0	1	0	0	0	0
0x8002C5E8	52	fn_8002C5E8	auto	0	1	0	0	0	0
0x8002C61C	124	fn_8002C61C	auto	1	0	2	0	0	0
0x8002C698	32	fn_8002C698	auto	1	0	1	0	0	0
0x8002C6B8	344	fn_8002C6B8	auto	1	0	2	0	0	0
0x8002C810	100	fn_8002C810	auto	0	1	0	0	0	0
0x8002C874	32	fn_8002C874	auto	1	0	1	0	0	0
0x8002C894	104	fn_8002C894	auto	0	1	0	0	0	0
0x8002C8FC	84	fn_8002C8FC	auto	0	1	0	0	0	0
0x8002C950	36	fn_8002C950	auto	0	1	0	0	0	0
0x8002C974	36	fn_8002C974	auto	0	1	0	0	0	0
0x8002C998	68	fn_8002C998	auto	0	1	0	0	0	0
0x8002C9DC	56	fn_8002C9DC	auto	0	1	0	0	0	0
0x8002CA14	64	fn_8002CA14	auto	0	1	0	0	0	0
0x8002CA54	52	fn_8002CA54	auto	0	1	0	0	0	0
0x8002CA88	80	fn_8002CA88	auto	0	1	0	0	0	0
0x8002CAD8	288	fn_8002CAD8	auto	1	0	1	0	0	0
0x8002CBF8	124	fn_8002CBF8	auto	1	0	1	0	0	0
0x8002CC74	380	fn_8002CC74	auto	1	0	2	0	0	0
0x8002CDF0	80	fn_8002CDF0	auto	0	1	0	0	0	0
0x8002CE40	76	fn_8002CE40	auto	0	1	0	0	0	0
0x8002CE8C	76	fn_8002CE8C	auto	0	1	0	0	0	0
0x8002CED8	208	fn_8002CED8	auto	1	0	1	0	0	0
0x8002CFA8	112	fn_8002CFA8	auto	0	1	0	0	0	0
0x8002D018	84	fn_8002D018	auto	0	1	0	0	0	0
0x8002D06C	76	fn_8002D06C	auto	0	1	0	0	0	0
0x8002D0B8	76	fn_8002D0B8	auto	0	1	0	0	0	0
0x8002D104	376	fn_8002D104	auto	1	0	3	0	0	0
0x8002D27C	340	fn_8002D27C	auto	1	0	2	0	0	0
0x8002D3D0	4	fn_8002D3D0	auto	0	1	0	0	0	0
0x8002D3D4	104	fn_8002D3D4	auto	0	1	0	0	0	0
0x8002D43C	104	fn_8002D43C	auto	0	1	0	0	0	0
0x8002D4A4	116	fn_8002D4A4	auto	0	1	0	0	0	0
0x8002D518	60	fn_8002D518	auto	0	1	0	0	0	0
0x8002D554	184	fn_8002D554	auto	1	0	2	0	0	0
0x8002D60C	120	fn_8002D60C	auto	1	0	1	0	0	0
0x8002D684	168	fn_8002D684	auto	1	0	1	0	0	0
0x8002D72C	760	fn_8002D72C	auto	0	1	0	0	0	0
0x8002DA24	100	fn_8002DA24	auto	1	0	2	0	0	0
0x8002DA88	64	fn_8002DA88	auto	1	0	1	0	0	0
0x8002DAC8	140	fn_8002DAC8	auto	1	0	1	0	0	0
0x8002DB54	84	fn_8002DB54	auto	0	1	0	0	0	0
0x8002DBA8	108	fn_8002DBA8	auto	1	0	1	0	0	0
0x8002DC14	372	fn_8002DC14	auto	1	0	3	0	0	0
0x8002DD88	4	fn_8002DD88	auto	0	1	0	0	0	0
0x8002DD8C	384	fn_8002DD8C	auto	1	0	3	0	0	0
0x8002DF0C	1044	fn_8002DF0C	auto	1	0	6	0	2	0
0x8002E320	364	fn_8002E320	auto	1	0	6	0	0	0
0x8002E48C	324	fn_8002E48C	auto	1	0	2	0	1	0
0x8002E5D0	1404	fn_8002E5D0	auto	1	0	15	0	1	0
0x8002EB4C	344	fn_8002EB4C	auto	1	0	6	0	0	0
0x8002ECA4	524	fn_8002ECA4	auto	1	0	3	0	0	0
0x8002EEB0	76	fn_8002EEB0	auto	1	0	1	0	0	0
0x8002EEFC	484	fn_8002EEFC	auto	1	0	5	0	0	0
0x8002F0E0	116	fn_8002F0E0	auto	1	0	1	0	0	0
0x8002F154	52	fn_8002F154	auto	1	0	2	0	0	0
0x8002F188	468	fn_8002F188	auto	1	0	1	0	0	0
0x8002F35C	236	fn_8002F35C	auto	0	1	0	0	0	0
0x8002F448	36	fn_8002F448	auto	0	1	0	0	0	0
0x8002F46C	80	fn_8002F46C	auto	0	1	0	0	0	0
0x8002F4BC	112	fn_8002F4BC	auto	1	0	2	0	0	0
0x8002F52C	16	fn_8002F52C	auto	0	1	0	0	0	0
0x8002F53C	16	fn_8002F53C	auto	0	1	0	0	0	0
0x8002F54C	76	fn_8002F54C	auto	0	1	0	0	0	0
0x8002F598	152	fn_8002F598	auto	1	1	0	0	0	0
0x8002F630	64	fn_8002F630	auto	0	1	0	0	0	0
0x8002F670	4	fn_8002F670	auto	0	1	0	0	0	0
0x8002F674	96	fn_8002F674	auto	1	0	1	0	0	0
0x8002F6D4	312	fn_8002F6D4	auto	1	0	3	0	0	0
0x8002F80C	500	fn_8002F80C	auto	1	0	9	0	0	0
0x8002FA00	856	fn_8002FA00	auto	1	0	12	0	0	0
0x8002FD58	184	fn_8002FD58	auto	1	0	3	0	0	0
0x8002FE10	160	fn_8002FE10	auto	1	0	3	0	0	0
0x8002FEB0	192	fn_8002FEB0	auto	1	0	1	0	0	0
0x8002FF70	340	fn_8002FF70	auto	1	0	6	0	0	0
0x800300C4	24	fn_800300C4	auto	0	1	0	0	0	0
0x800300DC	36	fn_800300DC	auto	1	0	1	0	0	0
0x80030100	384	fn_80030100	auto	1	0	2	0	0	0
0x80030280	364	fn_80030280	auto	1	0	9	0	0	0
0x800303EC	240	fn_800303EC	auto	1	0	1	0	0	0
0x800304DC	972	fn_800304DC	auto	1	0	10	0	1	0
0x800308A8	84	fn_800308A8	auto	1	0	2	0	0	0
0x800308FC	196	fn_800308FC	auto	1	0	3	0	0	0
0x800309C0	36	fn_800309C0	auto	1	0	2	0	0	0
0x800309E4	216	fn_800309E4	auto	1	0	6	0	0	0
0x80030ABC	44	fn_80030ABC	auto	1	0	4	0	0	0
0x80030AE8	76	fn_80030AE8	auto	1	0	1	0	0	0
0x80030B34	352	fn_80030B34	auto	1	0	2	0	0	0
0x80030C94	456	fn_80030C94	auto	1	0	5	0	0	0
0x80030E5C	1016	fn_80030E5C	auto	1	0	11	0	0	0
0x80031254	156	fn_80031254	auto	1	0	4	0	0	0
0x800312F0	124	fn_800312F0	auto	1	0	3	0	0	0
0x8003136C	256	fn_8003136C	auto	1	0	4	0	0	0
0x8003146C	144	fn_8003146C	auto	0	1	0	0	0	0
0x800314FC	40	fn_800314FC	auto	0	1	0	0	0	0
0x80031524	92	fn_80031524	auto	0	1	0	0	0	0
0x80031580	124	fn_80031580	auto	1	0	2	0	0	0
0x800315FC	252	fn_800315FC	auto	1	0	4	0	0	0
0x800316F8	144	fn_800316F8	auto	1	0	2	0	0	0
0x80031788	48	fn_80031788	auto	0	1	0	0	0	0
0x800317B8	68	fn_800317B8	auto	1	0	2	0	0	0
0x800317FC	3260	fn_800317FC	auto	1	0	15	0	3	0
0x800324B8	256	fn_800324B8	auto	1	0	4	0	0	0
0x800325B8	180	fn_800325B8	auto	1	0	3	0	0	0
0x8003266C	1132	fn_8003266C	auto	1	0	2	0	0	0
0x80032AD8	32	fn_80032AD8	auto	1	0	1	0	0	0
0x80032AF8	84	fn_80032AF8	auto	1	0	1	0	0	0
0x80032B4C	32	fn_80032B4C	auto	1	0	1	0	0	0
0x80032B6C	80	fn_80032B6C	auto	1	0	1	0	0	0
0x80032BBC	172	fn_80032BBC	auto	1	0	3	0	0	0
0x80032C68	4	fn_80032C68	auto	0	1	0	0	0	0
0x80032C6C	472	fn_80032C6C	auto	0	1	0	0	0	0
0x80032E44	52	fn_80032E44	auto	1	0	1	0	0	0
0x80032E78	332	fn_80032E78	auto	1	0	7	0	0	0
0x80032FC4	140	fn_80032FC4	auto	1	0	1	0	0	0
0x80033050	284	fn_80033050	auto	1	0	1	0	0	0
0x8003316C	68	fn_8003316C	auto	1	0	1	0	0	0
0x800331B0	28	fn_800331B0	auto	0	1	0	0	0	0
0x800331CC	468	fn_800331CC	auto	1	0	9	0	0	0
0x800333A0	280	fn_800333A0	auto	1	0	4	0	0	0
0x800334B8	976	fn_800334B8	auto	1	0	2	0	0	0
0x80033888	296	fn_80033888	auto	1	0	2	0	0	0
0x800339B0	104	fn_800339B0	auto	0	1	0	0	0	0
0x80033A18	736	fn_80033A18	auto	1	0	11	0	0	0
0x80033CF8	424	fn_80033CF8	auto	1	0	8	0	0	0
0x80033EA0	784	fn_80033EA0	auto	1	0	1	0	0	0
0x800341B0	268	fn_800341B0	auto	1	0	3	0	0	0
0x800342BC	336	fn_800342BC	auto	1	0	11	0	0	0
0x8003440C	644	fn_8003440C	auto	1	0	16	0	0	0
0x80034690	444	fn_80034690	auto	1	0	8	0	0	0
0x8003484C	676	fn_8003484C	auto	1	0	17	0	0	0
0x80034AF0	892	fn_80034AF0	auto	1	0	24	0	0	0
0x80034E6C	640	fn_80034E6C	auto	1	0	16	0	0	0
0x800350EC	84	fn_800350EC	auto	0	1	0	0	0	0
0x80035140	116	fn_80035140	auto	1	0	4	0	0	0
0x800351B4	116	fn_800351B4	auto	1	0	4	0	0	0
0x80035228	116	fn_80035228	auto	1	0	4	0	0	0
0x8003529C	228	fn_8003529C	auto	1	0	5	0	0	0
0x80035380	116	fn_80035380	auto	1	0	4	0	0	0
0x800353F4	116	fn_800353F4	auto	1	0	4	0	0	0
0x80035468	116	fn_80035468	auto	1	0	4	0	0	0
0x800354DC	60	fn_800354DC	auto	1	0	1	0	0	0
0x80035518	496	fn_80035518	auto	1	0	2	0	0	0
0x80035708	496	fn_80035708	auto	1	0	2	0	0	0
0x800358F8	8	fn_800358F8	auto	0	1	0	0	0	0
0x80035900	8	fn_80035900	auto	0	1	0	0	0	0
0x80035908	8	fn_80035908	auto	0	1	0	0	0	0
0x80035910	8	fn_80035910	auto	0	1	0	0	0	0
0x80035918	116	fn_80035918	auto	1	0	1	0	0	0
0x8003598C	684	fn_8003598C	auto	1	0	5	0	0	0
0x80035C38	276	fn_80035C38	auto	1	0	5	0	0	0
0x80035D4C	628	fn_80035D4C	auto	1	0	7	0	0	0
0x80035FC0	444	fn_80035FC0	auto	1	0	9	0	0	0
0x8003617C	828	fn_8003617C	auto	1	0	1	0	1	0
0x800364B8	60	fn_800364B8	auto	1	0	2	0	0	0
0x800364F4	40	fn_800364F4	auto	0	1	0	0	0	0
0x8003651C	4	fn_8003651C	auto	0	1	0	0	0	0
0x80036520	100	fn_80036520	auto	1	0	3	0	0	0
0x80036584	120	fn_80036584	auto	1	0	1	0	0	0
0x800365FC	52	fn_800365FC	auto	0	1	0	0	0	0
0x80036630	4	fn_80036630	auto	0	1	0	0	0	0
0x80036634	4	fn_80036634	auto	0	1	0	0	0	0
0x80036638	4	fn_80036638	auto	0	1	0	0	0	0
0x8003663C	4	fn_8003663C	auto	0	1	0	0	0	0
0x80036640	4	fn_80036640	auto	0	1	0	0	0	0
0x80036644	4	fn_80036644	auto	0	1	0	0	0	0
0x80036648	4	fn_80036648	auto	0	1	0	0	0	0
0x8003664C	4	fn_8003664C	auto	0	1	0	0	0	0
0x80036650	4	fn_80036650	auto	0	1	0	0	0	0
0x80036654	4	fn_80036654	auto	0	1	0	0	0	0
0x80036658	4	fn_80036658	auto	0	1	0	0	0	0
0x8003665C	4	fn_8003665C	auto	0	1	0	0	0	0
0x80036660	4	fn_80036660	auto	0	1	0	0	0	0
0x80036664	4	fn_80036664	auto	0	1	0	0	0	0
0x80036668	4	fn_80036668	auto	0	1	0	0	0	0
0x8003666C	4	fn_8003666C	auto	0	1	0	0	0	0
0x80036670	4	fn_80036670	auto	0	1	0	0	0	0
0x80036674	4	fn_80036674	auto	0	1	0	0	0	0
0x80036678	4	fn_80036678	auto	0	1	0	0	0	0
0x8003667C	4	fn_8003667C	auto	0	1	0	0	0	0
0x80036680	4	fn_80036680	auto	0	1	0	0	0	0
0x80036684	4	fn_80036684	auto	0	1	0	0	0	0
0x80036688	4	fn_80036688	auto	0	1	0	0	0	0
0x8003668C	4	fn_8003668C	auto	0	1	0	0	0	0
0x80036690	4	fn_80036690	auto	0	1	0	0	0	0
0x80036694	4	fn_80036694	auto	0	1	0	0	0	0
0x80036698	4	fn_80036698	auto	0	1	0	0	0	0
0x8003669C	4	fn_8003669C	auto	0	1	0	0	0	0
0x800366A0	4	fn_800366A0	auto	0	1	0	0	0	0
0x800366A4	4	fn_800366A4	auto	0	1	0	0	0	0
0x800366A8	4	fn_800366A8	auto	0	1	0	0	0	0
0x800366AC	4	fn_800366AC	auto	0	1	0	0	0	0
0x800366B0	4	fn_800366B0	auto	0	1	0	0	0	0
0x800366B4	4	fn_800366B4	auto	0	1	0	0	0	0
0x800366B8	4	fn_800366B8	auto	0	1	0	0	0	0
0x800366BC	4	fn_800366BC	auto	0	1	0	0	0	0
0x800366C0	4	fn_800366C0	auto	0	1	0	0	0	0
0x800366C4	4	fn_800366C4	auto	0	1	0	0	0	0
0x800366C8	4	fn_800366C8	auto	0	1	0	0	0	0
0x800366CC	4	fn_800366CC	auto	0	1	0	0	0	0
0x800366D0	4	fn_800366D0	auto	0	1	0	0	0	0
0x800366D4	4	fn_800366D4	auto	0	1	0	0	0	0
0x800366D8	4	fn_800366D8	auto	0	1	0	0	0	0
0x800366DC	4	fn_800366DC	auto	0	1	0	0	0	0
0x800366E0	4	fn_800366E0	auto	0	1	0	0	0	0
0x800366E4	4	fn_800366E4	auto	0	1	0	0	0	0
0x800366E8	4	fn_800366E8	auto	0	1	0	0	0	0
0x800366EC	4	fn_800366EC	auto	0	1	0	0	0	0
0x800366F0	4	fn_800366F0	auto	0	1	0	0	0	0
0x800366F4	4	fn_800366F4	auto	0	1	0	0	0	0
0x800366F8	4	fn_800366F8	auto	0	1	0	0	0	0
0x800366FC	4	fn_800366FC	auto	0	1	0	0	0	0
0x80036700	4	fn_80036700	auto	0	1	0	0	0	0
0x80036704	4	fn_80036704	auto	0	1	0	0	0	0
0x80036708	4	fn_80036708	auto	0	1	0	0	0	0
0x8003670C	4	fn_8003670C	auto	0	1	0	0	0	0
0x80036710	4	fn_80036710	auto	0	1	0	0	0	0
0x80036714	4	fn_80036714	auto	0	1	0	0	0	0
0x80036718	4	fn_80036718	auto	0	1	0	0	0	0
0x8003671C	4	fn_8003671C	auto	0	1	0	0	0	0
0x80036720	4	fn_80036720	auto	0	1	0	0	0	0
0x80036724	4	fn_80036724	auto	0	1	0	0	0	0
0x80036728	4	fn_80036728	auto	0	1	0	0	0	0
0x8003672C	4	fn_8003672C	auto	0	1	0	0	0	0
0x80036730	4	fn_80036730	auto	0	1	0	0	0	0
0x80036734	4	fn_80036734	auto	0	1	0	0	0	0
0x80036738	4	fn_80036738	auto	0	1	0	0	0	0
0x8003673C	4	fn_8003673C	auto	0	1	0	0	0	0
0x80036740	4	fn_80036740	auto	0	1	0	0	0	0
0x80036744	4	fn_80036744	auto	0	1	0	0	0	0
0x80036748	4	fn_80036748	auto	0	1	0	0	0	0
0x8003674C	4	fn_8003674C	auto	0	1	0	0	0	0
0x80036750	4	fn_80036750	auto	0	1	0	0	0	0
0x80036754	4	fn_80036754	auto	0	1	0	0	0	0
0x80036758	4	fn_80036758	auto	0	1	0	0	0	0
0x8003675C	4	fn_8003675C	auto	0	1	0	0	0	0
0x80036760	4	fn_80036760	auto	0	1	0	0	0	0
0x80036764	4	fn_80036764	auto	0	1	0	0	0	0
0x80036768	4	fn_80036768	auto	0	1	0	0	0	0
0x8003676C	4	fn_8003676C	auto	0	1	0	0	0	0
0x80036770	4	fn_80036770	auto	0	1	0	0	0	0
0x80036774	4	fn_80036774	auto	0	1	0	0	0	0
0x80036778	4	fn_80036778	auto	0	1	0	0	0	0
0x8003677C	4	fn_8003677C	auto	0	1	0	0	0	0
0x80036780	4	fn_80036780	auto	0	1	0	0	0	0
0x80036784	4	fn_80036784	auto	0	1	0	0	0	0
0x80036788	4	fn_80036788	auto	0	1	0	0	0	0
0x8003678C	4	fn_8003678C	auto	0	1	0	0	0	0
0x80036790	4	fn_80036790	auto	0	1	0	0	0	0
0x80036794	84	fn_80036794	auto	0	1	0	0	0	0
0x800367E8	152	fn_800367E8	auto	1	1	0	0	0	0
0x80036880	148	fn_80036880	auto	1	0	3	0	0	0
0x80036914	144	fn_80036914	auto	1	0	3	0	0	0
0x800369A4	148	fn_800369A4	auto	1	0	3	0	0	0
0x80036A38	172	fn_80036A38	auto	1	0	3	0	0	0
0x80036AE4	164	fn_80036AE4	auto	1	0	3	0	0	0
0x80036B88	148	fn_80036B88	auto	1	0	3	0	0	0
0x80036C1C	148	fn_80036C1C	auto	1	0	3	0	0	0
0x80036CB0	172	fn_80036CB0	auto	1	0	3	0	0	0
0x80036D5C	188	fn_80036D5C	auto	1	0	3	0	0	0
0x80036E18	172	fn_80036E18	auto	1	0	3	0	0	0
0x80036EC4	172	fn_80036EC4	auto	1	0	3	0	0	0
0x80036F70	172	fn_80036F70	auto	1	0	3	0	0	0
0x8003701C	172	fn_8003701C	auto	1	0	3	0	0	0
0x800370C8	164	fn_800370C8	auto	1	0	3	0	0	0
0x8003716C	228	fn_8003716C	auto	1	0	3	0	0	0
0x80037250	144	fn_80037250	auto	1	0	3	0	0	0
0x800372E0	4	fn_800372E0	auto	0	1	0	0	0	0
0x800372E4	4	fn_800372E4	auto	0	1	0	0	0	0
0x800372E8	4	fn_800372E8	auto	0	1	0	0	0	0
0x800372EC	4	fn_800372EC	auto	0	1	0	0	0	0
0x800372F0	4	fn_800372F0	auto	0	1	0	0	0	0
0x800372F4	4	fn_800372F4	auto	0	1	0	0	0	0
0x800372F8	4	fn_800372F8	auto	0	1	0	0	0	0
0x800372FC	4	fn_800372FC	auto	0	1	0	0	0	0
0x80037300	4	fn_80037300	auto	0	1	0	0	0	0
0x80037304	4	fn_80037304	auto	0	1	0	0	0	0
0x80037308	4	fn_80037308	auto	0	1	0	0	0	0
0x8003730C	4	fn_8003730C	auto	0	1	0	0	0	0
0x80037310	4	fn_80037310	auto	0	1	0	0	0	0
0x80037314	4	fn_80037314	auto	0	1	0	0	0	0
0x80037318	4	fn_80037318	auto	0	1	0	0	0	0
0x8003731C	4	fn_8003731C	auto	0	1	0	0	0	0
0x80037320	4	fn_80037320	auto	0	1	0	0	0	0
0x80037324	4	fn_80037324	auto	0	1	0	0	0	0
0x80037328	4	fn_80037328	auto	0	1	0	0	0	0
0x8003732C	1232	fn_8003732C	auto	1	0	1	0	1	0
0x800377FC	284	fn_800377FC	auto	1	0	1	0	1	0
0x80037918	472	fn_80037918	auto	1	0	7	0	0	0
0x80037AF0	964	fn_80037AF0	auto	1	0	11	0	1	0
0x80037EB4	292	fn_80037EB4	auto	1	0	3	0	0	0
0x80037FD8	68	fn_80037FD8	auto	0	1	0	0	0	0
0x8003801C	92	fn_8003801C	auto	1	0	1	0	0	0
0x80038078	200	fn_80038078	auto	1	0	4	0	0	0
0x80038140	200	fn_80038140	auto	1	0	4	0	0	0
0x80038208	200	fn_80038208	auto	1	0	4	0	0	0
0x800382D0	200	fn_800382D0	auto	1	0	4	0	0	0
0x80038398	200	fn_80038398	auto	1	0	4	0	0	0
0x80038460	212	fn_80038460	auto	1	0	4	0	0	0
0x80038534	288	fn_80038534	auto	1	0	5	0	0	0
0x80038654	288	fn_80038654	auto	1	0	5	0	0	0
0x80038774	212	fn_80038774	auto	1	0	4	0	0	0
0x80038848	212	fn_80038848	auto	1	0	4	0	0	0
0x8003891C	212	fn_8003891C	auto	1	0	4	0	0	0
0x800389F0	212	fn_800389F0	auto	1	0	4	0	0	0
0x80038AC4	212	fn_80038AC4	auto	1	0	4	0	0	0
0x80038B98	288	fn_80038B98	auto	1	0	5	0	0	0
0x80038CB8	212	fn_80038CB8	auto	1	0	4	0	0	0
0x80038D8C	288	fn_80038D8C	auto	1	0	5	0	0	0
0x80038EAC	212	fn_80038EAC	auto	1	0	4	0	0	0
0x80038F80	288	fn_80038F80	auto	1	0	5	0	0	0
0x800390A0	212	fn_800390A0	auto	1	0	4	0	0	0
0x80039174	268	fn_80039174	auto	1	0	5	0	0	0
0x80039280	300	fn_80039280	auto	1	0	5	0	0	0
0x800393AC	312	fn_800393AC	auto	1	0	5	0	0	0
0x800394E4	288	fn_800394E4	auto	1	0	5	0	0	0
0x80039604	212	fn_80039604	auto	1	0	4	0	0	0
0x800396D8	212	fn_800396D8	auto	1	0	4	0	0	0
0x800397AC	212	fn_800397AC	auto	1	0	4	0	0	0
0x80039880	212	fn_80039880	auto	1	0	4	0	0	0
0x80039954	212	fn_80039954	auto	1	0	4	0	0	0
0x80039A28	212	fn_80039A28	auto	1	0	4	0	0	0
0x80039AFC	316	fn_80039AFC	auto	1	0	6	0	0	0
0x80039C38	212	fn_80039C38	auto	1	0	4	0	0	0
0x80039D0C	212	fn_80039D0C	auto	1	0	4	0	0	0
0x80039DE0	212	fn_80039DE0	auto	1	0	4	0	0	0
0x80039EB4	212	fn_80039EB4	auto	1	0	4	0	0	0
0x80039F88	232	fn_80039F88	auto	1	0	4	0	0	0
0x8003A070	288	fn_8003A070	auto	1	0	5	0	0	0
0x8003A190	212	fn_8003A190	auto	1	0	4	0	0	0
0x8003A264	268	fn_8003A264	auto	1	0	5	0	0	0
0x8003A370	1004	fn_8003A370	auto	1	0	6	0	0	0
0x8003A75C	212	fn_8003A75C	auto	1	0	4	0	0	0
0x8003A830	212	fn_8003A830	auto	1	0	4	0	0	0
0x8003A904	212	fn_8003A904	auto	1	0	4	0	0	0
0x8003A9D8	212	fn_8003A9D8	auto	1	0	4	0	0	0
0x8003AAAC	288	fn_8003AAAC	auto	1	0	5	0	0	0
0x8003ABCC	328	fn_8003ABCC	auto	1	0	5	0	0	0
0x8003AD14	320	fn_8003AD14	auto	1	0	5	0	0	0
0x8003AE54	296	fn_8003AE54	auto	1	0	5	0	0	0
0x8003AF7C	288	fn_8003AF7C	auto	1	0	5	0	0	0
0x8003B09C	316	fn_8003B09C	auto	1	0	6	0	0	0
0x8003B1D8	264	fn_8003B1D8	auto	1	0	4	0	0	0
0x8003B2E0	388	fn_8003B2E0	auto	1	0	5	0	0	0
0x8003B464	288	fn_8003B464	auto	1	0	5	0	0	0
0x8003B584	388	fn_8003B584	auto	1	0	5	0	0	0
0x8003B708	380	fn_8003B708	auto	1	0	5	0	0	0
0x8003B884	388	fn_8003B884	auto	1	0	5	0	0	0
0x8003BA08	328	fn_8003BA08	auto	1	0	5	0	0	0
0x8003BB50	264	fn_8003BB50	auto	1	0	4	0	0	0
0x8003BC58	288	fn_8003BC58	auto	1	0	5	0	0	0
0x8003BD78	288	fn_8003BD78	auto	1	0	5	0	0	0
0x8003BE98	212	fn_8003BE98	auto	1	0	4	0	0	0
0x8003BF6C	8	fn_8003BF6C	auto	0	1	0	0	0	0
0x8003BF74	288	fn_8003BF74	auto	1	0	5	0	0	0
0x8003C094	348	fn_8003C094	auto	1	0	5	0	0	0
0x8003C1F0	232	fn_8003C1F0	auto	1	0	4	0	0	0
0x8003C2D8	296	fn_8003C2D8	auto	1	0	5	0	0	0
0x8003C400	336	fn_8003C400	auto	1	0	5	0	0	0
0x8003C550	320	fn_8003C550	auto	1	0	5	0	0	0
0x8003C690	212	fn_8003C690	auto	1	0	4	0	0	0
0x8003C764	212	fn_8003C764	auto	1	0	4	0	0	0
0x8003C838	212	fn_8003C838	auto	1	0	4	0	0	0
0x8003C90C	212	fn_8003C90C	auto	1	0	4	0	0	0
0x8003C9E0	320	fn_8003C9E0	auto	1	0	4	0	0	0
0x8003CB20	272	fn_8003CB20	auto	1	0	4	0	0	0
0x8003CC30	212	fn_8003CC30	auto	1	0	4	0	0	0
0x8003CD04	212	fn_8003CD04	auto	1	0	4	0	0	0
0x8003CDD8	212	fn_8003CDD8	auto	1	0	4	0	0	0
0x8003CEAC	404	fn_8003CEAC	auto	1	0	5	0	0	0
0x8003D040	268	fn_8003D040	auto	1	0	4	0	0	0
0x8003D14C	408	fn_8003D14C	auto	1	0	7	0	0	0
0x8003D2E4	572	fn_8003D2E4	auto	1	0	9	0	0	0
0x8003D520	288	fn_8003D520	auto	1	0	5	0	0	0
0x8003D640	320	fn_8003D640	auto	1	0	5	0	0	0
0x8003D780	212	fn_8003D780	auto	1	0	4	0	0	0
0x8003D854	212	fn_8003D854	auto	1	0	4	0	0	0
0x8003D928	212	fn_8003D928	auto	1	0	4	0	0	0
0x8003D9FC	212	fn_8003D9FC	auto	1	0	4	0	0	0
0x8003DAD0	100	fn_8003DAD0	auto	1	0	2	0	0	0
0x8003DB34	120	fn_8003DB34	auto	1	0	2	0	0	0
0x8003DBAC	328	fn_8003DBAC	auto	1	0	1	0	0	0
0x8003DCF4	408	fn_8003DCF4	auto	0	1	0	0	0	0
0x8003DE8C	84	fn_8003DE8C	auto	0	1	0	0	0	0
0x8003DEE0	256	fn_8003DEE0	auto	1	0	5	0	0	0
0x8003DFE0	164	fn_8003DFE0	auto	1	0	1	0	0	0
0x8003E084	112	fn_8003E084	auto	1	0	3	0	0	0
0x8003E0F4	200	fn_8003E0F4	auto	1	0	3	0	0	0
0x8003E1BC	248	fn_8003E1BC	auto	1	0	4	0	0	0
0x8003E2B4	432	fn_8003E2B4	auto	1	0	6	0	0	0
0x8003E464	104	fn_8003E464	auto	1	0	3	0	0	0
0x8003E4CC	344	fn_8003E4CC	auto	1	0	1	0	1	0
0x8003E624	384	fn_8003E624	auto	1	0	3	0	1	0
0x8003E7A4	888	fn_8003E7A4	auto	1	1	0	0	1	0
0x8003EB1C	196	fn_8003EB1C	auto	1	0	1	0	0	0
0x8003EBE0	276	fn_8003EBE0	auto	1	0	4	0	0	0
0x8003ECF4	1332	fn_8003ECF4	auto	1	0	12	0	2	0
0x8003F228	152	fn_8003F228	auto	1	0	1	0	0	0
0x8003F2C0	152	fn_8003F2C0	auto	1	0	1	0	0	0
0x8003F358	152	fn_8003F358	auto	1	0	1	0	0	0
0x8003F3F0	148	fn_8003F3F0	auto	1	0	1	0	1	0
0x8003F484	308	fn_8003F484	auto	1	0	2	0	1	0
0x8003F5B8	728	fn_8003F5B8	auto	1	0	3	0	1	0
0x8003F890	416	fn_8003F890	auto	1	0	4	0	0	0
0x8003FA30	64	fn_8003FA30	auto	1	0	2	0	0	0
0x8003FA70	256	fn_8003FA70	auto	1	0	1	0	0	0
0x8003FB70	168	fn_8003FB70	auto	1	0	3	0	0	0
0x8003FC18	296	fn_8003FC18	auto	1	0	4	0	0	0
0x8003FD40	276	fn_8003FD40	auto	1	0	4	0	0	0
0x8003FE54	296	fn_8003FE54	auto	1	0	1	0	0	0
0x8003FF7C	24	fn_8003FF7C	auto	0	1	0	0	0	0
0x8003FF94	124	fn_8003FF94	auto	1	0	4	0	0	0
0x80040010	52	fn_80040010	auto	0	1	0	0	0	0
0x80040044	148	fn_80040044	auto	0	1	0	0	0	0
0x800400D8	120	fn_800400D8	auto	1	0	2	0	0	0
0x80040150	428	fn_80040150	auto	1	0	6	0	0	0
0x800402FC	80	fn_800402FC	auto	1	0	2	0	0	0
0x8004034C	96	fn_8004034C	auto	1	0	2	0	0	0
0x800403AC	348	fn_800403AC	auto	1	1	0	0	0	0
0x80040508	228	fn_80040508	auto	1	0	2	0	0	0
0x800405EC	1204	fn_800405EC	auto	1	0	16	0	0	0
0x80040AA0	804	fn_80040AA0	auto	1	0	13	0	0	0
0x80040DC4	1140	fn_80040DC4	auto	1	0	9	0	0	0
0x80041238	1068	fn_80041238	auto	1	0	14	0	0	0
0x80041664	2048	fn_80041664	auto	1	0	25	0	0	0
0x80041E64	1132	fn_80041E64	auto	1	0	5	0	0	0
0x800422D0	1356	fn_800422D0	auto	1	0	12	0	0	0
0x8004281C	756	fn_8004281C	auto	1	0	4	0	0	0
0x80042B10	2124	fn_80042B10	auto	1	0	13	0	0	0
0x8004335C	980	fn_8004335C	auto	1	0	11	0	0	0
0x80043730	1268	fn_80043730	auto	1	0	18	0	0	0
0x80043C24	1364	fn_80043C24	auto	1	0	16	0	0	0
0x80044178	1116	fn_80044178	auto	1	0	14	0	0	0
0x800445D4	1360	fn_800445D4	auto	1	0	15	0	0	0
0x80044B24	2428	fn_80044B24	auto	1	0	27	0	0	0
0x800454A0	2104	fn_800454A0	auto	1	0	24	0	0	0
0x80045CD8	2604	fn_80045CD8	auto	1	0	24	0	0	0
0x80046704	1196	fn_80046704	auto	1	0	12	0	0	0
0x80046BB0	564	fn_80046BB0	auto	1	1	0	0	1	0
0x80046DE4	780	fn_80046DE4	auto	1	0	16	0	0	0
0x800470F0	292	fn_800470F0	auto	1	0	2	0	0	0
0x80047214	200	fn_80047214	auto	1	0	2	0	0	0
0x800472DC	624	fn_800472DC	auto	1	0	4	0	0	0
0x8004754C	1308	fn_8004754C	auto	1	0	8	0	0	0
0x80047A68	648	fn_80047A68	auto	1	0	10	0	0	0
0x80047CF0	492	fn_80047CF0	auto	1	0	4	0	0	0
0x80047EDC	192	fn_80047EDC	auto	1	0	2	0	0	0
0x80047F9C	164	fn_80047F9C	auto	1	0	1	0	0	0
0x80048040	436	fn_80048040	auto	1	0	3	0	0	0
0x800481F4	236	fn_800481F4	auto	1	0	9	0	0	0
0x800482E0	268	fn_800482E0	auto	1	0	12	0	0	0
0x800483EC	388	fn_800483EC	auto	1	0	3	0	0	0
0x80048570	228	fn_80048570	auto	0	1	0	0	0	0
0x80048654	1204	fn_80048654	auto	1	0	6	0	0	0
0x80048B08	312	fn_80048B08	auto	1	0	1	0	0	0
0x80048C40	432	fn_80048C40	auto	1	0	8	0	0	0
0x80048DF0	104	fn_80048DF0	auto	1	0	3	0	0	0
0x80048E58	728	fn_80048E58	auto	1	0	7	0	0	0
0x80049130	400	fn_80049130	auto	1	0	7	0	0	0
0x800492C0	420	fn_800492C0	auto	1	0	6	0	0	0
0x80049464	1164	fn_80049464	auto	1	0	12	0	0	0
0x800498F0	1232	fn_800498F0	auto	1	0	13	0	0	0
0x80049DC0	616	fn_80049DC0	auto	1	0	4	0	0	0
0x8004A028	568	fn_8004A028	auto	1	0	8	0	0	0
0x8004A260	428	fn_8004A260	auto	1	0	5	0	0	0
0x8004A40C	2348	fn_8004A40C	auto	1	0	27	0	0	0
0x8004AD38	672	fn_8004AD38	auto	1	0	2	0	0	0
0x8004AFD8	1152	fn_8004AFD8	auto	1	0	9	0	0	0
0x8004B458	876	fn_8004B458	auto	1	0	17	0	0	0
0x8004B7C4	2068	fn_8004B7C4	auto	1	0	18	0	0	0
0x8004BFD8	152	fn_8004BFD8	auto	1	0	2	0	0	0
0x8004C070	372	fn_8004C070	auto	1	0	1	0	0	0
0x8004C1E4	3376	fn_8004C1E4	auto	1	0	17	0	0	0
0x8004CF14	1124	fn_8004CF14	auto	1	0	14	0	0	0
0x8004D378	1200	fn_8004D378	auto	1	0	11	0	0	0
0x8004D828	872	fn_8004D828	auto	1	0	3	0	0	0
0x8004DB90	452	fn_8004DB90	auto	1	0	6	0	0	0
0x8004DD54	244	fn_8004DD54	auto	1	0	2	0	0	0
0x8004DE48	1580	fn_8004DE48	auto	1	0	19	0	0	0
0x8004E474	892	fn_8004E474	auto	1	0	6	0	0	0
0x8004E7F0	1792	fn_8004E7F0	auto	1	0	18	0	3	0
0x8004EEF0	1908	fn_8004EEF0	auto	1	0	12	0	0	0
0x8004F664	488	fn_8004F664	auto	1	1	0	0	0	0
0x8004F84C	28	fn_8004F84C	auto	0	1	0	0	0	0
0x8004F868	1828	fn_8004F868	auto	1	0	13	0	0	0
0x8004FF8C	1828	fn_8004FF8C	auto	1	0	9	0	1	0
0x800506B0	1240	fn_800506B0	auto	1	0	5	0	0	0
0x80050B88	552	fn_80050B88	auto	1	0	1	0	0	0
0x80050DB0	1132	fn_80050DB0	auto	1	0	9	0	0	0
0x8005121C	72	fn_8005121C	auto	0	1	0	0	0	0
0x80051264	1256	fn_80051264	auto	1	0	24	0	1	0
0x8005174C	680	fn_8005174C	auto	1	0	6	0	0	0
0x800519F4	1236	fn_800519F4	auto	1	0	8	0	1	0
0x80051EC8	216	fn_80051EC8	auto	1	0	2	0	0	0
0x80051FA0	184	fn_80051FA0	auto	1	0	3	0	0	0
0x80052058	364	fn_80052058	auto	1	0	6	0	0	0
0x800521C4	984	fn_800521C4	auto	1	0	15	0	0	0
0x8005259C	1416	fn_8005259C	auto	1	0	16	0	0	0
0x80052B24	936	fn_80052B24	auto	1	0	18	0	0	0
0x80052ECC	1508	fn_80052ECC	auto	1	0	18	0	0	0
0x800534B0	1204	fn_800534B0	auto	1	0	13	0	1	0
0x80053964	740	fn_80053964	auto	1	0	10	0	0	0
0x80053C48	752	fn_80053C48	auto	1	0	9	0	0	0
0x80053F38	420	fn_80053F38	auto	1	0	4	0	1	0
0x800540DC	260	fn_800540DC	auto	1	0	5	0	0	0
0x800541E0	740	fn_800541E0	auto	1	0	5	0	0	0
0x800544C4	1712	fn_800544C4	auto	1	0	20	0	0	0
0x80054B74	612	fn_80054B74	auto	1	0	4	0	0	0
0x80054DD8	640	fn_80054DD8	auto	1	0	4	0	0	0
0x80055058	772	fn_80055058	auto	1	0	5	0	0	0
0x8005535C	88	fn_8005535C	auto	1	0	2	0	0	0
0x800553B4	72	fn_800553B4	auto	1	0	1	0	0	0
0x800553FC	348	fn_800553FC	auto	1	0	3	0	0	0
0x80055558	1248	fn_80055558	auto	1	0	4	0	0	0
0x80055A38	1116	fn_80055A38	auto	1	0	10	0	0	0
0x80055E94	36	fn_80055E94	auto	0	1	0	0	0	0
0x80055EB8	84	fn_80055EB8	auto	1	0	1	0	0	0
0x80055F0C	1700	fn_80055F0C	auto	1	0	24	0	0	0
0x800565B0	1468	fn_800565B0	auto	1	0	18	0	0	0
0x80056B6C	964	fn_80056B6C	auto	1	0	7	0	0	0
0x80056F30	116	fn_80056F30	auto	1	1	0	0	0	0
0x80056FA4	32	fn_80056FA4	auto	0	1	0	0	0	0
0x80056FC4	116	fn_80056FC4	auto	1	1	0	0	0	0
0x80057038	1656	fn_80057038	auto	1	0	16	0	0	0
0x800576B0	1312	fn_800576B0	auto	1	0	9	0	0	0
0x80057BD0	556	fn_80057BD0	auto	1	0	7	0	0	0
0x80057DFC	956	fn_80057DFC	auto	1	0	7	0	0	0
0x800581B8	540	fn_800581B8	auto	1	0	5	0	0	0
0x800583D4	800	fn_800583D4	auto	1	0	7	0	0	0
0x800586F4	1836	fn_800586F4	auto	1	0	20	0	0	0
0x80058E20	1420	fn_80058E20	auto	1	0	11	0	0	0
0x800593AC	288	fn_800593AC	auto	1	0	6	0	0	0
0x800594CC	700	fn_800594CC	auto	1	0	11	0	0	0
0x80059788	1508	fn_80059788	auto	1	0	19	0	0	0
0x80059D6C	2344	fn_80059D6C	auto	1	0	22	0	0	0
0x8005A694	292	fn_8005A694	auto	1	0	4	0	0	0
0x8005A7B8	1308	fn_8005A7B8	auto	1	0	15	0	0	0
0x8005ACD4	960	fn_8005ACD4	auto	1	0	15	0	0	0
0x8005B094	564	fn_8005B094	auto	1	0	2	0	0	0
0x8005B2C8	896	fn_8005B2C8	auto	1	0	11	0	0	0
0x8005B648	1112	fn_8005B648	auto	1	0	6	0	0	0
0x8005BAA0	292	fn_8005BAA0	auto	1	0	3	0	0	0
0x8005BBC4	876	fn_8005BBC4	auto	1	0	15	0	0	0
0x8005BF30	600	fn_8005BF30	auto	1	0	5	0	0	0
0x8005C188	416	fn_8005C188	auto	1	0	3	0	0	0
0x8005C328	344	fn_8005C328	auto	1	0	2	0	0	0
0x8005C480	700	fn_8005C480	auto	1	0	6	0	0	0
0x8005C73C	952	fn_8005C73C	auto	1	0	8	0	0	0
0x8005CAF4	176	fn_8005CAF4	auto	1	0	6	0	0	0
0x8005CBA4	268	fn_8005CBA4	auto	1	0	1	0	0	0
0x8005CCB0	320	fn_8005CCB0	auto	1	0	4	0	0	0
0x8005CDF0	792	fn_8005CDF0	auto	1	0	11	0	0	0
0x8005D108	884	fn_8005D108	auto	1	0	8	0	0	0
0x8005D47C	408	fn_8005D47C	auto	1	0	6	0	0	0
0x8005D614	740	fn_8005D614	auto	1	0	4	0	0	0
0x8005D8F8	548	fn_8005D8F8	auto	1	0	21	0	0	0
0x8005DB1C	924	fn_8005DB1C	auto	1	0	5	0	0	0
0x8005DEB8	1396	fn_8005DEB8	auto	1	0	6	0	0	0
0x8005E42C	1448	fn_8005E42C	auto	1	0	10	0	0	0
0x8005E9D4	3180	fn_8005E9D4	auto	1	0	26	0	0	0
0x8005F640	664	fn_8005F640	auto	1	0	6	0	0	0
0x8005F8D8	2280	fn_8005F8D8	auto	1	0	10	0	0	0
0x800601C0	1180	fn_800601C0	auto	1	0	9	0	0	0
0x8006065C	620	fn_8006065C	auto	1	0	6	0	0	0
0x800608C8	136	fn_800608C8	auto	1	0	1	0	0	0
0x80060950	44	fn_80060950	auto	1	0	1	0	0	0
0x8006097C	216	fn_8006097C	auto	0	1	0	0	0	0
0x80060A54	96	fn_80060A54	auto	1	0	1	0	0	0
0x80060AB4	108	fn_80060AB4	auto	1	0	1	0	0	0
0x80060B20	120	fn_80060B20	auto	1	0	2	0	0	0
0x80060B98	612	fn_80060B98	auto	1	1	0	0	0	0
0x80060DFC	368	fn_80060DFC	auto	1	0	10	0	0	0
0x80060F6C	168	fn_80060F6C	auto	0	1	0	0	0	0
0x80061014	52	fn_80061014	auto	0	1	0	0	0	0
0x80061048	56	fn_80061048	auto	0	1	0	0	0	0
0x80061080	148	fn_80061080	auto	0	1	0	0	0	0
0x80061114	88	fn_80061114	auto	0	1	0	0	0	0
0x8006116C	84	fn_8006116C	auto	1	1	0	0	0	0
0x800611C0	384	fn_800611C0	auto	1	0	1	0	0	0
0x80061340	272	fn_80061340	auto	1	1	0	0	0	0
0x80061450	172	fn_80061450	auto	0	1	0	0	0	0
0x800614FC	28	fn_800614FC	auto	0	1	0	0	0	0
0x80061518	156	fn_80061518	auto	1	0	7	0	0	0
0x800615B4	160	fn_800615B4	auto	1	0	7	0	0	0
0x80061654	340	fn_80061654	auto	1	0	9	0	0	0
0x800617A8	340	fn_800617A8	auto	1	0	9	0	0	0
0x800618FC	448	fn_800618FC	auto	1	0	11	0	0	0
0x80061ABC	452	fn_80061ABC	auto	1	0	12	0	0	0
0x80061C80	436	fn_80061C80	auto	1	0	9	0	0	0
0x80061E34	264	fn_80061E34	auto	1	0	8	0	0	0
0x80061F3C	28	fn_80061F3C	auto	0	1	0	0	0	0
0x80061F58	116	fn_80061F58	auto	1	0	2	0	0	0
0x80061FCC	704	fn_80061FCC	auto	1	0	1	0	0	0
0x8006228C	140	fn_8006228C	auto	0	1	0	0	0	0
0x80062318	300	fn_80062318	auto	1	1	0	0	0	0
0x80062444	184	fn_80062444	auto	1	0	1	0	0	0
0x800624FC	376	fn_800624FC	auto	1	0	1	0	0	0
0x80062674	2080	fn_80062674	auto	1	0	2	0	3	0
0x80062E94	220	fn_80062E94	auto	1	1	0	0	0	0
0x80062F70	576	fn_80062F70	auto	1	1	0	0	0	0
0x800631B0	6424	fn_800631B0	auto	1	0	21	0	3	0
0x80064AC8	312	fn_80064AC8	auto	0	1	0	0	0	0
0x80064C00	164	fn_80064C00	auto	0	1	0	0	0	0
0x80064CA4	404	fn_80064CA4	auto	0	1	0	0	0	0
0x80064E38	424	fn_80064E38	auto	0	1	0	0	0	0
0x80064FE0	496	fn_80064FE0	auto	1	0	1	0	0	0
0x800651D0	704	fn_800651D0	auto	0	1	0	0	0	0
0x80065490	8	fn_80065490	auto	0	1	0	0	0	0
0x80065498	368	fn_80065498	auto	1	1	0	0	0	0
0x80065608	160	fn_80065608	auto	0	1	0	0	0	0
0x800656A8	248	fn_800656A8	auto	1	0	1	0	0	0
0x800657A0	784	fn_800657A0	auto	1	1	0	0	0	0
0x80065AB0	1132	fn_80065AB0	auto	1	0	26	0	0	0
0x80065F1C	268	fn_80065F1C	auto	1	0	3	0	1	0
0x80066028	660	fn_80066028	auto	1	0	12	0	0	0
0x800662BC	3624	fn_800662BC	auto	1	0	21	0	3	0
0x800670E4	312	fn_800670E4	auto	0	1	0	0	0	0
0x8006721C	1552	fn_8006721C	auto	1	0	8	0	1	0
0x8006782C	1144	fn_8006782C	auto	1	0	15	0	0	0
0x80067CA4	344	fn_80067CA4	auto	1	0	3	0	0	0
0x80067DFC	144	fn_80067DFC	auto	1	0	5	0	0	0
0x80067E8C	400	fn_80067E8C	auto	1	0	13	0	0	0
0x8006801C	268	fn_8006801C	auto	1	0	7	0	0	0
0x80068128	104	fn_80068128	auto	1	0	3	0	0	0
0x80068190	440	fn_80068190	auto	1	0	2	0	0	0
0x80068348	144	fn_80068348	auto	1	0	2	0	0	0
0x800683D8	616	fn_800683D8	auto	1	0	2	0	0	0
0x80068640	312	fn_80068640	auto	0	1	0	0	0	0
0x80068778	152	fn_80068778	auto	0	1	0	0	0	0
0x80068810	180	fn_80068810	auto	0	1	0	0	0	0
0x800688C4	36	fn_800688C4	auto	0	1	0	0	0	0
0x800688E8	92	fn_800688E8	auto	0	1	0	0	0	0
0x80068944	80	fn_80068944	auto	0	1	0	0	0	0
0x80068994	196	fn_80068994	auto	1	0	2	0	0	0
0x80068A58	196	fn_80068A58	auto	1	0	2	0	0	0
0x80068B1C	196	fn_80068B1C	auto	1	0	2	0	0	0
0x80068BE0	216	fn_80068BE0	auto	1	0	2	0	0	0
0x80068CB8	196	fn_80068CB8	auto	1	0	2	0	0	0
0x80068D7C	164	fn_80068D7C	auto	1	0	2	0	0	0
0x80068E20	328	fn_80068E20	auto	1	0	3	0	0	0
0x80068F68	160	fn_80068F68	auto	0	1	0	0	0	0
0x80069008	104	fn_80069008	auto	1	0	1	0	0	0
0x80069070	108	fn_80069070	auto	1	0	1	0	0	0
0x800690DC	116	fn_800690DC	auto	0	1	0	0	0	0
0x80069150	136	fn_80069150	auto	0	1	0	0	0	0
0x800691D8	84	fn_800691D8	auto	0	1	0	0	0	0
0x8006922C	172	fn_8006922C	auto	0	1	0	0	0	0
0x800692D8	712	fn_800692D8	auto	1	0	5	0	0	0
0x800695A0	228	fn_800695A0	auto	1	0	3	0	0	0
0x80069684	36	fn_80069684	auto	1	0	1	0	0	0
0x800696A8	1084	fn_800696A8	auto	1	0	1	0	1	0
0x80069AE4	116	fn_80069AE4	auto	0	1	0	0	0	0
0x80069B58	204	fn_80069B58	auto	1	0	1	0	0	0
0x80069C24	180	fn_80069C24	auto	1	0	1	0	0	0
0x80069CD8	92	fn_80069CD8	auto	0	1	0	0	0	0
0x80069D34	108	fn_80069D34	auto	0	1	0	0	0	0
0x80069DA0	172	fn_80069DA0	auto	0	1	0	0	0	0
0x80069E4C	424	fn_80069E4C	auto	0	1	0	0	0	0
0x80069FF4	132	fn_80069FF4	auto	1	0	1	0	0	0
0x8006A078	156	fn_8006A078	auto	0	1	0	0	0	0
0x8006A114	224	fn_8006A114	auto	1	0	1	0	0	0
0x8006A1F4	212	fn_8006A1F4	auto	1	0	1	0	0	0
0x8006A2C8	192	fn_8006A2C8	auto	1	0	1	0	0	0
0x8006A388	92	fn_8006A388	auto	0	1	0	0	0	0
0x8006A3E4	808	fn_8006A3E4	auto	1	0	1	0	0	0
0x8006A70C	104	fn_8006A70C	auto	1	0	1	0	0	0
0x8006A774	104	fn_8006A774	auto	1	0	1	0	0	0
0x8006A7DC	204	fn_8006A7DC	auto	1	0	1	0	0	0
0x8006A8A8	204	fn_8006A8A8	auto	1	0	1	0	0	0
0x8006A974	204	fn_8006A974	auto	1	0	1	0	0	0
0x8006AA40	196	fn_8006AA40	auto	1	0	2	0	0	0
0x8006AB04	104	fn_8006AB04	auto	1	0	1	0	0	0
0x8006AB6C	148	fn_8006AB6C	auto	1	0	1	0	0	0
0x8006AC00	104	fn_8006AC00	auto	1	0	1	0	0	0
0x8006AC68	220	fn_8006AC68	auto	1	0	2	0	0	0
0x8006AD44	104	fn_8006AD44	auto	1	0	1	0	0	0
0x8006ADAC	116	fn_8006ADAC	auto	0	1	0	0	0	0
0x8006AE20	432	fn_8006AE20	auto	1	0	1	0	0	0
0x8006AFD0	1012	fn_8006AFD0	auto	1	0	3	0	0	0
0x8006B3C4	36	fn_8006B3C4	auto	0	1	0	0	0	0
0x8006B3E8	4	fn_8006B3E8	auto	0	1	0	0	0	0
0x8006B3EC	116	fn_8006B3EC	auto	1	0	6	0	0	0
0x8006B460	4	fn_8006B460	auto	0	1	0	0	0	0
0x8006B464	4	fn_8006B464	auto	0	1	0	0	0	0
0x8006B468	4	fn_8006B468	auto	0	1	0	0	0	0
0x8006B46C	332	fn_8006B46C	auto	1	0	2	0	0	0
0x8006B5B8	184	fn_8006B5B8	auto	1	0	2	0	0	0
0x8006B670	52	fn_8006B670	auto	0	1	0	0	0	0
0x8006B6A4	36	fn_8006B6A4	auto	0	1	0	0	0	0
0x8006B6C8	44	fn_8006B6C8	auto	0	1	0	0	0	0
0x8006B6F4	40	fn_8006B6F4	auto	0	1	0	0	0	0
0x8006B71C	88	fn_8006B71C	auto	1	0	5	0	0	0
0x8006B774	308	fn_8006B774	auto	1	0	1	0	0	0
0x8006B8A8	1244	fn_8006B8A8	auto	1	0	12	0	0	0
0x8006BD84	48	fn_8006BD84	auto	0	1	0	0	0	0
0x8006BDB4	328	fn_8006BDB4	auto	1	0	4	0	0	0
0x8006BEFC	552	fn_8006BEFC	auto	1	0	11	0	1	0
0x8006C124	1152	fn_8006C124	auto	1	0	15	0	1	0
0x8006C5A4	16	fn_8006C5A4	auto	0	1	0	0	0	0
0x8006C5B4	348	fn_8006C5B4	auto	1	0	6	0	0	0
0x8006C710	336	fn_8006C710	auto	1	0	7	0	0	0
0x8006C860	100	fn_8006C860	auto	1	0	3	0	0	0
0x8006C8C4	24	fn_8006C8C4	auto	0	1	0	0	0	0
0x8006C8DC	208	fn_8006C8DC	auto	1	0	2	0	0	0
0x8006C9AC	56	fn_8006C9AC	auto	1	0	1	0	0	0
0x8006C9E4	1288	fn_8006C9E4	auto	1	0	1	0	0	0
0x8006CEEC	60	fn_8006CEEC	auto	0	1	0	0	0	0
0x8006CF28	44	fn_8006CF28	auto	0	1	0	0	0	0
0x8006CF54	216	fn_8006CF54	auto	1	0	2	0	0	0
0x8006D02C	84	fn_8006D02C	auto	1	0	1	0	0	0
0x8006D080	324	fn_8006D080	auto	1	0	4	0	0	0
0x8006D1C4	256	fn_8006D1C4	auto	1	0	2	0	0	0
0x8006D2C4	68	fn_8006D2C4	auto	0	1	0	0	0	0
0x8006D308	540	fn_8006D308	auto	1	0	4	0	0	0
0x8006D524	680	fn_8006D524	auto	1	0	5	0	0	0
0x8006D7CC	188	fn_8006D7CC	auto	1	0	1	0	0	0
0x8006D888	84	fn_8006D888	auto	0	1	0	0	0	0
0x8006D8DC	120	fn_8006D8DC	auto	1	0	1	0	0	0
0x8006D954	176	fn_8006D954	auto	1	0	2	0	0	0
0x8006DA04	244	fn_8006DA04	auto	0	1	0	0	0	0
0x8006DAF8	156	fn_8006DAF8	auto	1	0	1	0	0	0
0x8006DB94	72	fn_8006DB94	auto	0	1	0	0	0	0
0x8006DBDC	144	fn_8006DBDC	auto	1	0	2	0	0	0
0x8006DC6C	144	fn_8006DC6C	auto	1	0	2	0	0	0
0x8006DCFC	192	fn_8006DCFC	auto	1	0	2	0	0	0
0x8006DDBC	592	fn_8006DDBC	auto	1	0	8	0	0	0
0x8006E00C	568	fn_8006E00C	auto	1	0	9	0	0	0
0x8006E244	648	fn_8006E244	auto	1	0	9	0	0	0
0x8006E4CC	240	fn_8006E4CC	auto	1	0	2	0	0	0
0x8006E5BC	132	fn_8006E5BC	auto	0	1	0	0	0	0
0x8006E640	164	fn_8006E640	auto	1	0	1	0	0	0
0x8006E6E4	120	fn_8006E6E4	auto	1	0	1	0	0	0
0x8006E75C	180	fn_8006E75C	auto	1	0	2	0	0	0
0x8006E810	136	fn_8006E810	auto	1	0	2	0	0	0
0x8006E898	140	fn_8006E898	auto	1	0	1	0	0	0
0x8006E924	332	fn_8006E924	auto	1	0	7	0	0	0
0x8006EA70	32	fn_8006EA70	auto	1	0	1	0	0	0
0x8006EA90	36	fn_8006EA90	auto	1	0	1	0	0	0
0x8006EAB4	80	fn_8006EAB4	auto	0	1	0	0	0	0
0x8006EB04	132	fn_8006EB04	auto	1	0	3	0	0	0
0x8006EB88	536	fn_8006EB88	auto	1	0	9	0	0	0
0x8006EDA0	180	fn_8006EDA0	auto	1	0	1	0	0	0
0x8006EE54	244	fn_8006EE54	auto	1	0	1	0	1	0
0x8006EF48	216	fn_8006EF48	auto	1	0	1	0	0	0
0x8006F020	1028	fn_8006F020	auto	1	0	4	0	0	0
0x8006F424	140	fn_8006F424	auto	1	0	1	0	0	0
0x8006F4B0	2236	fn_8006F4B0	auto	1	0	12	0	0	0
0x8006FD6C	1952	fn_8006FD6C	auto	1	0	11	0	0	0
0x8007050C	828	fn_8007050C	auto	1	0	6	0	0	0
0x80070848	120	fn_80070848	auto	1	0	1	0	0	0
0x800708C0	856	fn_800708C0	auto	1	0	3	0	0	0
0x80070C18	2520	fn_80070C18	auto	1	0	7	0	1	0
0x800715F0	556	fn_800715F0	auto	1	0	3	0	0	0
0x8007181C	372	fn_8007181C	auto	1	0	1	0	0	0
0x80071990	232	fn_80071990	auto	1	0	4	0	0	0
0x80071A78	288	fn_80071A78	auto	1	0	1	0	0	0
0x80071B98	52	fn_80071B98	auto	0	1	0	0	0	0
0x80071BCC	104	fn_80071BCC	auto	1	0	2	0	0	0
0x80071C34	64	fn_80071C34	auto	1	0	1	0	0	0
0x80071C74	72	fn_80071C74	auto	1	0	1	0	0	0
0x80071CBC	52	fn_80071CBC	auto	0	1	0	0	0	0
0x80071CF0	28	fn_80071CF0	auto	0	1	0	0	0	0
0x80071D0C	336	fn_80071D0C	auto	1	0	9	0	0	0
0x80071E5C	64	fn_80071E5C	auto	1	0	1	0	0	0
0x80071E9C	80	fn_80071E9C	auto	1	0	1	0	0	0
0x80071EEC	152	fn_80071EEC	auto	1	0	1	0	0	0
0x80071F84	152	fn_80071F84	auto	1	0	1	0	0	0
0x8007201C	276	fn_8007201C	auto	1	0	2	0	0	0
0x80072130	96	fn_80072130	auto	1	0	1	0	0	0
0x80072190	392	fn_80072190	auto	1	0	2	0	0	0
0x80072318	1112	fn_80072318	auto	1	0	1	0	0	0
0x80072770	972	fn_80072770	auto	1	0	6	0	0	0
0x80072B3C	664	fn_80072B3C	auto	1	0	5	0	0	0
0x80072DD4	184	fn_80072DD4	auto	1	0	3	0	0	0
0x80072E8C	132	fn_80072E8C	auto	1	0	1	0	0	0
0x80072F10	276	fn_80072F10	auto	1	0	3	0	0	0
0x80073024	320	fn_80073024	auto	1	0	3	0	0	0
0x80073164	2532	fn_80073164	auto	1	0	26	0	1	0
0x80073B48	252	fn_80073B48	auto	1	0	1	0	0	0
0x80073C44	200	fn_80073C44	auto	1	0	2	0	0	0
0x80073D0C	4	fn_80073D0C	auto	0	1	0	0	0	0
0x80073D10	4	fn_80073D10	auto	0	1	0	0	0	0
0x80073D14	4	fn_80073D14	auto	0	1	0	0	0	0
0x80073D18	36	fn_80073D18	auto	0	1	0	0	0	0
0x80073D3C	148	fn_80073D3C	auto	1	0	3	0	0	0
0x80073DD0	324	fn_80073DD0	auto	1	0	1	0	0	0
0x80073F14	164	fn_80073F14	auto	1	0	1	0	0	0
0x80073FB8	280	fn_80073FB8	auto	0	1	0	0	0	0
0x800740D0	708	fn_800740D0	auto	1	0	1	0	0	0
0x80074394	40	fn_80074394	auto	1	0	1	0	0	0
0x800743BC	1452	fn_800743BC	auto	1	0	1	0	0	0
0x80074968	116	fn_80074968	auto	1	0	3	0	0	0
0x800749DC	96	fn_800749DC	auto	0	1	0	0	0	0
0x80074A3C	828	fn_80074A3C	auto	1	0	1	0	0	0
0x80074D78	36	fn_80074D78	auto	1	0	1	0	0	0
0x80074D9C	144	fn_80074D9C	auto	0	1	0	0	0	0
0x80074E2C	532	fn_80074E2C	auto	1	0	7	0	0	0
0x80075040	32	fn_80075040	auto	1	0	1	0	0	0
0x80075060	1804	fn_80075060	auto	1	0	1	0	0	0
0x8007576C	32	fn_8007576C	auto	1	0	1	0	0	0
0x8007578C	1252	fn_8007578C	auto	1	0	1	0	0	0
0x80075C70	180	fn_80075C70	auto	1	0	1	0	0	0
0x80075D24	64	fn_80075D24	auto	0	1	0	0	0	0
0x80075D64	72	fn_80075D64	auto	0	1	0	0	0	0
0x80075DAC	384	fn_80075DAC	auto	1	0	5	0	0	0
0x80075F2C	160	fn_80075F2C	auto	1	0	1	0	0	0
0x80075FCC	36	fn_80075FCC	auto	0	1	0	0	0	0
0x80075FF0	252	fn_80075FF0	auto	1	0	2	0	0	0
0x800760EC	132	fn_800760EC	auto	1	0	1	0	0	0
0x80076170	300	fn_80076170	auto	1	0	2	0	0	0
0x8007629C	168	fn_8007629C	auto	1	0	4	0	0	0
0x80076344	72	fn_80076344	auto	0	1	0	0	0	0
0x8007638C	68	fn_8007638C	auto	1	0	2	0	0	0
0x800763D0	168	fn_800763D0	auto	1	0	2	0	0	0
0x80076478	164	fn_80076478	auto	1	0	3	0	0	0
0x8007651C	104	fn_8007651C	auto	1	0	3	0	0	0
0x80076584	2868	fn_80076584	auto	1	0	3	0	0	0
0x800770B8	368	fn_800770B8	auto	0	1	0	0	0	0
0x80077228	512	fn_80077228	auto	0	1	0	0	0	0
0x80077428	1888	fn_80077428	auto	1	0	13	0	0	0
0x80077B88	324	fn_80077B88	auto	1	0	3	0	0	0
0x80077CCC	116	fn_80077CCC	auto	1	0	1	0	0	0
0x80077D40	96	fn_80077D40	auto	0	1	0	0	0	0
0x80077DA0	148	fn_80077DA0	auto	0	1	0	0	0	0
0x80077E34	44	fn_80077E34	auto	0	1	0	0	0	0
0x80077E60	748	fn_80077E60	auto	1	0	2	0	0	0
0x8007814C	496	fn_8007814C	auto	0	1	0	0	0	0
0x8007833C	24	fn_8007833C	auto	0	1	0	0	0	0
0x80078354	28	fn_80078354	auto	0	1	0	0	0	0
0x80078370	28	fn_80078370	auto	0	1	0	0	0	0
0x8007838C	28	fn_8007838C	auto	0	1	0	0	0	0
0x800783A8	208	fn_800783A8	auto	1	0	1	0	0	0
0x80078478	372	fn_80078478	auto	0	1	0	0	1	0
0x800785EC	36	fn_800785EC	auto	0	1	0	0	0	0
0x80078610	72	fn_80078610	auto	0	1	0	0	0	0
0x80078658	88	fn_80078658	auto	1	0	1	0	0	0
0x800786B0	16	fn_800786B0	auto	0	1	0	0	0	0
0x800786C0	864	fn_800786C0	auto	1	0	5	0	1	0
0x80078A20	180	fn_80078A20	auto	1	0	1	0	0	0
0x80078AD4	592	fn_80078AD4	auto	0	1	0	0	0	0
0x80078D24	472	fn_80078D24	auto	1	0	1	0	0	0
0x80078EFC	1500	fn_80078EFC	auto	1	0	6	0	0	0
0x800794D8	1924	fn_800794D8	auto	1	0	5	0	0	0
0x80079C5C	792	fn_80079C5C	auto	1	0	7	0	0	0
0x80079F74	2332	fn_80079F74	auto	1	0	2	0	0	0
0x8007A890	1920	fn_8007A890	auto	1	0	8	0	1	0
0x8007B010	792	fn_8007B010	auto	1	0	2	0	0	0
0x8007B328	648	fn_8007B328	auto	1	0	2	0	0	0
0x8007B5B0	936	fn_8007B5B0	auto	1	0	6	0	1	0
0x8007B958	788	fn_8007B958	auto	1	0	4	0	0	0
0x8007BC6C	584	fn_8007BC6C	auto	1	0	2	0	0	0
0x8007BEB4	736	fn_8007BEB4	auto	1	0	6	0	1	0
0x8007C194	432	fn_8007C194	auto	0	1	0	0	0	0
0x8007C344	700	fn_8007C344	auto	1	0	6	0	1	0
0x8007C600	504	fn_8007C600	auto	1	0	2	0	1	0
0x8007C7F8	468	fn_8007C7F8	auto	1	0	1	0	0	0
0x8007C9CC	228	fn_8007C9CC	auto	1	0	2	0	0	0
0x8007CAB0	2152	fn_8007CAB0	auto	1	0	13	0	1	0
0x8007D318	20	fn_8007D318	auto	0	1	0	0	0	0
0x8007D32C	164	fn_8007D32C	auto	0	1	0	0	0	0
0x8007D3D0	92	fn_8007D3D0	auto	1	0	1	0	0	0
0x8007D42C	2600	fn_8007D42C	auto	1	0	6	0	0	0
0x8007DE54	140	fn_8007DE54	auto	1	0	2	0	0	0
0x8007DEE0	224	fn_8007DEE0	auto	1	0	4	0	0	0
0x8007DFC0	344	fn_8007DFC0	auto	1	0	4	0	0	0
0x8007E118	36	fn_8007E118	auto	1	0	1	0	0	0
0x8007E13C	296	fn_8007E13C	auto	1	0	2	0	0	0
0x8007E264	16	fn_8007E264	auto	0	1	0	0	0	0
0x8007E274	100	fn_8007E274	auto	1	1	0	0	0	0
0x8007E2D8	108	fn_8007E2D8	auto	1	1	0	0	0	0
0x8007E344	100	fn_8007E344	auto	1	1	0	0	0	0
0x8007E3A8	108	fn_8007E3A8	auto	1	1	0	0	0	0
0x8007E414	56	fn_8007E414	auto	0	1	0	0	0	0
0x8007E44C	172	fn_8007E44C	auto	1	0	1	0	0	0
0x8007E4F8	384	fn_8007E4F8	auto	1	0	5	0	0	0
0x8007E678	24	fn_8007E678	auto	0	1	0	0	0	0
0x8007E690	508	fn_8007E690	auto	1	0	6	0	0	0
0x8007E88C	340	fn_8007E88C	auto	1	0	5	0	0	0
0x8007E9E0	404	fn_8007E9E0	auto	1	0	7	0	0	0
0x8007EB74	40	fn_8007EB74	auto	0	1	0	0	0	0
0x8007EB9C	32	fn_8007EB9C	auto	1	0	1	0	0	0
0x8007EBBC	1104	fn_8007EBBC	auto	1	0	3	0	1	0
0x8007F00C	612	fn_8007F00C	auto	1	0	5	0	1	0
0x8007F270	1140	fn_8007F270	auto	1	0	4	0	1	0
0x8007F6E4	972	fn_8007F6E4	auto	1	0	3	0	0	0
0x8007FAB0	576	fn_8007FAB0	auto	1	0	5	0	1	0
0x8007FCF0	48	fn_8007FCF0	auto	1	0	1	0	0	0
0x8007FD20	236	fn_8007FD20	auto	1	0	4	0	0	0
0x8007FE0C	476	fn_8007FE0C	auto	1	1	0	0	0	0
0x8007FFE8	448	fn_8007FFE8	auto	1	0	2	0	1	0
0x800801A8	208	fn_800801A8	auto	1	0	2	0	0	0
0x80080278	448	fn_80080278	auto	1	0	3	0	0	0
0x80080438	128	fn_80080438	auto	0	1	0	0	0	0
0x800804B8	436	fn_800804B8	auto	1	0	3	0	0	0
0x8008066C	164	fn_8008066C	auto	1	1	0	0	0	0
0x80080710	2300	fn_80080710	auto	1	0	2	0	0	0
0x8008100C	240	fn_8008100C	auto	1	0	1	0	0	0
0x800810FC	56	fn_800810FC	auto	0	1	0	0	0	0
0x80081134	52	fn_80081134	auto	0	1	0	0	0	0
0x80081168	124	fn_80081168	auto	0	1	0	0	0	0
0x800811E4	364	fn_800811E4	auto	0	1	0	0	0	0
0x80081350	760	fn_80081350	auto	1	1	0	0	0	0
0x80081648	324	fn_80081648	auto	1	0	1	0	0	0
0x8008178C	580	fn_8008178C	auto	1	0	2	0	0	0
0x800819D0	452	fn_800819D0	auto	1	0	1	0	0	0
0x80081B94	588	fn_80081B94	auto	1	0	5	0	0	0
0x80081DE0	276	fn_80081DE0	auto	1	0	3	0	0	0
0x80081EF4	248	fn_80081EF4	auto	1	0	3	0	0	0
0x80081FEC	288	fn_80081FEC	auto	0	1	0	0	1	0
0x8008210C	40	fn_8008210C	auto	1	0	1	0	0	0
0x80082134	524	fn_80082134	auto	1	0	6	0	1	0
0x80082340	164	fn_80082340	auto	0	1	0	0	0	0
0x800823E4	268	fn_800823E4	auto	1	0	1	0	0	0
0x800824F0	848	fn_800824F0	auto	0	1	0	0	1	0
0x80082840	264	fn_80082840	auto	1	0	1	0	0	0
0x80082948	376	fn_80082948	auto	1	0	1	0	0	0
0x80082AC0	472	fn_80082AC0	auto	0	1	0	0	0	0
0x80082C98	244	fn_80082C98	auto	1	0	2	0	0	0
0x80082D8C	1280	fn_80082D8C	auto	1	0	4	0	0	0
0x8008328C	268	fn_8008328C	auto	0	1	0	0	0	0
0x80083398	448	fn_80083398	auto	1	0	1	0	0	0
0x80083558	464	fn_80083558	auto	1	1	0	0	0	0
0x80083728	336	fn_80083728	auto	1	0	4	0	0	0
0x80083878	352	fn_80083878	auto	0	1	0	0	0	0
0x800839D8	244	fn_800839D8	auto	1	0	3	0	0	0
0x80083ACC	224	fn_80083ACC	auto	1	0	1	0	0	0
0x80083BAC	164	fn_80083BAC	auto	1	0	1	0	0	0
0x80083C50	236	fn_80083C50	auto	1	0	2	0	0	0
0x80083D3C	504	fn_80083D3C	auto	1	0	1	0	0	0
0x80083F34	196	fn_80083F34	auto	1	1	0	0	0	0
0x80083FF8	196	fn_80083FF8	auto	1	1	0	0	0	0
0x800840BC	484	fn_800840BC	auto	1	0	2	0	0	0
0x800842A0	720	fn_800842A0	auto	1	0	4	0	0	0
0x80084570	1080	fn_80084570	auto	1	0	3	0	0	0
0x800849A8	96	fn_800849A8	auto	1	0	4	0	0	0
0x80084A08	624	fn_80084A08	auto	1	0	8	0	0	0
0x80084C78	448	fn_80084C78	auto	1	0	6	0	0	0
0x80084E38	556	fn_80084E38	auto	1	0	5	0	0	0
0x80085064	944	fn_80085064	auto	1	0	8	0	0	0
0x80085414	408	fn_80085414	auto	1	0	3	0	0	0
0x800855AC	368	fn_800855AC	auto	1	0	4	0	0	0
0x8008571C	412	fn_8008571C	auto	1	0	4	0	0	0
0x800858B8	548	fn_800858B8	auto	1	0	5	0	0	0
0x80085ADC	428	fn_80085ADC	auto	1	0	5	0	0	0
0x80085C88	88	fn_80085C88	auto	0	1	0	0	0	0
0x80085CE0	1576	fn_80085CE0	auto	1	0	6	0	0	0
0x80086308	2368	fn_80086308	auto	1	0	11	0	0	0
0x80086C48	32	fn_80086C48	auto	1	0	1	0	0	0
0x80086C68	1004	fn_80086C68	auto	1	0	6	0	1	0
0x80087054	32	fn_80087054	auto	1	0	1	0	0	0
0x80087074	2000	fn_80087074	auto	1	0	12	0	1	0
0x80087844	1832	fn_80087844	auto	1	0	10	0	0	0
0x80087F6C	2896	fn_80087F6C	auto	1	0	13	0	0	0
0x80088ABC	88	fn_80088ABC	auto	0	1	0	0	0	0
0x80088B14	468	fn_80088B14	auto	1	0	4	0	0	0
0x80088CE8	356	fn_80088CE8	auto	1	0	2	0	0	0
0x80088E4C	276	fn_80088E4C	auto	1	0	3	0	0	0
0x80088F60	4	fn_80088F60	auto	0	1	0	0	0	0
0x80088F64	272	fn_80088F64	auto	1	0	2	0	0	0
0x80089074	272	fn_80089074	auto	1	0	2	0	0	0
0x80089184	296	fn_80089184	auto	1	0	2	0	0	0
0x800892AC	296	fn_800892AC	auto	1	0	2	0	0	0
0x800893D4	296	fn_800893D4	auto	1	0	2	0	0	0
0x800894FC	296	fn_800894FC	auto	1	0	2	0	0	0
0x80089624	296	fn_80089624	auto	1	0	2	0	0	0
0x8008974C	296	fn_8008974C	auto	1	0	2	0	0	0
0x80089874	296	fn_80089874	auto	1	0	2	0	0	0
0x8008999C	36	fn_8008999C	auto	1	0	1	0	0	0
0x800899C0	224	fn_800899C0	auto	1	0	3	0	0	0
0x80089AA0	260	fn_80089AA0	auto	1	0	2	0	0	0
0x80089BA4	260	fn_80089BA4	auto	1	0	2	0	0	0
0x80089CA8	260	fn_80089CA8	auto	1	0	2	0	0	0
0x80089DAC	144	fn_80089DAC	auto	1	0	1	0	0	0
0x80089E3C	140	fn_80089E3C	auto	1	0	1	0	0	0
0x80089EC8	176	fn_80089EC8	auto	1	0	2	0	0	0
0x80089F78	140	fn_80089F78	auto	1	0	1	0	0	0
0x8008A004	136	fn_8008A004	auto	1	0	1	0	0	0
0x8008A08C	160	fn_8008A08C	auto	1	0	2	0	0	0
0x8008A12C	36	fn_8008A12C	auto	1	0	1	0	0	0
0x8008A150	36	fn_8008A150	auto	1	0	1	0	0	0
0x8008A174	268	fn_8008A174	auto	1	0	2	0	0	0
0x8008A280	420	fn_8008A280	auto	1	0	4	0	0	0
0x8008A424	788	fn_8008A424	auto	1	0	2	0	0	0
0x8008A738	328	fn_8008A738	auto	0	1	0	0	0	0
0x8008A880	52	fn_8008A880	auto	0	1	0	0	0	0
0x8008A8B4	52	fn_8008A8B4	auto	0	1	0	0	0	0
0x8008A8E8	96	fn_8008A8E8	auto	1	0	1	0	0	0
0x8008A948	96	fn_8008A948	auto	1	0	1	0	0	0
0x8008A9A8	96	fn_8008A9A8	auto	1	0	1	0	0	0
0x8008AA08	96	fn_8008AA08	auto	1	0	1	0	0	0
0x8008AA68	96	fn_8008AA68	auto	1	0	1	0	0	0
0x8008AAC8	16	fn_8008AAC8	auto	0	1	0	0	0	0
0x8008AAD8	40	fn_8008AAD8	auto	0	1	0	0	0	0
0x8008AB00	116	fn_8008AB00	auto	1	0	1	0	0	0
0x8008AB74	116	fn_8008AB74	auto	1	0	1	0	0	0
0x8008ABE8	116	fn_8008ABE8	auto	1	0	1	0	0	0
0x8008AC5C	116	fn_8008AC5C	auto	1	0	1	0	0	0
0x8008ACD0	52	fn_8008ACD0	auto	0	1	0	0	0	0
0x8008AD04	104	fn_8008AD04	auto	1	0	1	0	0	0
0x8008AD6C	52	fn_8008AD6C	auto	0	1	0	0	0	0
0x8008ADA0	52	fn_8008ADA0	auto	0	1	0	0	0	0
0x8008ADD4	52	fn_8008ADD4	auto	0	1	0	0	0	0
0x8008AE08	28	fn_8008AE08	auto	0	1	0	0	0	0
0x8008AE24	28	fn_8008AE24	auto	0	1	0	0	0	0
0x8008AE40	52	fn_8008AE40	auto	0	1	0	0	0	0
0x8008AE74	28	fn_8008AE74	auto	0	1	0	0	0	0
0x8008AE90	28	fn_8008AE90	auto	0	1	0	0	0	0
0x8008AEAC	48	fn_8008AEAC	auto	0	1	0	0	0	0
0x8008AEDC	48	fn_8008AEDC	auto	0	1	0	0	0	0
0x8008AF0C	28	fn_8008AF0C	auto	0	1	0	0	0	0
0x8008AF28	28	fn_8008AF28	auto	0	1	0	0	0	0
0x8008AF44	52	fn_8008AF44	auto	0	1	0	0	0	0
0x8008AF78	52	fn_8008AF78	auto	0	1	0	0	0	0
0x8008AFAC	128	fn_8008AFAC	auto	1	0	1	0	0	0
0x8008B02C	128	fn_8008B02C	auto	1	0	1	0	0	0
0x8008B0AC	32	fn_8008B0AC	auto	0	1	0	0	0	0
0x8008B0CC	28	fn_8008B0CC	auto	0	1	0	0	0	0
0x8008B0E8	28	fn_8008B0E8	auto	0	1	0	0	0	0
0x8008B104	28	fn_8008B104	auto	0	1	0	0	0	0
0x8008B120	28	fn_8008B120	auto	0	1	0	0	0	0
0x8008B13C	28	fn_8008B13C	auto	0	1	0	0	0	0
0x8008B158	28	fn_8008B158	auto	0	1	0	0	0	0
0x8008B174	8	fn_8008B174	auto	0	1	0	0	0	0
0x8008B17C	84	fn_8008B17C	auto	1	0	1	0	0	0
0x8008B1D0	84	fn_8008B1D0	auto	1	0	1	0	0	0
0x8008B224	84	fn_8008B224	auto	1	0	1	0	0	0
0x8008B278	84	fn_8008B278	auto	1	0	1	0	0	0
0x8008B2CC	84	fn_8008B2CC	auto	1	0	1	0	0	0
0x8008B320	84	fn_8008B320	auto	1	0	1	0	0	0
0x8008B374	84	fn_8008B374	auto	1	0	1	0	0	0
0x8008B3C8	84	fn_8008B3C8	auto	1	0	1	0	0	0
0x8008B41C	84	fn_8008B41C	auto	1	0	1	0	0	0
0x8008B470	48	fn_8008B470	auto	0	1	0	0	0	0
0x8008B4A0	48	fn_8008B4A0	auto	0	1	0	0	0	0
0x8008B4D0	40	fn_8008B4D0	auto	0	1	0	0	0	0
0x8008B4F8	100	fn_8008B4F8	auto	1	0	1	0	0	0
0x8008B55C	12	fn_8008B55C	auto	0	1	0	0	0	0
0x8008B568	24	fn_8008B568	auto	0	1	0	0	0	0
0x8008B580	24	fn_8008B580	auto	0	1	0	0	0	0
0x8008B598	24	fn_8008B598	auto	0	1	0	0	0	0
0x8008B5B0	24	fn_8008B5B0	auto	0	1	0	0	0	0
0x8008B5C8	24	fn_8008B5C8	auto	0	1	0	0	0	0
0x8008B5E0	32	fn_8008B5E0	auto	1	0	1	0	0	0
0x8008B600	196	fn_8008B600	auto	1	0	3	0	0	0
0x8008B6C4	196	fn_8008B6C4	auto	1	0	3	0	0	0
0x8008B788	196	fn_8008B788	auto	1	0	3	0	0	0
0x8008B84C	196	fn_8008B84C	auto	1	0	3	0	0	0
0x8008B910	28	fn_8008B910	auto	0	1	0	0	0	0
0x8008B92C	28	fn_8008B92C	auto	0	1	0	0	0	0
0x8008B948	52	fn_8008B948	auto	0	1	0	0	0	0
0x8008B97C	36	fn_8008B97C	auto	0	1	0	0	0	0
0x8008B9A0	40	fn_8008B9A0	auto	0	1	0	0	0	0
0x8008B9C8	24	fn_8008B9C8	auto	0	1	0	0	0	0
0x8008B9E0	1204	fn_8008B9E0	auto	1	0	9	0	1	0
0x8008BE94	328	fn_8008BE94	auto	1	0	5	0	0	0
0x8008BFDC	328	fn_8008BFDC	auto	1	0	4	0	0	0
0x8008C124	248	fn_8008C124	auto	1	0	3	0	0	0
0x8008C21C	676	fn_8008C21C	auto	1	0	8	0	0	0
0x8008C4C0	508	fn_8008C4C0	auto	1	0	8	0	0	0
0x8008C6BC	244	fn_8008C6BC	auto	1	0	3	0	0	0
0x8008C7B0	476	fn_8008C7B0	auto	1	0	7	0	0	0
0x8008C98C	296	fn_8008C98C	auto	1	0	3	0	0	0
0x8008CAB4	260	fn_8008CAB4	auto	1	0	4	0	0	0
0x8008CBB8	496	fn_8008CBB8	auto	1	0	4	0	0	0
0x8008CDA8	1544	fn_8008CDA8	auto	1	0	10	0	3	0
0x8008D3B0	244	fn_8008D3B0	auto	1	0	2	0	0	0
0x8008D4A4	364	fn_8008D4A4	auto	1	0	6	0	0	0
0x8008D610	164	fn_8008D610	auto	1	0	2	0	0	0
0x8008D6B4	684	fn_8008D6B4	auto	1	0	5	0	0	0
0x8008D960	700	fn_8008D960	auto	1	0	5	0	0	0
0x8008DC1C	720	fn_8008DC1C	auto	1	0	3	0	2	0
0x8008DEEC	964	fn_8008DEEC	auto	1	0	2	0	0	0
0x8008E2B0	136	fn_8008E2B0	auto	1	0	1	0	0	0
0x8008E338	132	fn_8008E338	auto	1	0	1	0	0	0
0x8008E3BC	824	fn_8008E3BC	auto	1	0	20	0	0	0
0x8008E6F4	1424	fn_8008E6F4	auto	1	0	21	0	1	0
0x8008EC84	1024	fn_8008EC84	auto	1	0	8	0	1	0
0x8008F084	180	fn_8008F084	auto	1	0	3	0	0	0
0x8008F138	192	fn_8008F138	auto	1	0	4	0	0	0
0x8008F1F8	144	fn_8008F1F8	auto	1	0	3	0	0	0
0x8008F288	68	fn_8008F288	auto	1	0	1	0	0	0
0x8008F2CC	360	fn_8008F2CC	auto	1	0	1	0	0	0
0x8008F434	212	fn_8008F434	auto	1	0	1	0	0	0
0x8008F508	216	fn_8008F508	auto	1	0	2	0	0	0
0x8008F5E0	380	fn_8008F5E0	auto	1	0	5	0	0	0
0x8008F75C	4	fn_8008F75C	auto	0	1	0	0	0	0
0x8008F760	412	fn_8008F760	auto	1	0	4	0	0	0
0x8008F8FC	132	fn_8008F8FC	auto	0	1	0	0	0	0
0x8008F980	40	fn_8008F980	auto	0	1	0	0	0	0
0x8008F9A8	16	fn_8008F9A8	auto	0	1	0	0	0	0
0x8008F9B8	656	fn_8008F9B8	auto	1	0	3	0	0	0
0x8008FC48	8	fn_8008FC48	auto	0	1	0	0	0	0
0x8008FC50	852	fn_8008FC50	auto	1	0	3	0	0	0
0x8008FFA4	248	fn_8008FFA4	auto	1	1	0	0	0	0
0x8009009C	176	fn_8009009C	auto	1	0	1	0	0	0
0x8009014C	300	fn_8009014C	auto	1	0	1	0	0	0
0x80090278	256	fn_80090278	auto	0	1	0	0	0	0
0x80090378	140	fn_80090378	auto	0	1	0	0	0	0
0x80090404	276	fn_80090404	auto	1	0	3	0	0	0
0x80090518	128	fn_80090518	auto	0	1	0	0	0	0
0x80090598	204	fn_80090598	auto	1	0	1	0	0	0
0x80090664	132	fn_80090664	auto	1	0	9	0	0	0
0x800906E8	132	fn_800906E8	auto	1	0	9	0	0	0
0x8009076C	416	fn_8009076C	auto	1	0	11	0	0	0
0x8009090C	276	fn_8009090C	auto	0	1	0	0	0	0
0x80090A20	92	fn_80090A20	auto	1	0	1	0	0	0
0x80090A7C	236	fn_80090A7C	auto	1	1	0	0	0	0
0x80090B68	124	fn_80090B68	auto	1	1	0	0	0	0
0x80090BE4	316	fn_80090BE4	auto	1	1	0	0	0	0
0x80090D20	88	fn_80090D20	auto	1	1	0	0	0	0
0x80090D78	36	fn_80090D78	auto	1	0	1	0	0	0
0x80090D9C	32	fn_80090D9C	auto	1	0	1	0	0	0
0x80090DBC	300	fn_80090DBC	auto	1	1	0	0	0	0
0x80090EE8	4	fn_80090EE8	auto	0	1	0	0	0	0
0x80090EEC	176	fn_80090EEC	auto	1	0	2	0	0	0
0x80090F9C	84	fn_80090F9C	auto	1	0	1	0	0	0
0x80090FF0	80	fn_80090FF0	auto	1	0	1	0	0	0
0x80091040	488	fn_80091040	auto	1	0	1	0	0	0
0x80091228	128	fn_80091228	auto	1	0	1	0	0	0
0x800912A8	84	fn_800912A8	auto	0	1	0	0	0	0
0x800912FC	476	fn_800912FC	auto	1	0	5	0	0	0
0x800914D8	464	fn_800914D8	auto	1	0	2	0	0	0
0x800916A8	676	fn_800916A8	auto	1	0	4	0	0	0
0x8009194C	512	fn_8009194C	auto	1	0	3	0	0	0
0x80091B4C	368	fn_80091B4C	auto	1	0	2	0	0	0
0x80091CBC	3004	fn_80091CBC	auto	1	0	15	0	1	0
0x80092878	3568	fn_80092878	auto	1	0	16	0	1	0
0x80093668	828	fn_80093668	auto	1	0	6	0	0	0
0x800939A4	1952	fn_800939A4	auto	1	0	8	0	0	0
0x80094144	716	fn_80094144	auto	1	0	5	0	0	0
0x80094410	1008	fn_80094410	auto	1	0	8	0	0	0
0x80094800	444	fn_80094800	auto	1	0	4	0	0	0
0x800949BC	356	fn_800949BC	auto	1	0	4	0	0	0
0x80094B20	276	fn_80094B20	auto	1	0	3	0	0	0
0x80094C34	184	fn_80094C34	auto	0	1	0	0	0	0
0x80094CEC	356	fn_80094CEC	auto	1	0	4	0	0	0
0x80094E50	320	fn_80094E50	auto	1	0	5	0	0	0
0x80094F90	384	fn_80094F90	auto	1	0	7	0	0	0
0x80095110	140	fn_80095110	auto	1	0	1	0	0	0
0x8009519C	132	fn_8009519C	auto	1	0	2	0	0	0
0x80095220	320	fn_80095220	auto	1	0	5	0	0	0
0x80095360	60	fn_80095360	auto	1	0	1	0	0	0
0x8009539C	72	fn_8009539C	auto	0	1	0	0	0	0
0x800953E4	588	fn_800953E4	auto	1	0	5	0	0	0
0x80095630	28	fn_80095630	auto	0	1	0	0	0	0
0x8009564C	256	fn_8009564C	auto	0	1	0	0	0	0
0x8009574C	64	fn_8009574C	auto	0	1	0	0	0	0
0x8009578C	388	fn_8009578C	auto	1	0	4	0	0	0
0x80095910	1260	fn_80095910	auto	1	0	12	0	0	0
0x80095DFC	1076	fn_80095DFC	auto	1	0	4	0	0	0
0x80096230	12	fn_80096230	auto	0	1	0	0	0	0
0x8009623C	36	fn_8009623C	auto	0	1	0	0	0	0
0x80096260	784	fn_80096260	auto	1	0	4	0	0	0
0x80096570	640	fn_80096570	auto	1	0	4	0	0	0
0x800967F0	36	fn_800967F0	auto	0	1	0	0	0	0
0x80096814	1424	fn_80096814	auto	1	0	4	0	1	0
0x80096DA4	632	fn_80096DA4	auto	1	0	6	0	0	0
0x8009701C	32	fn_8009701C	auto	0	1	0	0	0	0
0x8009703C	88	fn_8009703C	auto	0	1	0	0	0	0
0x80097094	32	fn_80097094	auto	0	1	0	0	0	0
0x800970B4	36	fn_800970B4	auto	0	1	0	0	0	0
0x800970D8	36	fn_800970D8	auto	0	1	0	0	0	0
0x800970FC	28	fn_800970FC	auto	0	1	0	0	0	0
0x80097118	28	fn_80097118	auto	0	1	0	0	0	0
0x80097134	28	fn_80097134	auto	0	1	0	0	0	0
0x80097150	28	fn_80097150	auto	0	1	0	0	0	0
0x8009716C	28	fn_8009716C	auto	0	1	0	0	0	0
0x80097188	32	fn_80097188	auto	0	1	0	0	0	0
0x800971A8	28	fn_800971A8	auto	0	1	0	0	0	0
0x800971C4	28	fn_800971C4	auto	0	1	0	0	0	0
0x800971E0	36	fn_800971E0	auto	0	1	0	0	0	0
0x80097204	36	fn_80097204	auto	0	1	0	0	0	0
0x80097228	36	fn_80097228	auto	0	1	0	0	0	0
0x8009724C	36	fn_8009724C	auto	0	1	0	0	0	0
0x80097270	36	fn_80097270	auto	0	1	0	0	0	0
0x80097294	24	fn_80097294	auto	0	1	0	0	0	0
0x800972AC	24	fn_800972AC	auto	0	1	0	0	0	0
0x800972C4	28	fn_800972C4	auto	0	1	0	0	0	0
0x800972E0	56	fn_800972E0	auto	0	1	0	0	0	0
0x80097318	56	fn_80097318	auto	0	1	0	0	0	0
0x80097350	56	fn_80097350	auto	0	1	0	0	0	0
0x80097388	324	fn_80097388	auto	1	0	2	0	0	0
0x800974CC	316	fn_800974CC	auto	1	0	1	0	0	0
0x80097608	20	fn_80097608	auto	0	1	0	0	0	0
0x8009761C	32	fn_8009761C	auto	0	1	0	0	0	0
0x8009763C	36	fn_8009763C	auto	0	1	0	0	0	0
0x80097660	12	fn_80097660	auto	0	1	0	0	0	0
0x8009766C	128	fn_8009766C	auto	1	0	1	0	0	0
0x800976EC	12	fn_800976EC	auto	0	1	0	0	0	0
0x800976F8	40	fn_800976F8	auto	0	1	0	0	0	0
0x80097720	764	fn_80097720	auto	1	0	12	0	1	0
0x80097A1C	224	fn_80097A1C	auto	1	0	6	0	0	0
0x80097AFC	16	fn_80097AFC	auto	0	1	0	0	0	0
0x80097B0C	408	fn_80097B0C	auto	1	0	16	0	0	0
0x80097CA4	56	fn_80097CA4	auto	1	0	2	0	0	0
0x80097CDC	16	fn_80097CDC	auto	0	1	0	0	0	0
0x80097CEC	920	fn_80097CEC	auto	1	0	13	0	0	0
0x80098084	1604	fn_80098084	auto	1	0	10	0	1	0
0x800986C8	180	fn_800986C8	auto	1	0	1	0	0	0
0x8009877C	208	fn_8009877C	auto	1	0	2	0	0	0
0x8009884C	540	fn_8009884C	auto	1	0	9	0	0	0
0x80098A68	496	fn_80098A68	auto	1	0	1	0	0	0
0x80098C58	332	fn_80098C58	auto	1	0	1	0	0	0
0x80098DA4	724	fn_80098DA4	auto	1	0	13	0	0	0
0x80099078	308	fn_80099078	auto	0	1	0	0	0	0
0x800991AC	672	fn_800991AC	auto	1	0	3	0	0	0
0x8009944C	652	fn_8009944C	auto	1	0	2	0	0	0
0x800996D8	344	fn_800996D8	auto	1	1	0	0	0	0
0x80099830	196	fn_80099830	auto	1	0	2	0	0	0
0x800998F4	1588	fn_800998F4	auto	1	0	16	0	0	0
0x80099F28	2008	fn_80099F28	auto	1	0	13	0	0	0
0x8009A700	3316	fn_8009A700	auto	1	0	15	0	0	0
0x8009B3F4	204	fn_8009B3F4	auto	1	1	0	0	0	0
0x8009B4C0	204	fn_8009B4C0	auto	1	1	0	0	0	0
0x8009B58C	72	fn_8009B58C	auto	0	1	0	0	0	0
0x8009B5D4	72	fn_8009B5D4	auto	0	1	0	0	0	0
0x8009B61C	156	fn_8009B61C	auto	1	0	1	0	0	0
0x8009B6B8	284	fn_8009B6B8	auto	1	0	3	0	0	0
0x8009B7D4	284	fn_8009B7D4	auto	1	0	3	0	0	0
0x8009B8F0	192	fn_8009B8F0	auto	1	0	3	0	0	0
0x8009B9B0	1320	fn_8009B9B0	auto	1	0	13	0	0	0
0x8009BED8	1272	fn_8009BED8	auto	1	0	13	0	0	0
0x8009C3D0	316	fn_8009C3D0	auto	1	0	3	0	0	0
0x8009C50C	12	fn_8009C50C	auto	0	1	0	0	0	0
0x8009C518	1696	fn_8009C518	auto	1	0	13	0	0	0
0x8009CBB8	4	fn_8009CBB8	auto	0	1	0	0	0	0
0x8009CBBC	508	fn_8009CBBC	auto	1	0	2	0	0	0
0x8009CDB8	544	fn_8009CDB8	auto	1	0	2	0	0	0
0x8009CFD8	440	fn_8009CFD8	auto	1	0	1	0	0	0
0x8009D190	228	fn_8009D190	auto	1	0	2	0	0	0
0x8009D274	32	fn_8009D274	auto	1	0	1	0	0	0
0x8009D294	364	fn_8009D294	auto	1	0	2	0	0	0
0x8009D400	444	fn_8009D400	auto	1	0	2	0	0	0
0x8009D5BC	192	fn_8009D5BC	auto	1	0	3	0	0	0
0x8009D67C	68	fn_8009D67C	auto	0	1	0	0	0	0
0x8009D6C0	160	fn_8009D6C0	auto	1	1	0	0	0	0
0x8009D760	300	fn_8009D760	auto	1	0	2	0	0	0
0x8009D88C	264	fn_8009D88C	auto	1	0	2	0	0	0
0x8009D994	708	fn_8009D994	auto	1	0	12	0	0	0
0x8009DC58	80	fn_8009DC58	auto	0	1	0	0	0	0
0x8009DCA8	256	fn_8009DCA8	auto	0	1	0	0	0	0
0x8009DDA8	328	fn_8009DDA8	auto	1	0	5	0	0	0
0x8009DEF0	1248	fn_8009DEF0	auto	1	0	7	0	0	0
0x8009E3D0	204	fn_8009E3D0	auto	1	0	7	0	0	0
0x8009E49C	28	fn_8009E49C	auto	1	1	0	0	0	0
0x8009E4B8	28	fn_8009E4B8	auto	1	1	0	0	0	0
0x8009E4D4	36	fn_8009E4D4	auto	1	1	0	0	0	0
0x8009E4F8	56	fn_8009E4F8	auto	1	1	0	0	0	0
0x8009E530	72	fn_8009E530	auto	0	1	0	0	0	0
0x8009E578	184	fn_8009E578	auto	1	0	2	0	0	0
0x8009E630	12	fn_8009E630	auto	0	1	0	0	0	0
0x8009E63C	224	fn_8009E63C	auto	1	0	1	0	0	0
0x8009E71C	232	fn_8009E71C	auto	1	0	2	0	0	0
0x8009E804	60	fn_8009E804	auto	0	1	0	0	0	0
0x8009E840	112	fn_8009E840	auto	0	1	0	0	0	0
0x8009E8B0	96	fn_8009E8B0	auto	1	0	2	0	0	0
0x8009E910	200	fn_8009E910	auto	0	1	0	0	0	0
0x8009E9D8	812	fn_8009E9D8	auto	1	0	16	0	0	0
0x8009ED04	1320	fn_8009ED04	auto	1	0	17	0	0	0
0x8009F22C	2932	fn_8009F22C	auto	1	0	13	0	0	0
0x8009FDA0	648	fn_8009FDA0	auto	1	0	2	0	0	0
0x800A0028	2740	fn_800A0028	auto	1	0	14	0	0	0
0x800A0ADC	196	fn_800A0ADC	auto	1	0	1	0	0	0
0x800A0BA0	636	fn_800A0BA0	auto	1	0	12	0	0	0
0x800A0E1C	652	fn_800A0E1C	auto	1	0	10	0	0	0
0x800A10A8	28	fn_800A10A8	auto	0	1	0	0	0	0
0x800A10C4	36	fn_800A10C4	auto	0	1	0	0	0	0
0x800A10E8	296	fn_800A10E8	auto	1	0	1	0	0	0
0x800A1210	200	fn_800A1210	auto	1	0	2	0	0	0
0x800A12D8	256	fn_800A12D8	auto	1	0	3	0	0	0
0x800A13D8	696	fn_800A13D8	auto	1	0	9	0	0	0
0x800A1690	696	fn_800A1690	auto	1	0	9	0	0	0
0x800A1948	80	fn_800A1948	auto	0	1	0	0	0	0
0x800A1998	292	fn_800A1998	auto	1	0	9	0	0	0
0x800A1ABC	44	fn_800A1ABC	auto	0	1	0	0	0	0
0x800A1AE8	104	fn_800A1AE8	auto	0	1	0	0	0	0
0x800A1B50	84	fn_800A1B50	auto	0	1	0	0	0	0
0x800A1BA4	780	fn_800A1BA4	auto	1	0	4	0	0	0
0x800A1EB0	948	fn_800A1EB0	auto	1	0	9	0	0	0
0x800A2264	892	fn_800A2264	auto	1	0	3	0	0	0
0x800A25E0	592	fn_800A25E0	auto	1	0	9	0	0	0
0x800A2830	1276	fn_800A2830	auto	1	0	11	0	0	0
0x800A2D2C	1280	fn_800A2D2C	auto	1	0	7	0	0	0
0x800A322C	948	fn_800A322C	auto	1	0	9	0	0	0
0x800A35E0	92	fn_800A35E0	auto	0	1	0	0	0	0
0x800A363C	68	fn_800A363C	auto	0	1	0	0	0	0
0x800A3680	196	fn_800A3680	auto	1	0	2	0	0	0
0x800A3744	164	fn_800A3744	auto	1	0	2	0	0	0
0x800A37E8	252	fn_800A37E8	auto	1	0	1	0	0	0
0x800A38E4	252	fn_800A38E4	auto	1	0	1	0	0	0
0x800A39E0	648	fn_800A39E0	auto	1	0	11	0	0	0
0x800A3C68	552	fn_800A3C68	auto	1	0	8	0	0	0
0x800A3E90	68	fn_800A3E90	auto	1	0	2	0	0	0
0x800A3ED4	476	fn_800A3ED4	auto	1	0	2	0	0	0
0x800A40B0	636	fn_800A40B0	auto	1	0	7	0	0	0
0x800A432C	1528	fn_800A432C	auto	1	0	14	0	0	0
0x800A4924	6264	fn_800A4924	auto	1	0	26	0	0	0
0x800A619C	3476	fn_800A619C	auto	1	0	15	0	0	0
0x800A6F30	2352	fn_800A6F30	auto	1	0	10	0	0	0
0x800A7860	2316	fn_800A7860	auto	1	0	7	0	0	0
0x800A816C	2324	fn_800A816C	auto	1	0	26	0	0	0
0x800A8A80	1376	fn_800A8A80	auto	1	0	20	0	0	0
0x800A8FE0	1832	eff_smoke2	string	1	0	21	0	0	0
0x800A9708	1564	fn_800A9708	auto	1	0	17	0	0	0
0x800A9D24	5468	fn_800A9D24	auto	1	0	20	0	0	0
0x800AB280	1460	fn_800AB280	auto	1	0	17	0	0	0
0x800AB834	256	fn_800AB834	auto	1	0	4	0	0	0
0x800AB934	1384	fn_800AB934	auto	1	0	12	0	0	0
0x800ABE9C	20	fn_800ABE9C	auto	0	1	0	0	0	0
0x800ABEB0	4	fn_800ABEB0	auto	0	1	0	0	0	0
0x800ABEB4	288	fn_800ABEB4	auto	1	0	3	0	0	0
0x800ABFD4	1144	fn_800ABFD4	auto	1	0	22	0	0	0
0x800AC44C	40	fn_800AC44C	auto	0	1	0	0	0	0
0x800AC474	692	fn_800AC474	auto	1	0	13	0	0	0
0x800AC728	1184	fn_800AC728	auto	1	0	8	0	0	0
0x800ACBC8	1848	fn_800ACBC8	auto	1	0	21	0	0	0
0x800AD300	48	fn_800AD300	auto	0	1	0	0	0	0
0x800AD330	600	fn_800AD330	auto	1	0	10	0	0	0
0x800AD588	336	fn_800AD588	auto	1	0	1	0	0	0
0x800AD6D8	904	fn_800AD6D8	auto	1	0	7	0	0	0
0x800ADA60	1136	fn_800ADA60	auto	1	0	13	0	0	0
0x800ADED0	200	fn_800ADED0	auto	1	0	2	0	0	0
0x800ADF98	104	fn_800ADF98	auto	1	0	1	0	0	0
0x800AE000	768	fn_800AE000	auto	1	0	9	0	0	0
0x800AE300	480	fn_800AE300	auto	1	0	2	0	0	0
0x800AE4E0	4768	fn_800AE4E0	auto	1	1	0	0	0	0
0x800AF780	376	fn_800AF780	auto	1	0	6	0	0	0
0x800AF8F8	968	fn_800AF8F8	auto	1	0	13	0	0	0
0x800AFCC0	1196	fn_800AFCC0	auto	1	0	5	0	0	0
0x800B016C	268	fn_800B016C	auto	1	0	8	0	0	0
0x800B0278	1672	fn_800B0278	auto	1	0	6	0	0	0
0x800B0900	192	fn_800B0900	auto	1	0	2	0	0	0
0x800B09C0	1356	fn_800B09C0	auto	1	0	4	0	0	0
0x800B0F0C	72	fn_800B0F0C	auto	1	0	2	0	0	0
0x800B0F54	124	fn_800B0F54	auto	1	0	2	0	0	0
0x800B0FD0	312	fn_800B0FD0	auto	1	0	5	0	0	0
0x800B1108	4652	fn_800B1108	auto	1	0	21	0	0	0
0x800B2334	244	fn_800B2334	auto	1	0	6	0	0	0
0x800B2428	352	fn_800B2428	auto	1	0	8	0	0	0
0x800B2588	632	fn_800B2588	auto	1	0	8	0	0	0
0x800B2800	428	fn_800B2800	auto	1	0	4	0	0	0
0x800B29AC	392	fn_800B29AC	auto	1	0	6	0	0	0
0x800B2B34	232	fn_800B2B34	auto	1	0	4	0	0	0
0x800B2C1C	388	fn_800B2C1C	auto	1	0	6	0	0	0
0x800B2DA0	32	fn_800B2DA0	auto	0	1	0	0	0	0
0x800B2DC0	196	fn_800B2DC0	auto	0	1	0	0	0	0
0x800B2E84	104	fn_800B2E84	auto	0	1	0	0	0	0
0x800B2EEC	352	fn_800B2EEC	auto	1	1	0	0	0	0
0x800B304C	3372	fn_800B304C	auto	1	0	19	0	0	0
0x800B3D78	704	fn_800B3D78	auto	1	0	1	0	0	0
0x800B4038	332	fn_800B4038	auto	1	0	1	0	0	0
0x800B4184	712	fn_800B4184	auto	1	0	1	0	0	0
0x800B444C	392	fn_800B444C	auto	1	1	0	0	0	0
0x800B45D4	2328	fn_800B45D4	auto	1	0	16	0	0	0
0x800B4EEC	376	fn_800B4EEC	auto	1	0	8	0	0	0
0x800B5064	456	fn_800B5064	auto	1	0	8	0	0	0
0x800B522C	2008	fn_800B522C	auto	1	0	13	0	0	0
0x800B5A04	2464	fn_800B5A04	auto	1	0	8	0	0	0
0x800B63A4	968	fn_800B63A4	auto	1	0	14	0	0	0
0x800B676C	1940	fn_800B676C	auto	1	0	11	0	0	0
0x800B6F00	2276	fn_800B6F00	auto	1	0	12	0	0	0
0x800B77E4	284	fn_800B77E4	auto	1	0	2	0	0	0
0x800B7900	1832	fn_800B7900	auto	1	0	19	0	0	0
0x800B8028	1108	fn_800B8028	auto	1	0	12	0	0	0
0x800B847C	1148	fn_800B847C	auto	1	0	8	0	0	0
0x800B88F8	960	fn_800B88F8	auto	1	0	15	0	0	0
0x800B8CB8	2592	fn_800B8CB8	auto	1	0	22	0	0	0
0x800B96D8	2048	fn_800B96D8	auto	1	0	28	0	0	0
0x800B9ED8	372	fn_800B9ED8	auto	1	0	2	0	0	0
0x800BA04C	468	fn_800BA04C	auto	1	1	0	0	0	0
0x800BA220	548	fn_800BA220	auto	1	0	4	0	0	0
0x800BA444	288	fn_800BA444	auto	1	0	5	0	0	0
0x800BA564	700	fn_800BA564	auto	1	0	14	0	0	0
0x800BA820	1128	fn_800BA820	auto	1	0	17	0	0	0
0x800BAC88	1876	fn_800BAC88	auto	1	0	14	0	0	0
0x800BB3DC	408	fn_800BB3DC	auto	1	0	4	0	0	0
0x800BB574	1276	fn_800BB574	auto	1	0	5	0	0	0
0x800BBA70	460	fn_800BBA70	auto	1	0	7	0	0	0
0x800BBC3C	272	fn_800BBC3C	auto	1	0	4	0	0	0
0x800BBD4C	352	fn_800BBD4C	auto	1	0	8	0	0	0
0x800BBEAC	384	fn_800BBEAC	auto	1	0	8	0	0	0
0x800BC02C	140	fn_800BC02C	auto	0	1	0	0	0	0
0x800BC0B8	2216	fn_800BC0B8	auto	1	0	13	0	0	0
0x800BC960	3336	fn_800BC960	auto	1	0	31	0	0	0
0x800BD668	668	fn_800BD668	auto	1	1	0	0	0	0
0x800BD904	224	fn_800BD904	auto	1	0	4	0	0	0
0x800BD9E4	1328	fn_800BD9E4	auto	1	0	26	0	0	0
0x800BDF14	1308	fn_800BDF14	auto	1	0	13	0	0	0
0x800BE430	52	fn_800BE430	auto	0	1	0	0	0	0
0x800BE464	232	fn_800BE464	auto	1	0	2	0	0	0
0x800BE54C	416	fn_800BE54C	auto	1	0	1	0	0	0
0x800BE6EC	2528	fn_800BE6EC	auto	1	0	13	0	0	0
0x800BF0CC	200	fn_800BF0CC	auto	1	0	1	0	0	0
0x800BF194	1560	fn_800BF194	auto	1	0	15	0	0	0
0x800BF7AC	84	fn_800BF7AC	auto	1	0	1	0	0	0
0x800BF800	416	fn_800BF800	auto	1	0	2	0	0	0
0x800BF9A0	2504	eff_smoke3	string	1	0	30	0	0	0
0x800C0368	368	fn_800C0368	auto	1	1	0	0	0	0
0x800C04D8	1292	eff_motLight	string	1	0	3	0	0	0
0x800C09E4	232	fn_800C09E4	auto	1	0	3	0	0	0
0x800C0ACC	3944	fn_800C0ACC	auto	1	0	22	0	0	0
0x800C1A34	28	fn_800C1A34	auto	0	1	0	0	0	0
0x800C1A50	468	fn_800C1A50	auto	1	0	1	0	0	0
0x800C1C24	1960	fn_800C1C24	auto	1	0	11	0	0	0
0x800C23CC	256	fn_800C23CC	auto	1	0	3	0	0	0
0x800C24CC	388	fn_800C24CC	auto	1	0	4	0	0	0
0x800C2650	524	fn_800C2650	auto	1	0	3	0	0	0
0x800C285C	32	fn_800C285C	auto	1	0	1	0	0	0
0x800C287C	524	fn_800C287C	auto	1	0	3	0	0	0
0x800C2A88	656	fn_800C2A88	auto	1	0	3	0	0	0
0x800C2D18	404	fn_800C2D18	auto	1	0	4	0	0	0
0x800C2EAC	128	fn_800C2EAC	auto	1	0	3	0	0	0
0x800C2F2C	32	fn_800C2F2C	auto	1	0	1	0	0	0
0x800C2F4C	264	fn_800C2F4C	auto	1	0	10	0	0	0
0x800C3054	644	fn_800C3054	auto	1	0	3	0	0	0
0x800C32D8	112	fn_800C32D8	auto	1	0	3	0	0	0
0x800C3348	224	fn_800C3348	auto	1	0	10	0	0	0
0x800C3428	160	fn_800C3428	auto	1	0	4	0	0	0
0x800C34C8	80	fn_800C34C8	auto	1	0	1	0	0	0
0x800C3518	68	fn_800C3518	auto	1	0	1	0	0	0
0x800C355C	104	fn_800C355C	auto	0	1	0	0	0	0
0x800C35C4	132	fn_800C35C4	auto	0	1	0	0	0	0
0x800C3648	468	fn_800C3648	auto	1	0	6	0	0	0
0x800C381C	564	fn_800C381C	auto	1	0	4	0	0	0
0x800C3A50	264	fn_800C3A50	auto	1	0	4	0	0	0
0x800C3B58	288	fn_800C3B58	auto	1	0	2	0	0	0
0x800C3C78	776	fn_800C3C78	auto	1	0	12	0	0	0
0x800C3F80	364	fn_800C3F80	auto	1	0	2	0	0	0
0x800C40EC	228	fn_800C40EC	auto	1	0	5	0	0	0
0x800C41D0	464	fn_800C41D0	auto	1	0	3	0	0	0
0x800C43A0	484	fn_800C43A0	auto	1	0	3	0	0	0
0x800C4584	568	fn_800C4584	auto	1	0	1	0	0	0
0x800C47BC	264	fn_800C47BC	auto	1	0	5	0	0	0
0x800C48C4	596	fn_800C48C4	auto	1	0	5	0	0	0
0x800C4B18	120	fn_800C4B18	auto	1	0	2	0	0	0
0x800C4B90	196	fn_800C4B90	auto	1	0	1	0	0	0
0x800C4C54	712	fn_800C4C54	auto	1	0	3	0	0	0
0x800C4F1C	248	fn_800C4F1C	auto	1	0	4	0	0	0
0x800C5014	244	fn_800C5014	auto	1	0	2	0	0	0
0x800C5108	180	fn_800C5108	auto	1	0	3	0	0	0
0x800C51BC	308	fn_800C51BC	auto	1	0	1	0	0	0
0x800C52F0	284	fn_800C52F0	auto	1	0	2	0	0	0
0x800C540C	292	fn_800C540C	auto	1	0	3	0	0	0
0x800C5530	380	fn_800C5530	auto	1	0	1	0	0	0
0x800C56AC	660	fn_800C56AC	auto	1	0	7	0	0	0
0x800C5940	536	fn_800C5940	auto	1	0	3	0	0	0
0x800C5B58	188	fn_800C5B58	auto	1	0	1	0	0	0
0x800C5C14	356	fn_800C5C14	auto	1	1	0	0	0	0
0x800C5D78	368	fn_800C5D78	auto	1	0	6	0	0	0
0x800C5EE8	1064	fn_800C5EE8	auto	1	0	9	0	0	0
0x800C6310	148	fn_800C6310	auto	1	0	4	0	0	0
0x800C63A4	208	fn_800C63A4	auto	1	0	2	0	0	0
0x800C6474	688	fn_800C6474	auto	1	0	5	0	0	0
0x800C6724	132	fn_800C6724	auto	1	0	2	0	0	0
0x800C67A8	132	fn_800C67A8	auto	1	0	2	0	0	0
0x800C682C	100	fn_800C682C	auto	0	1	0	0	0	0
0x800C6890	316	fn_800C6890	auto	1	0	2	0	0	0
0x800C69CC	312	fn_800C69CC	auto	1	0	5	0	0	0
0x800C6B04	868	fn_800C6B04	auto	1	0	9	0	0	0
0x800C6E68	368	fn_800C6E68	auto	1	0	12	0	0	0
0x800C6FD8	32	fn_800C6FD8	auto	1	0	1	0	0	0
0x800C6FF8	32	fn_800C6FF8	auto	1	0	1	0	0	0
0x800C7018	32	fn_800C7018	auto	1	0	1	0	0	0
0x800C7038	32	fn_800C7038	auto	1	0	1	0	0	0
0x800C7058	472	fn_800C7058	auto	1	0	9	0	0	0
0x800C7230	328	fn_800C7230	auto	1	0	11	0	0	0
0x800C7378	32	fn_800C7378	auto	1	0	1	0	0	0
0x800C7398	940	fn_800C7398	auto	1	0	13	0	0	0
0x800C7744	640	fn_800C7744	auto	1	0	2	0	0	0
0x800C79C4	1040	fn_800C79C4	auto	1	0	11	0	0	0
0x800C7DD4	40	fn_800C7DD4	auto	0	1	0	0	0	0
0x800C7DFC	360	fn_800C7DFC	auto	1	0	3	0	0	0
0x800C7F64	600	fn_800C7F64	auto	1	0	5	0	0	0
0x800C81BC	52	fn_800C81BC	auto	1	0	1	0	0	0
0x800C81F0	1276	fn_800C81F0	auto	1	0	16	0	0	0
0x800C86EC	176	fn_800C86EC	auto	1	0	1	0	0	0
0x800C879C	328	fn_800C879C	auto	1	0	2	0	0	0
0x800C88E4	180	fn_800C88E4	auto	0	1	0	0	0	0
0x800C8998	700	fn_800C8998	auto	1	0	11	0	0	0
0x800C8C54	316	fn_800C8C54	auto	1	1	0	0	0	0
0x800C8D90	180	fn_800C8D90	auto	0	1	0	0	0	0
0x800C8E44	124	fn_800C8E44	auto	1	0	1	0	0	0
0x800C8EC0	124	fn_800C8EC0	auto	1	0	3	0	0	0
0x800C8F3C	144	fn_800C8F3C	auto	1	0	4	0	0	0
0x800C8FCC	148	fn_800C8FCC	auto	1	0	4	0	0	0
0x800C9060	16	fn_800C9060	auto	0	1	0	0	0	0
0x800C9070	212	fn_800C9070	auto	1	0	2	0	0	0
0x800C9144	296	fn_800C9144	auto	1	0	4	0	0	0
0x800C926C	3028	fn_800C926C	auto	1	0	17	0	0	0
0x800C9E40	1408	fn_800C9E40	auto	1	0	13	0	0	0
0x800CA3C0	2116	fn_800CA3C0	auto	1	0	23	0	0	0
0x800CAC04	872	fn_800CAC04	auto	1	0	6	0	0	0
0x800CAF6C	612	fn_800CAF6C	auto	1	0	6	0	0	0
0x800CB1D0	360	fn_800CB1D0	auto	1	0	11	0	0	0
0x800CB338	728	fn_800CB338	auto	1	0	3	0	0	0
0x800CB610	64	fn_800CB610	auto	0	1	0	0	0	0
0x800CB650	20	fn_800CB650	auto	0	1	0	0	0	0
0x800CB664	20	fn_800CB664	auto	0	1	0	0	0	0
0x800CB678	20	fn_800CB678	auto	0	1	0	0	0	0
0x800CB68C	68	fn_800CB68C	auto	0	1	0	0	0	0
0x800CB6D0	572	fn_800CB6D0	auto	1	0	4	0	0	0
0x800CB90C	688	fn_800CB90C	auto	1	0	7	0	0	0
0x800CBBBC	732	fn_800CBBBC	auto	1	0	7	0	0	0
0x800CBE98	636	fn_800CBE98	auto	1	0	5	0	0	0
0x800CC114	704	fn_800CC114	auto	1	0	3	0	0	0
0x800CC3D4	284	fn_800CC3D4	auto	1	0	1	0	0	0
0x800CC4F0	640	fn_800CC4F0	auto	1	0	6	0	0	0
0x800CC770	636	fn_800CC770	auto	1	0	6	0	0	0
0x800CC9EC	128	fn_800CC9EC	auto	0	1	0	0	0	0
0x800CCA6C	120	fn_800CCA6C	auto	0	1	0	0	0	0
0x800CCAE4	176	fn_800CCAE4	auto	1	1	0	0	0	0
0x800CCB94	180	fn_800CCB94	auto	1	1	0	0	0	0
0x800CCC48	92	fn_800CCC48	auto	0	1	0	0	0	0
0x800CCCA4	360	fn_800CCCA4	auto	0	1	0	0	0	0
0x800CCE0C	348	fn_800CCE0C	auto	0	1	0	0	0	0
0x800CCF68	336	fn_800CCF68	auto	0	1	0	0	0	0
0x800CD0B8	100	fn_800CD0B8	auto	0	1	0	0	0	0
0x800CD11C	80	fn_800CD11C	auto	1	0	1	0	0	0
0x800CD16C	132	fn_800CD16C	auto	0	1	0	0	0	0
0x800CD1F0	128	fn_800CD1F0	auto	1	0	1	0	0	0
0x800CD270	764	fn_800CD270	auto	1	0	7	0	0	0
0x800CD56C	448	fn_800CD56C	auto	1	0	4	0	0	0
0x800CD72C	504	fn_800CD72C	auto	1	0	7	0	0	0
0x800CD924	276	fn_800CD924	auto	1	0	6	0	0	0
0x800CDA38	1212	fn_800CDA38	auto	1	0	9	0	0	0
0x800CDEF4	368	fn_800CDEF4	auto	1	0	5	0	0	0
0x800CE064	592	fn_800CE064	auto	1	0	4	0	0	0
0x800CE2B4	512	fn_800CE2B4	auto	1	0	6	0	0	0
0x800CE4B4	52	fn_800CE4B4	auto	0	1	0	0	0	0
0x800CE4E8	404	fn_800CE4E8	auto	0	1	0	0	0	0
0x800CE67C	1888	fn_800CE67C	auto	1	0	10	0	0	0
0x800CEDDC	1912	fn_800CEDDC	auto	1	0	10	0	0	0
0x800CF554	340	fn_800CF554	auto	1	0	2	0	1	0
0x800CF6A8	276	fn_800CF6A8	auto	0	1	0	0	0	0
0x800CF7BC	264	fn_800CF7BC	auto	1	0	1	0	0	0
0x800CF8C4	52	fn_800CF8C4	auto	1	0	1	0	0	0
0x800CF8F8	76	fn_800CF8F8	auto	0	1	0	0	0	0
0x800CF944	68	fn_800CF944	auto	1	0	1	0	0	0
0x800CF988	304	fn_800CF988	auto	1	0	1	0	0	0
0x800CFAB8	316	fn_800CFAB8	auto	1	0	2	0	0	0
0x800CFBF4	508	fn_800CFBF4	auto	1	0	3	0	0	0
0x800CFDF0	2568	fn_800CFDF0	auto	1	0	10	0	0	0
0x800D07F8	376	fn_800D07F8	auto	1	0	2	0	0	0
0x800D0970	856	fn_800D0970	auto	1	0	6	0	0	0
0x800D0CC8	432	fn_800D0CC8	auto	1	0	4	0	0	0
0x800D0E78	416	fn_800D0E78	auto	1	0	4	0	0	0
0x800D1018	16	fn_800D1018	auto	0	1	0	0	0	0
0x800D1028	332	fn_800D1028	auto	1	0	4	0	0	0
0x800D1174	244	fn_800D1174	auto	1	0	3	0	0	0
0x800D1268	188	fn_800D1268	auto	1	0	4	0	0	0
0x800D1324	780	fn_800D1324	auto	1	0	7	0	0	0
0x800D1630	1028	fn_800D1630	auto	1	0	17	0	0	0
0x800D1A34	296	fn_800D1A34	auto	1	0	7	0	0	0
0x800D1B5C	764	fn_800D1B5C	auto	1	0	12	0	0	0
0x800D1E58	496	fn_800D1E58	auto	1	0	19	0	0	0
0x800D2048	68	fn_800D2048	auto	1	0	2	0	0	0
0x800D208C	112	fn_800D208C	auto	1	0	2	0	0	0
0x800D20FC	68	fn_800D20FC	auto	1	0	2	0	0	0
0x800D2140	616	fn_800D2140	auto	1	0	3	0	0	0
0x800D23A8	80	fn_800D23A8	auto	0	1	0	0	0	0
0x800D23F8	84	fn_800D23F8	auto	0	1	0	0	0	0
0x800D244C	80	fn_800D244C	auto	0	1	0	0	0	0
0x800D249C	184	fn_800D249C	auto	0	1	0	0	0	0
0x800D2554	56	fn_800D2554	auto	1	0	1	0	0	0
0x800D258C	56	fn_800D258C	auto	0	1	0	0	0	0
0x800D25C4	196	fn_800D25C4	auto	1	1	0	0	0	0
0x800D2688	668	fn_800D2688	auto	1	1	0	0	0	0
0x800D2924	144	fn_800D2924	auto	0	1	0	0	0	0
0x800D29B4	360	fn_800D29B4	auto	1	0	3	0	0	0
0x800D2B1C	212	fn_800D2B1C	auto	1	0	1	0	0	0
0x800D2BF0	84	fn_800D2BF0	auto	0	1	0	0	0	0
0x800D2C44	28	fn_800D2C44	auto	0	1	0	0	0	0
0x800D2C60	20	fn_800D2C60	auto	0	1	0	0	0	0
0x800D2C74	16	fn_800D2C74	auto	0	1	0	0	0	0
0x800D2C84	16	fn_800D2C84	auto	0	1	0	0	0	0
0x800D2C94	20	fn_800D2C94	auto	0	1	0	0	0	0
0x800D2CA8	16	fn_800D2CA8	auto	0	1	0	0	0	0
0x800D2CB8	12	fn_800D2CB8	auto	0	1	0	0	0	0
0x800D2CC4	412	fn_800D2CC4	auto	1	0	3	0	0	0
0x800D2E60	1540	fn_800D2E60	auto	1	0	5	0	0	0
0x800D3464	308	fn_800D3464	auto	1	1	0	0	0	0
0x800D3598	208	fn_800D3598	auto	1	0	1	0	0	0
0x800D3668	444	fn_800D3668	auto	1	0	9	0	0	0
0x800D3824	508	fn_800D3824	auto	1	0	9	0	0	0
0x800D3A20	480	fn_800D3A20	auto	1	0	4	0	0	0
0x800D3C00	768	fn_800D3C00	auto	1	0	11	0	0	0
0x800D3F00	952	fn_800D3F00	auto	1	0	10	0	0	0
0x800D42B8	984	fn_800D42B8	auto	1	0	10	0	0	0
0x800D4690	692	fn_800D4690	auto	1	0	3	0	0	0
0x800D4944	32	fn_800D4944	auto	1	0	1	0	0	0
0x800D4964	32	fn_800D4964	auto	1	0	1	0	0	0
0x800D4984	1404	fn_800D4984	auto	1	0	9	0	0	0
0x800D4F00	644	fn_800D4F00	auto	1	0	4	0	0	0
0x800D5184	60	fn_800D5184	auto	0	1	0	0	0	0
0x800D51C0	80	fn_800D51C0	auto	0	1	0	0	0	0
0x800D5210	312	fn_800D5210	auto	1	1	0	0	0	0
0x800D5348	572	fn_800D5348	auto	1	0	6	0	0	0
0x800D5584	612	fn_800D5584	auto	1	0	10	0	0	0
0x800D57E8	484	fn_800D57E8	auto	1	0	12	0	0	0
0x800D59CC	808	fn_800D59CC	auto	1	0	8	0	0	0
0x800D5CF4	388	fn_800D5CF4	auto	1	1	0	0	0	0
0x800D5E78	284	fn_800D5E78	auto	1	1	0	0	0	0
0x800D5F94	244	fn_800D5F94	auto	0	1	0	0	0	0
0x800D6088	176	fn_800D6088	auto	1	0	1	0	0	0
0x800D6138	264	fn_800D6138	auto	1	1	0	0	0	0
0x800D6240	156	fn_800D6240	auto	1	1	0	0	0	0
0x800D62DC	180	fn_800D62DC	auto	0	1	0	0	0	0
0x800D6390	496	fn_800D6390	auto	1	0	10	0	0	0
0x800D6580	152	fn_800D6580	auto	0	1	0	0	0	0
0x800D6618	860	fn_800D6618	auto	1	0	14	0	0	0
0x800D6974	656	fn_800D6974	auto	1	0	8	0	0	0
0x800D6C04	536	fn_800D6C04	auto	1	0	8	0	0	0
0x800D6E1C	512	fn_800D6E1C	auto	1	0	3	0	0	0
0x800D701C	372	fn_800D701C	auto	1	0	3	0	0	0
0x800D7190	2420	fn_800D7190	auto	1	0	12	0	0	0
0x800D7B04	36	fn_800D7B04	auto	0	1	0	0	0	0
0x800D7B28	568	fn_800D7B28	auto	1	0	6	0	0	0
0x800D7D60	284	fn_800D7D60	auto	0	1	0	0	0	0
0x800D7E7C	408	fn_800D7E7C	auto	1	0	1	0	0	0
0x800D8014	468	fn_800D8014	auto	1	0	2	0	0	0
0x800D81E8	44	fn_800D81E8	auto	1	0	2	0	0	0
0x800D8214	664	fn_800D8214	auto	1	0	14	0	0	0
0x800D84AC	216	fn_800D84AC	auto	1	0	3	0	0	0
0x800D8584	928	fn_800D8584	auto	1	0	15	0	0	0
0x800D8924	1272	fn_800D8924	auto	1	0	18	0	0	0
0x800D8E1C	1328	fn_800D8E1C	auto	1	0	19	0	0	0
0x800D934C	1640	fn_800D934C	auto	1	0	20	0	0	0
0x800D99B4	492	fn_800D99B4	auto	1	0	8	0	0	0
0x800D9BA0	608	fn_800D9BA0	auto	1	0	5	0	0	0
0x800D9E00	528	fn_800D9E00	auto	1	0	9	0	0	0
0x800DA010	1364	fn_800DA010	auto	1	0	5	0	0	0
0x800DA564	480	fn_800DA564	auto	1	0	2	0	0	0
0x800DA744	4768	fn_800DA744	auto	1	1	0	0	0	0
0x800DB9E4	360	fn_800DB9E4	auto	1	0	1	0	0	0
0x800DBB4C	1040	fn_800DBB4C	auto	1	0	18	0	0	0
0x800DBF5C	708	fn_800DBF5C	auto	1	0	1	0	0	0
0x800DC220	772	fn_800DC220	auto	1	0	1	0	0	0
0x800DC524	772	fn_800DC524	auto	1	0	1	0	0	0
0x800DC828	848	fn_800DC828	auto	1	0	15	0	0	0
0x800DCB78	928	fn_800DCB78	auto	1	0	17	0	0	0
0x800DCF18	1692	fn_800DCF18	auto	1	0	14	0	0	0
0x800DD5B4	2220	fn_800DD5B4	auto	1	0	22	0	0	0
0x800DDE60	56	fn_800DDE60	auto	1	0	1	0	0	0
0x800DDE98	372	fn_800DDE98	auto	1	0	7	0	0	0
0x800DE00C	540	fn_800DE00C	auto	1	0	7	0	0	0
0x800DE228	188	fn_800DE228	auto	1	0	1	0	0	0
0x800DE2E4	172	fn_800DE2E4	auto	0	1	0	0	0	0
0x800DE390	88	fn_800DE390	auto	0	1	0	0	0	0
0x800DE3E8	88	fn_800DE3E8	auto	0	1	0	0	0	0
0x800DE440	276	fn_800DE440	auto	1	0	2	0	0	0
0x800DE554	68	fn_800DE554	auto	0	1	0	0	0	0
0x800DE598	84	fn_800DE598	auto	0	1	0	0	0	0
0x800DE5EC	120	fn_800DE5EC	auto	0	1	0	0	0	0
0x800DE664	856	fn_800DE664	auto	1	0	3	0	0	0
0x800DE9BC	3076	fn_800DE9BC	auto	1	0	22	0	2	0
0x800DF5C0	396	fn_800DF5C0	auto	1	0	9	0	0	0
0x800DF74C	3312	fn_800DF74C	auto	1	0	15	0	0	0
0x800E043C	20	fn_800E043C	auto	0	1	0	0	0	0
0x800E0450	32	fn_800E0450	auto	0	1	0	0	0	0
0x800E0470	112	fn_800E0470	auto	1	0	2	0	0	0
0x800E04E0	96	fn_800E04E0	auto	1	1	0	0	0	0
0x800E0540	108	fn_800E0540	auto	1	0	2	0	0	0
0x800E05AC	96	fn_800E05AC	auto	1	0	1	0	0	0
0x800E060C	40	fn_800E060C	auto	1	0	1	0	0	0
0x800E0634	376	fn_800E0634	auto	1	0	1	0	0	0
0x800E07AC	128	fn_800E07AC	auto	1	0	1	0	0	0
0x800E082C	156	fn_800E082C	auto	1	0	1	0	0	0
0x800E08C8	216	fn_800E08C8	auto	1	0	2	0	0	0
0x800E09A0	236	fn_800E09A0	auto	1	0	1	0	0	0
0x800E0A8C	28	fn_800E0A8C	auto	0	1	0	0	0	0
0x800E0AA8	40	fn_800E0AA8	auto	1	0	1	0	0	0
0x800E0AD0	56	fn_800E0AD0	auto	0	1	0	0	0	0
0x800E0B08	304	fn_800E0B08	auto	1	0	1	0	0	0
0x800E0C38	32	fn_800E0C38	auto	0	1	0	0	0	0
0x800E0C58	1556	fn_800E0C58	auto	1	0	14	0	0	0
0x800E126C	968	fn_800E126C	auto	1	0	6	0	0	0
0x800E1634	344	fn_800E1634	auto	1	0	7	0	0	0
0x800E178C	264	fn_800E178C	auto	1	0	5	0	0	0
0x800E1894	400	fn_800E1894	auto	1	0	3	0	0	0
0x800E1A24	52	fn_800E1A24	auto	0	1	0	0	0	0
0x800E1A58	1092	fn_800E1A58	auto	1	1	0	0	0	0
0x800E1E9C	1300	fn_800E1E9C	auto	1	0	5	0	0	0
0x800E23B0	1316	fn_800E23B0	auto	1	0	17	0	0	0
0x800E28D4	80	fn_800E28D4	auto	0	1	0	0	0	0
0x800E2924	168	fn_800E2924	auto	1	0	5	0	0	0
0x800E29CC	832	fn_800E29CC	auto	1	0	12	0	0	0
0x800E2D0C	844	fn_800E2D0C	auto	1	1	0	0	0	0
0x800E3058	948	fn_800E3058	auto	1	0	6	0	0	0
0x800E340C	308	fn_800E340C	auto	1	0	8	0	0	0
0x800E3540	4	fn_800E3540	auto	0	1	0	0	0	0
0x800E3544	16	fn_800E3544	auto	0	1	0	0	0	0
0x800E3554	64	fn_800E3554	auto	0	1	0	0	0	0
0x800E3594	284	fn_800E3594	auto	1	0	8	0	0	0
0x800E36B0	72	fn_800E36B0	auto	1	0	2	0	0	0
0x800E36F8	3916	fn_800E36F8	auto	1	0	3	0	0	0
0x800E4644	7952	fn_800E4644	auto	1	0	15	0	1	0
0x800E6554	620	fn_800E6554	auto	1	0	4	0	1	0
0x800E67C0	648	fn_800E67C0	auto	1	1	0	0	0	0
0x800E6A48	484	fn_800E6A48	auto	1	1	0	0	0	0
0x800E6C2C	556	fn_800E6C2C	auto	1	1	0	0	0	0
0x800E6E58	1000	fn_800E6E58	auto	1	0	2	0	0	0
0x800E7240	1780	fn_800E7240	auto	1	0	3	0	0	0
0x800E7934	984	fn_800E7934	auto	1	0	4	0	1	0
0x800E7D0C	3056	fn_800E7D0C	auto	1	0	11	0	0	0
0x800E88FC	880	fn_800E88FC	auto	1	0	12	0	0	0
0x800E8C6C	984	fn_800E8C6C	auto	1	0	11	0	0	0
0x800E9044	992	fn_800E9044	auto	1	0	11	0	0	0
0x800E9424	668	fn_800E9424	auto	1	0	11	0	0	0
0x800E96C0	1092	fn_800E96C0	auto	1	0	13	0	0	0
0x800E9B04	1060	fn_800E9B04	auto	1	0	11	0	0	0
0x800E9F28	796	fn_800E9F28	auto	1	0	10	0	0	0
0x800EA244	612	fn_800EA244	auto	1	0	2	0	0	0
0x800EA4A8	756	fn_800EA4A8	auto	1	1	0	0	0	0
0x800EA79C	784	fn_800EA79C	auto	1	0	2	0	1	0
0x800EAAAC	896	fn_800EAAAC	auto	1	0	8	0	0	0
0x800EAE2C	1588	fn_800EAE2C	auto	1	0	5	0	0	0
0x800EB460	300	fn_800EB460	auto	1	0	10	0	0	0
0x800EB58C	456	fn_800EB58C	auto	1	0	4	0	0	0
0x800EB754	440	fn_800EB754	auto	1	0	7	0	0	0
0x800EB90C	1044	fn_800EB90C	auto	1	0	8	0	0	0
0x800EBD20	800	fn_800EBD20	auto	1	0	5	0	0	0
0x800EC040	464	fn_800EC040	auto	1	0	1	0	0	0
0x800EC210	476	fn_800EC210	auto	1	0	1	0	0	0
0x800EC3EC	156	fn_800EC3EC	auto	0	1	0	0	0	0
0x800EC488	2004	fn_800EC488	auto	1	0	3	0	0	0
0x800ECC5C	1796	fn_800ECC5C	auto	1	0	2	0	0	0
0x800ED360	464	fn_800ED360	auto	1	0	1	0	0	0
0x800ED530	916	fn_800ED530	auto	1	0	2	0	0	0
0x800ED8C4	480	fn_800ED8C4	auto	1	0	1	0	0	0
0x800EDAA4	204	fn_800EDAA4	auto	1	1	0	0	0	0
0x800EDB70	968	fn_800EDB70	auto	1	0	19	0	0	0
0x800EDF38	112	fn_800EDF38	auto	1	0	3	0	0	0
0x800EDFA8	1192	fn_800EDFA8	auto	1	0	10	0	0	0
0x800EE450	204	fn_800EE450	auto	0	1	0	0	0	0
0x800EE51C	1932	fn_800EE51C	auto	1	0	7	0	0	0
0x800EECA8	300	fn_800EECA8	auto	0	1	0	0	0	0
0x800EEDD4	280	fn_800EEDD4	auto	1	1	0	0	0	0
0x800EEEEC	196	fn_800EEEEC	auto	0	1	0	0	0	0
0x800EEFB0	296	fn_800EEFB0	auto	0	1	0	0	0	0
0x800EF0D8	1628	fn_800EF0D8	auto	1	1	0	0	0	0
0x800EF734	960	fn_800EF734	auto	1	0	10	0	0	0
0x800EFAF4	1804	fn_800EFAF4	auto	1	0	3	0	1	0
0x800F0200	712	fn_800F0200	auto	1	0	3	0	0	0
0x800F04C8	920	fn_800F04C8	auto	1	0	8	0	0	0
0x800F0860	440	fn_800F0860	auto	1	0	4	0	0	0
0x800F0A18	592	fn_800F0A18	auto	1	0	5	0	0	0
0x800F0C68	244	fn_800F0C68	auto	1	0	1	0	0	0
0x800F0D5C	408	fn_800F0D5C	auto	1	0	3	0	0	0
0x800F0EF4	284	fn_800F0EF4	auto	1	0	3	0	0	0
0x800F1010	300	fn_800F1010	auto	1	0	1	0	0	0
0x800F113C	296	fn_800F113C	auto	1	0	2	0	0	0
0x800F1264	396	fn_800F1264	auto	1	0	3	0	0	0
0x800F13F0	424	fn_800F13F0	auto	1	0	7	0	1	0
0x800F1598	172	fn_800F1598	auto	1	0	2	0	0	0
0x800F1644	316	fn_800F1644	auto	1	0	4	0	0	0
0x800F1780	856	fn_800F1780	auto	1	0	4	0	0	0
0x800F1AD8	732	fn_800F1AD8	auto	1	0	12	0	0	0
0x800F1DB4	168	fn_800F1DB4	auto	0	1	0	0	0	0
0x800F1E5C	1044	fn_800F1E5C	auto	1	0	8	0	0	0
0x800F2270	500	fn_800F2270	auto	1	0	6	0	0	0
0x800F2464	4172	fn_800F2464	auto	1	0	21	0	1	0
0x800F34B0	668	fn_800F34B0	auto	1	0	6	0	0	0
0x800F374C	5276	fn_800F374C	auto	1	0	23	0	1	0
0x800F4BE8	544	fn_800F4BE8	auto	1	0	4	0	0	0
0x800F4E08	604	fn_800F4E08	auto	1	0	4	0	0	0
0x800F5064	1696	fn_800F5064	auto	1	0	12	0	0	0
0x800F5704	1384	fn_800F5704	auto	1	0	10	0	0	0
0x800F5C6C	1984	fn_800F5C6C	auto	1	0	10	0	0	0
0x800F642C	4108	fn_800F642C	auto	1	0	17	0	1	0
0x800F7438	1160	fn_800F7438	auto	1	0	6	0	0	0
0x800F78C0	1196	fn_800F78C0	auto	1	0	11	0	0	0
0x800F7D6C	1024	fn_800F7D6C	auto	1	0	3	0	1	0
0x800F816C	76	fn_800F816C	auto	1	0	1	0	0	0
0x800F81B8	852	fn_800F81B8	auto	1	0	1	0	1	0
0x800F850C	660	fn_800F850C	auto	1	0	13	0	0	0
0x800F87A0	688	fn_800F87A0	auto	1	0	17	0	0	0
0x800F8A50	4872	fn_800F8A50	auto	1	0	29	0	0	0
0x800F9D58	3220	fn_800F9D58	auto	1	0	25	0	0	0
0x800FA9EC	3336	fn_800FA9EC	auto	1	0	24	0	0	0
0x800FB6F4	4600	fn_800FB6F4	auto	1	0	28	0	0	0
0x800FC8EC	3408	fn_800FC8EC	auto	1	0	25	0	0	0
0x800FD63C	3096	fn_800FD63C	auto	1	0	25	0	0	0
0x800FE254	256	fn_800FE254	auto	0	1	0	0	0	0
0x800FE354	820	fn_800FE354	auto	1	0	12	0	0	0
0x800FE688	1132	fn_800FE688	auto	1	0	12	0	0	0
0x800FEAF4	1192	fn_800FEAF4	auto	1	0	12	0	0	0
0x800FEF9C	636	fn_800FEF9C	auto	1	1	0	0	1	0
0x800FF218	304	fn_800FF218	auto	1	0	5	0	0	0
0x800FF348	164	fn_800FF348	auto	1	0	1	0	0	0
0x800FF3EC	76	fn_800FF3EC	auto	1	0	1	0	0	0
0x800FF438	84	fn_800FF438	auto	1	0	1	0	0	0
0x800FF48C	36	fn_800FF48C	auto	0	1	0	0	0	0
0x800FF4B0	60	fn_800FF4B0	auto	1	1	0	0	0	0
0x800FF4EC	228	fn_800FF4EC	auto	1	0	2	0	0	0
0x800FF5D0	228	fn_800FF5D0	auto	1	0	2	0	0	0
0x800FF6B4	204	fn_800FF6B4	auto	1	0	3	0	0	0
0x800FF780	32	fn_800FF780	auto	1	0	1	0	0	0
0x800FF7A0	360	fn_800FF7A0	auto	0	1	0	0	0	0
0x800FF908	244	fn_800FF908	auto	0	1	0	0	0	0
0x800FF9FC	28	fn_800FF9FC	auto	0	1	0	0	0	0
0x800FFA18	268	fn_800FFA18	auto	1	0	5	0	0	0
0x800FFB24	1484	fn_800FFB24	auto	1	0	12	0	0	0
0x801000F0	96	fn_801000F0	auto	1	0	1	0	0	0
0x80100150	40	fn_80100150	auto	1	0	1	0	0	0
0x80100178	248	fn_80100178	auto	1	0	5	0	0	0
0x80100270	96	fn_80100270	auto	1	0	2	0	0	0
0x801002D0	188	fn_801002D0	auto	1	0	4	0	0	0
0x8010038C	104	fn_8010038C	auto	1	0	2	0	0	0
0x801003F4	48	fn_801003F4	auto	1	0	2	0	0	0
0x80100424	160	fn_80100424	auto	1	0	7	0	0	0
0x801004C4	308	fn_801004C4	auto	1	0	2	0	0	0
0x801005F8	52	fn_801005F8	auto	0	1	0	0	0	0
0x8010062C	88	fn_8010062C	auto	0	1	0	0	0	0
0x80100684	60	fn_80100684	auto	1	0	1	0	0	0
0x801006C0	32	fn_801006C0	auto	1	0	1	0	0	0
0x801006E0	32	fn_801006E0	auto	1	0	1	0	0	0
0x80100700	32	fn_80100700	auto	1	0	1	0	0	0
0x80100720	36	fn_80100720	auto	1	0	1	0	0	0
0x80100744	36	fn_80100744	auto	1	0	1	0	0	0
0x80100768	244	fn_80100768	auto	1	0	6	0	0	0
0x8010085C	208	fn_8010085C	auto	1	0	4	0	0	0
0x8010092C	376	fn_8010092C	auto	1	0	6	0	0	0
0x80100AA4	208	fn_80100AA4	auto	1	0	3	0	0	0
0x80100B74	132	fn_80100B74	auto	1	0	3	0	0	0
0x80100BF8	536	fn_80100BF8	auto	1	0	4	0	0	0
0x80100E10	88	fn_80100E10	auto	1	0	2	0	0	0
0x80100E68	504	fn_80100E68	auto	1	0	3	0	0	0
0x80101060	44	fn_80101060	auto	1	0	1	0	0	0
0x8010108C	56	fn_8010108C	auto	1	0	1	0	0	0
0x801010C4	8	fn_801010C4	auto	0	1	0	0	0	0
0x801010CC	140	fn_801010CC	auto	0	1	0	0	0	0
0x80101158	268	fn_80101158	auto	1	0	20	0	0	0
0x80101264	276	fn_80101264	auto	1	0	18	0	0	0
0x80101378	284	fn_80101378	auto	1	0	20	0	0	0
0x80101494	280	fn_80101494	auto	1	0	8	0	0	0
0x801015AC	636	fn_801015AC	auto	1	0	16	0	0	0
0x80101828	1596	fn_80101828	auto	1	0	45	0	1	0
0x80101E64	904	fn_80101E64	auto	1	0	16	0	0	0
0x801021EC	272	fn_801021EC	auto	1	0	3	0	0	0
0x801022FC	528	fn_801022FC	auto	1	0	5	0	0	0
0x8010250C	3124	fn_8010250C	auto	1	0	19	0	0	0
0x80103140	392	fn_80103140	auto	1	0	5	0	0	0
0x801032C8	500	fn_801032C8	auto	1	0	6	0	0	0
0x801034BC	352	fn_801034BC	auto	1	0	5	0	0	0
0x8010361C	1308	fn_8010361C	auto	1	0	8	0	0	0
0x80103B38	216	fn_80103B38	auto	1	0	3	0	0	0
0x80103C10	1000	fn_80103C10	auto	1	0	11	0	0	0
0x80103FF8	644	fn_80103FF8	auto	1	0	8	0	0	0
0x8010427C	468	fn_8010427C	auto	1	0	8	0	0	0
0x80104450	644	fn_80104450	auto	1	0	14	0	0	0
0x801046D4	616	fn_801046D4	auto	1	0	12	0	0	0
0x8010493C	564	fn_8010493C	auto	1	0	12	0	0	0
0x80104B70	268	fn_80104B70	auto	1	0	3	0	0	0
0x80104C7C	232	fn_80104C7C	auto	1	0	1	0	1	0
0x80104D64	756	fn_80104D64	auto	1	0	8	0	0	0
0x80105058	328	fn_80105058	auto	1	0	6	0	0	0
0x801051A0	264	fn_801051A0	auto	1	0	4	0	0	0
0x801052A8	952	fn_801052A8	auto	1	0	8	0	0	0
0x80105660	416	fn_80105660	auto	1	0	5	0	0	0
0x80105800	1488	fn_80105800	auto	1	0	20	0	0	0
0x80105DD0	1624	fn_80105DD0	auto	1	0	21	0	0	0
0x80106428	1252	fn_80106428	auto	1	0	20	0	0	0
0x8010690C	144	fn_8010690C	auto	1	0	2	0	0	0
0x8010699C	1348	fn_8010699C	auto	1	0	21	0	0	0
0x80106EE0	1236	fn_80106EE0	auto	1	0	20	0	0	0
0x801073B4	1360	fn_801073B4	auto	1	0	22	0	0	0
0x80107904	532	fn_80107904	auto	1	0	5	0	0	0
0x80107B18	268	fn_80107B18	auto	1	0	11	0	0	0
0x80107C24	364	fn_80107C24	auto	1	0	1	0	0	0
0x80107D90	352	fn_80107D90	auto	1	0	2	0	0	0
0x80107EF0	716	fn_80107EF0	auto	1	0	6	0	0	0
0x801081BC	460	fn_801081BC	auto	1	0	9	0	0	0
0x80108388	388	fn_80108388	auto	1	0	4	0	0	0
0x8010850C	396	fn_8010850C	auto	1	0	6	0	0	0
0x80108698	400	fn_80108698	auto	1	0	4	0	0	0
0x80108828	400	fn_80108828	auto	1	0	5	0	0	0
0x801089B8	740	fn_801089B8	auto	1	0	11	0	0	0
0x80108C9C	4	fn_80108C9C	auto	0	1	0	0	0	0
0x80108CA0	4	fn_80108CA0	auto	0	1	0	0	0	0
0x80108CA4	32	fn_80108CA4	auto	1	0	1	0	0	0
0x80108CC4	308	fn_80108CC4	auto	1	0	4	0	0	0
0x80108DF8	56	fn_80108DF8	auto	1	0	1	0	0	0
0x80108E30	632	fn_80108E30	auto	1	0	6	0	0	0
0x801090A8	112	fn_801090A8	auto	1	0	1	0	0	0
0x80109118	224	fn_80109118	auto	1	0	3	0	0	0
0x801091F8	200	fn_801091F8	auto	1	0	1	0	0	0
0x801092C0	200	fn_801092C0	auto	1	0	1	0	0	0
0x80109388	124	fn_80109388	auto	1	0	2	0	0	0
0x80109404	100	fn_80109404	auto	1	0	2	0	0	0
0x80109468	96	fn_80109468	auto	0	1	0	0	0	0
0x801094C8	116	fn_801094C8	auto	1	0	1	0	0	0
0x8010953C	224	fn_8010953C	auto	1	0	3	0	0	0
0x8010961C	224	fn_8010961C	auto	1	0	3	0	0	0
0x801096FC	252	fn_801096FC	auto	1	0	3	0	0	0
0x801097F8	56	fn_801097F8	auto	1	0	1	0	0	0
0x80109830	56	fn_80109830	auto	1	0	1	0	0	0
0x80109868	484	fn_80109868	auto	1	0	6	0	0	0
0x80109A4C	72	fn_80109A4C	auto	1	0	1	0	0	0
0x80109A94	248	fn_80109A94	auto	1	0	6	0	0	0
0x80109B8C	488	fn_80109B8C	auto	1	0	10	0	0	0
0x80109D74	88	fn_80109D74	auto	1	0	1	0	0	0
0x80109DCC	176	fn_80109DCC	auto	1	0	6	0	0	0
0x80109E7C	112	fn_80109E7C	auto	1	0	2	0	0	0
0x80109EEC	164	fn_80109EEC	auto	1	0	5	0	0	0
0x80109F90	260	fn_80109F90	auto	1	0	10	0	0	0
0x8010A094	44	fn_8010A094	auto	1	0	1	0	0	0
0x8010A0C0	164	fn_8010A0C0	auto	1	0	3	0	0	0
0x8010A164	176	fn_8010A164	auto	1	0	1	0	0	0
0x8010A214	44	fn_8010A214	auto	0	1	0	0	0	0
0x8010A240	48	fn_8010A240	auto	0	1	0	0	0	0
0x8010A270	8	fn_8010A270	auto	0	1	0	0	0	0
0x8010A278	696	fn_8010A278	auto	1	0	5	0	0	0
0x8010A530	44	fn_8010A530	auto	0	1	0	0	0	0
0x8010A55C	484	fn_8010A55C	auto	1	0	8	0	0	0
0x8010A740	244	fn_8010A740	auto	1	0	8	0	0	0
0x8010A834	812	fn_8010A834	auto	1	0	17	0	0	0
0x8010AB60	116	fn_8010AB60	auto	0	1	0	0	0	0
0x8010ABD4	44	fn_8010ABD4	auto	0	1	0	0	0	0
0x8010AC00	656	fn_8010AC00	auto	1	0	15	0	0	0
0x8010AE90	424	fn_8010AE90	auto	1	0	10	0	0	0
0x8010B038	512	fn_8010B038	auto	1	0	12	0	0	0
0x8010B238	32	fn_8010B238	auto	1	0	1	0	0	0
0x8010B258	852	fn_8010B258	auto	1	0	5	0	0	0
0x8010B5AC	224	fn_8010B5AC	auto	1	0	1	0	0	0
0x8010B68C	256	fn_8010B68C	auto	1	0	1	0	0	0
0x8010B78C	256	fn_8010B78C	auto	1	0	1	0	0	0
0x8010B88C	180	fn_8010B88C	auto	1	0	1	0	0	0
0x8010B940	244	fn_8010B940	auto	1	0	1	0	0	0
0x8010BA34	172	fn_8010BA34	auto	1	0	1	0	0	0
0x8010BAE0	248	fn_8010BAE0	auto	1	0	3	0	0	0
0x8010BBD8	1292	fn_8010BBD8	auto	1	0	6	0	1	0
0x8010C0E4	456	fn_8010C0E4	auto	1	0	2	0	0	0
0x8010C2AC	216	fn_8010C2AC	auto	1	0	1	0	0	0
0x8010C384	128	fn_8010C384	auto	0	1	0	0	0	0
0x8010C404	440	fn_8010C404	auto	1	0	4	0	0	0
0x8010C5BC	484	fn_8010C5BC	auto	1	0	3	0	0	0
0x8010C7A0	220	fn_8010C7A0	auto	1	0	2	0	0	0
0x8010C87C	252	fn_8010C87C	auto	1	0	2	0	0	0
0x8010C978	452	fn_8010C978	auto	1	0	4	0	0	0
0x8010CB3C	312	fn_8010CB3C	auto	1	0	3	0	0	0
0x8010CC74	608	fn_8010CC74	auto	1	0	8	0	0	0
0x8010CED4	36	fn_8010CED4	auto	0	1	0	0	0	0
0x8010CEF8	128	fn_8010CEF8	auto	1	0	4	0	0	0
0x8010CF78	436	fn_8010CF78	auto	1	0	2	0	0	0
0x8010D12C	340	fn_8010D12C	auto	1	0	2	0	0	0
0x8010D280	472	fn_8010D280	auto	1	0	3	0	0	0
0x8010D458	156	fn_8010D458	auto	0	1	0	0	0	0
0x8010D4F4	972	fn_8010D4F4	auto	1	0	12	0	0	0
0x8010D8C0	1276	fn_8010D8C0	auto	1	0	11	0	0	0
0x8010DDBC	200	fn_8010DDBC	auto	1	0	5	0	0	0
0x8010DE84	100	fn_8010DE84	auto	1	0	2	0	0	0
0x8010DEE8	396	fn_8010DEE8	auto	1	0	2	0	0	0
0x8010E074	240	fn_8010E074	auto	1	0	8	0	0	0
0x8010E164	44	fn_8010E164	auto	1	0	1	0	0	0
0x8010E190	44	fn_8010E190	auto	1	0	1	0	0	0
0x8010E1BC	44	fn_8010E1BC	auto	1	0	1	0	0	0
0x8010E1E8	44	fn_8010E1E8	auto	1	0	1	0	0	0
0x8010E214	44	fn_8010E214	auto	1	0	1	0	0	0
0x8010E240	44	fn_8010E240	auto	1	0	1	0	0	0
0x8010E26C	4	fn_8010E26C	auto	0	1	0	0	0	0
0x8010E270	428	fn_8010E270	auto	1	0	2	0	0	0
0x8010E41C	416	fn_8010E41C	auto	1	0	4	0	0	0
0x8010E5BC	1484	fn_8010E5BC	auto	1	0	5	0	0	0
0x8010EB88	336	fn_8010EB88	auto	1	0	5	0	0	0
0x8010ECD8	552	fn_8010ECD8	auto	1	0	5	0	0	0
0x8010EF00	664	fn_8010EF00	auto	1	0	5	0	0	0
0x8010F198	528	fn_8010F198	auto	1	0	5	0	0	0
0x8010F3A8	332	fn_8010F3A8	auto	1	0	7	0	0	0
0x8010F4F4	340	fn_8010F4F4	auto	1	0	8	0	0	0
0x8010F648	732	fn_8010F648	auto	1	0	10	0	0	0
0x8010F924	332	fn_8010F924	auto	1	0	9	0	0	0
0x8010FA70	3900	fn_8010FA70	auto	1	0	21	0	0	0
0x801109AC	244	fn_801109AC	auto	1	0	4	0	0	0
0x80110AA0	608	fn_80110AA0	auto	1	0	13	0	0	0
0x80110D00	700	fn_80110D00	auto	1	0	6	0	0	0
0x80110FBC	860	fn_80110FBC	auto	1	0	6	0	0	0
0x80111318	724	fn_80111318	auto	1	0	6	0	0	0
0x801115EC	472	fn_801115EC	auto	1	0	6	0	0	0
0x801117C4	528	fn_801117C4	auto	1	0	6	0	0	0
0x801119D4	164	fn_801119D4	auto	1	0	3	0	0	0
0x80111A78	448	fn_80111A78	auto	1	0	6	0	0	0
0x80111C38	432	fn_80111C38	auto	1	0	6	0	0	0
0x80111DE8	476	fn_80111DE8	auto	1	0	6	0	0	0
0x80111FC4	680	fn_80111FC4	auto	1	0	10	0	0	0
0x8011226C	556	fn_8011226C	auto	1	0	8	0	0	0
0x80112498	976	fn_80112498	auto	1	0	15	0	1	0
0x80112868	844	fn_80112868	auto	1	0	5	0	0	0
0x80112BB4	616	fn_80112BB4	auto	1	0	5	0	0	0
0x80112E1C	616	fn_80112E1C	auto	1	0	5	0	0	0
0x80113084	1256	fn_80113084	auto	1	0	13	0	0	0
0x8011356C	196	fn_8011356C	auto	1	0	3	0	0	0
0x80113630	772	fn_80113630	auto	1	0	7	0	0	0
0x80113934	444	fn_80113934	auto	1	0	6	0	0	0
0x80113AF0	824	fn_80113AF0	auto	1	0	6	0	0	0
0x80113E28	784	fn_80113E28	auto	1	0	10	0	0	0
0x80114138	876	fn_80114138	auto	1	0	2	0	0	0
0x801144A4	836	fn_801144A4	auto	1	0	4	0	0	0
0x801147E8	360	fn_801147E8	auto	1	0	5	0	0	0
0x80114950	244	fn_80114950	auto	1	0	3	0	0	0
0x80114A44	116	fn_80114A44	auto	0	1	0	0	1	0
0x80114AB8	108	fn_80114AB8	auto	0	1	0	0	1	0
0x80114B24	352	fn_80114B24	auto	0	1	0	0	1	0
0x80114C84	1112	fn_80114C84	auto	1	0	4	0	0	0
0x801150DC	48	fn_801150DC	auto	1	0	1	0	0	0
0x8011510C	48	fn_8011510C	auto	1	0	1	0	0	0
0x8011513C	1704	fn_8011513C	auto	1	0	6	0	0	0
0x801157E4	616	fn_801157E4	auto	1	0	8	0	0	0
0x80115A4C	368	fn_80115A4C	auto	1	0	1	0	0	0
0x80115BBC	752	fn_80115BBC	auto	1	0	7	0	0	0
0x80115EAC	372	fn_80115EAC	auto	1	0	4	0	0	0
0x80116020	8	fn_80116020	auto	0	1	0	0	0	0
0x80116028	52	fn_80116028	auto	1	0	1	0	0	0
0x8011605C	344	fn_8011605C	auto	1	0	5	0	0	0
0x801161B4	120	fn_801161B4	auto	0	1	0	0	0	0
0x8011622C	912	fn_8011622C	auto	1	0	8	0	0	0
0x801165BC	8	fn_801165BC	auto	0	1	0	0	0	0
0x801165C4	72	fn_801165C4	auto	1	0	2	0	0	0
0x8011660C	652	fn_8011660C	auto	1	0	8	0	0	0
0x80116898	244	fn_80116898	auto	0	1	0	0	0	0
0x8011698C	72	fn_8011698C	auto	1	0	1	0	0	0
0x801169D4	432	fn_801169D4	auto	1	0	5	0	0	0
0x80116B84	936	fn_80116B84	auto	1	0	6	0	0	0
0x80116F2C	348	fn_80116F2C	auto	1	0	4	0	0	0
0x80117088	520	fn_80117088	auto	1	0	6	0	0	0
0x80117290	332	fn_80117290	auto	1	0	4	0	0	0
0x801173DC	352	fn_801173DC	auto	0	1	0	0	0	0
0x8011753C	336	fn_8011753C	auto	1	0	5	0	0	0
0x8011768C	188	fn_8011768C	auto	0	1	0	0	0	0
0x80117748	92	fn_80117748	auto	1	0	3	0	0	0
0x801177A4	532	fn_801177A4	auto	1	0	3	0	0	0
0x801179B8	484	fn_801179B8	auto	1	0	1	0	0	0
0x80117B9C	72	fn_80117B9C	auto	1	1	0	0	0	0
0x80117BE4	1416	fn_80117BE4	auto	1	0	7	0	0	0
0x8011816C	152	fn_8011816C	auto	1	0	2	0	0	0
0x80118204	356	fn_80118204	auto	1	0	4	0	0	0
0x80118368	472	fn_80118368	auto	1	0	2	0	0	0
0x80118540	56	fn_80118540	auto	0	1	0	0	0	0
0x80118578	48	fn_80118578	auto	0	1	0	0	0	0
0x801185A8	44	fn_801185A8	auto	0	1	0	0	0	0
0x801185D4	260	fn_801185D4	auto	1	0	1	0	0	0
0x801186D8	624	fn_801186D8	auto	1	0	2	0	0	0
0x80118948	168	fn_80118948	auto	1	0	2	0	0	0
0x801189F0	180	fn_801189F0	auto	1	0	3	0	0	0
0x80118AA4	2880	fn_80118AA4	auto	1	0	8	0	0	0
0x801195E4	352	fn_801195E4	auto	0	1	0	0	0	0
0x80119744	268	fn_80119744	auto	1	0	7	0	0	0
0x80119850	472	fn_80119850	auto	1	0	7	0	0	0
0x80119A28	204	fn_80119A28	auto	1	0	2	0	0	0
0x80119AF4	860	fn_80119AF4	auto	1	0	11	0	0	0
0x80119E50	420	fn_80119E50	auto	1	0	2	0	0	0
0x80119FF4	692	fn_80119FF4	auto	1	0	18	0	0	0
0x8011A2A8	44	fn_8011A2A8	auto	1	0	1	0	0	0
0x8011A2D4	1500	fn_8011A2D4	auto	1	0	9	0	0	0
0x8011A8B0	176	fn_8011A8B0	auto	1	1	0	0	0	0
0x8011A960	52	fn_8011A960	auto	0	1	0	0	0	0
0x8011A994	1360	fn_8011A994	auto	1	0	1	0	0	0
0x8011AEE4	320	fn_8011AEE4	auto	1	0	1	0	0	0
0x8011B024	260	fn_8011B024	auto	1	0	1	0	0	0
0x8011B128	272	fn_8011B128	auto	1	0	3	0	0	0
0x8011B238	80	fn_8011B238	auto	1	1	0	0	0	0
0x8011B288	8	fn_8011B288	auto	0	1	0	0	0	0
0x8011B290	8	fn_8011B290	auto	0	1	0	0	0	0
0x8011B298	432	fn_8011B298	auto	1	0	1	0	0	0
0x8011B448	476	fn_8011B448	auto	1	0	9	0	0	0
0x8011B624	188	fn_8011B624	auto	0	1	0	0	0	0
0x8011B6E0	320	fn_8011B6E0	auto	1	0	1	0	0	0
0x8011B820	644	fn_8011B820	auto	1	0	10	0	0	0
0x8011BAA4	44	fn_8011BAA4	auto	0	1	0	0	0	0
0x8011BAD0	16	fn_8011BAD0	auto	0	1	0	0	0	0
0x8011BAE0	8	fn_8011BAE0	auto	0	1	0	0	0	0
0x8011BAE8	628	fn_8011BAE8	auto	1	0	2	0	0	0
0x8011BD5C	2812	fn_8011BD5C	auto	1	0	15	0	0	0
0x8011C858	528	fn_8011C858	auto	1	0	8	0	0	0
0x8011CA68	516	fn_8011CA68	auto	0	1	0	0	0	0
0x8011CC6C	8	fn_8011CC6C	auto	0	1	0	0	0	0
0x8011CC74	496	fn_8011CC74	auto	1	0	8	0	0	0
0x8011CE64	8	fn_8011CE64	auto	0	1	0	0	0	0
0x8011CE6C	448	fn_8011CE6C	auto	1	0	12	0	0	0
0x8011D02C	684	fn_8011D02C	auto	1	0	1	0	0	0
0x8011D2D8	624	fn_8011D2D8	auto	1	0	18	0	0	0
0x8011D548	628	fn_8011D548	auto	1	0	12	0	0	0
0x8011D7BC	412	fn_8011D7BC	auto	0	1	0	0	0	0
0x8011D958	1092	fn_8011D958	auto	1	0	2	0	0	0
0x8011DD9C	676	fn_8011DD9C	auto	1	0	11	0	0	0
0x8011E040	8	fn_8011E040	auto	0	1	0	0	0	0
0x8011E048	520	fn_8011E048	auto	1	1	0	0	0	0
0x8011E250	1244	fn_8011E250	auto	1	0	2	0	0	0
0x8011E72C	2260	fn_8011E72C	auto	1	0	15	0	0	0
0x8011F000	628	fn_8011F000	auto	1	0	12	0	0	0
0x8011F274	472	fn_8011F274	auto	1	0	1	0	0	0
0x8011F44C	276	fn_8011F44C	auto	1	0	1	0	0	0
0x8011F560	840	fn_8011F560	auto	1	0	3	0	0	0
0x8011F8A8	872	fn_8011F8A8	auto	1	0	3	0	0	0
0x8011FC10	540	fn_8011FC10	auto	1	0	2	0	0	0
0x8011FE2C	452	fn_8011FE2C	auto	1	0	2	0	0	0
0x8011FFF0	724	fn_8011FFF0	auto	1	0	2	0	0	0
0x801202C4	456	fn_801202C4	auto	1	1	0	0	0	0
0x8012048C	400	fn_8012048C	auto	1	0	1	0	0	0
0x8012061C	784	fn_8012061C	auto	1	0	2	0	0	0
0x8012092C	292	fn_8012092C	auto	1	0	9	0	0	0
0x80120A50	64	fn_80120A50	auto	0	1	0	0	0	0
0x80120A90	468	fn_80120A90	auto	1	0	8	0	0	0
0x80120C64	1924	fn_80120C64	auto	1	0	11	0	0	0
0x801213E8	8	fn_801213E8	auto	0	1	0	0	0	0
0x801213F0	656	fn_801213F0	auto	1	0	9	0	0	0
0x80121680	664	fn_80121680	auto	1	0	9	0	0	0
0x80121918	516	fn_80121918	auto	1	0	7	0	0	0
0x80121B1C	8	fn_80121B1C	auto	0	1	0	0	0	0
0x80121B24	1924	fn_80121B24	auto	1	0	11	0	0	0
0x801222A8	244	fn_801222A8	auto	1	0	3	0	0	0
0x8012239C	364	fn_8012239C	auto	1	0	9	0	0	0
0x80122508	608	fn_80122508	auto	1	0	9	0	0	0
0x80122768	8	fn_80122768	auto	0	1	0	0	0	0
0x80122770	8	fn_80122770	auto	0	1	0	0	0	0
0x80122778	296	fn_80122778	auto	1	0	3	0	0	0
0x801228A0	352	fn_801228A0	auto	1	0	3	0	0	0
0x80122A00	308	fn_80122A00	auto	1	0	2	0	0	0
0x80122B34	552	fn_80122B34	auto	1	0	8	0	0	0
0x80122D5C	380	fn_80122D5C	auto	1	0	2	0	0	0
0x80122ED8	412	fn_80122ED8	auto	1	0	1	0	0	0
0x80123074	388	fn_80123074	auto	1	0	4	0	0	0
0x801231F8	1524	fn_801231F8	auto	1	0	6	0	0	0
0x801237EC	600	fn_801237EC	auto	1	0	2	0	0	0
0x80123A44	632	fn_80123A44	auto	1	0	9	0	0	0
0x80123CBC	464	fn_80123CBC	auto	1	0	10	0	0	0
0x80123E8C	16	fn_80123E8C	auto	0	1	0	0	0	0
0x80123E9C	20	fn_80123E9C	auto	0	1	0	0	0	0
0x80123EB0	52	fn_80123EB0	auto	1	0	1	0	0	0
0x80123EE4	76	fn_80123EE4	auto	1	0	2	0	0	0
0x80123F30	472	fn_80123F30	auto	1	0	15	0	0	0
0x80124108	648	fn_80124108	auto	1	0	22	0	0	0
0x80124390	52	fn_80124390	auto	1	0	1	0	0	0
0x801243C4	40	fn_801243C4	auto	1	0	1	0	0	0
0x801243EC	60	fn_801243EC	auto	0	1	0	0	0	0
0x80124428	524	fn_80124428	auto	1	1	0	0	0	0
0x80124634	572	fn_80124634	auto	1	0	5	0	0	0
0x80124870	84	fn_80124870	auto	1	0	2	0	0	0
0x801248C4	440	fn_801248C4	auto	1	0	4	0	0	0
0x80124A7C	492	fn_80124A7C	auto	1	1	0	0	0	0
0x80124C68	124	fn_80124C68	auto	1	0	4	0	0	0
0x80124CE4	1796	fn_80124CE4	auto	1	0	21	0	0	0
0x801253E8	872	fn_801253E8	auto	1	0	2	0	1	0
0x80125750	208	fn_80125750	auto	0	1	0	0	0	0
0x80125820	488	fn_80125820	auto	1	0	2	0	0	0
0x80125A08	344	fn_80125A08	auto	1	0	1	0	0	0
0x80125B60	304	fn_80125B60	auto	1	1	0	0	0	0
0x80125C90	176	fn_80125C90	auto	1	0	2	0	0	0
0x80125D40	724	fn_80125D40	auto	1	0	8	0	1	0
0x80126014	260	fn_80126014	auto	1	0	5	0	0	0
0x80126118	572	fn_80126118	auto	1	0	2	0	0	0
0x80126354	180	fn_80126354	auto	1	0	4	0	0	0
0x80126408	84	fn_80126408	auto	1	0	3	0	0	0
0x8012645C	72	fn_8012645C	auto	1	0	2	0	0	0
0x801264A4	32	fn_801264A4	auto	1	0	1	0	0	0
0x801264C4	1836	fn_801264C4	auto	1	0	6	0	0	0
0x80126BF0	556	fn_80126BF0	auto	1	0	17	0	1	0
0x80126E1C	8	fn_80126E1C	auto	0	1	0	0	0	0
0x80126E24	232	fn_80126E24	auto	1	0	1	0	0	0
0x80126F0C	100	fn_80126F0C	auto	0	1	0	0	0	0
0x80126F70	236	fn_80126F70	auto	0	1	0	0	0	0
0x8012705C	1412	fn_8012705C	auto	1	0	3	0	0	0
0x801275E0	264	fn_801275E0	auto	1	0	1	0	0	0
0x801276E8	520	fn_801276E8	auto	1	0	3	0	0	0
0x801278F0	164	fn_801278F0	auto	0	1	0	0	0	0
0x80127994	504	fn_80127994	auto	1	0	17	0	0	0
0x80127B8C	52	fn_80127B8C	auto	1	0	1	0	0	0
0x80127BC0	612	fn_80127BC0	auto	1	0	4	0	0	0
0x80127E24	252	fn_80127E24	auto	1	0	2	0	0	0
0x80127F20	488	fn_80127F20	auto	1	0	23	0	0	0
0x80128108	52	fn_80128108	auto	0	1	0	0	0	0
0x8012813C	172	fn_8012813C	auto	1	1	0	0	0	0
0x801281E8	220	fn_801281E8	auto	1	1	0	0	0	0
0x801282C4	224	fn_801282C4	auto	1	1	0	0	0	0
0x801283A4	112	fn_801283A4	auto	1	1	0	0	0	0
0x80128414	172	fn_80128414	auto	1	1	0	0	0	0
0x801284C0	280	fn_801284C0	auto	1	1	0	0	0	0
0x801285D8	152	fn_801285D8	auto	1	1	0	0	0	0
0x80128670	132	fn_80128670	auto	1	1	0	0	0	0
0x801286F4	580	fn_801286F4	auto	1	1	0	0	0	0
0x80128938	228	fn_80128938	auto	1	1	0	0	0	0
0x80128A1C	280	fn_80128A1C	auto	1	1	0	0	0	0
0x80128B34	232	fn_80128B34	auto	1	1	0	0	0	0
0x80128C1C	392	fn_80128C1C	auto	1	1	0	0	0	0
0x80128DA4	216	fn_80128DA4	auto	1	1	0	0	0	0
0x80128E7C	176	fn_80128E7C	auto	1	1	0	0	0	0
0x80128F2C	84	fn_80128F2C	auto	1	0	3	0	0	0
0x80128F80	216	fn_80128F80	auto	1	0	6	0	0	0
0x80129058	180	fn_80129058	auto	1	0	1	0	0	0
0x8012910C	1108	fn_8012910C	auto	1	0	8	0	0	0
0x80129560	140	fn_80129560	auto	1	0	4	0	0	0
0x801295EC	216	fn_801295EC	auto	1	0	5	0	0	0
0x801296C4	140	fn_801296C4	auto	1	0	4	0	0	0
0x80129750	196	fn_80129750	auto	1	0	5	0	0	0
0x80129814	184	fn_80129814	auto	1	0	2	0	0	0
0x801298CC	28	fn_801298CC	auto	0	1	0	0	0	0
0x801298E8	160	fn_801298E8	auto	1	1	0	0	0	0
0x80129988	12	fn_80129988	auto	0	1	0	0	0	0
0x80129994	12	fn_80129994	auto	0	1	0	0	0	0
0x801299A0	20	fn_801299A0	auto	0	1	0	0	0	0
0x801299B4	240	fn_801299B4	auto	1	0	2	0	0	0
0x80129AA4	304	fn_80129AA4	auto	1	0	4	0	0	0
0x80129BD4	212	fn_80129BD4	auto	1	1	0	0	0	0
0x80129CA8	152	fn_80129CA8	auto	1	0	3	0	0	0
0x80129D40	144	fn_80129D40	auto	1	0	1	0	0	0
0x80129DD0	1180	fn_80129DD0	auto	1	0	8	0	0	0
0x8012A26C	304	fn_8012A26C	auto	1	0	11	0	0	0
0x8012A39C	664	fn_8012A39C	auto	1	0	9	0	0	0
0x8012A634	680	fn_8012A634	auto	1	0	10	0	0	0
0x8012A8DC	36	fn_8012A8DC	auto	0	1	0	0	0	0
0x8012A900	84	fn_8012A900	auto	1	0	1	0	0	0
0x8012A954	84	fn_8012A954	auto	1	0	1	0	0	0
0x8012A9A8	84	fn_8012A9A8	auto	1	0	1	0	0	0
0x8012A9FC	72	fn_8012A9FC	auto	1	0	11	0	0	0
0x8012AA44	72	fn_8012AA44	auto	1	0	11	0	0	0
0x8012AA8C	248	fn_8012AA8C	auto	1	0	3	0	0	0
0x8012AB84	560	fn_8012AB84	auto	1	0	10	0	0	0
0x8012ADB4	16	fn_8012ADB4	auto	0	1	0	0	0	0
0x8012ADC4	36	fn_8012ADC4	auto	0	1	0	0	0	0
0x8012ADE8	64	fn_8012ADE8	auto	1	1	0	0	0	0
0x8012AE28	64	fn_8012AE28	auto	1	1	0	0	0	0
0x8012AE68	64	fn_8012AE68	auto	1	1	0	0	0	0
0x8012AEA8	16	fn_8012AEA8	auto	0	1	0	0	0	0
0x8012AEB8	24	fn_8012AEB8	auto	0	1	0	0	0	0
0x8012AED0	24	fn_8012AED0	auto	0	1	0	0	0	0
0x8012AEE8	16	fn_8012AEE8	auto	0	1	0	0	0	0
0x8012AEF8	92	fn_8012AEF8	auto	1	0	3	0	0	0
0x8012AF54	256	fn_8012AF54	auto	0	1	0	0	0	0
0x8012B054	388	fn_8012B054	auto	1	0	3	0	0	0
0x8012B1D8	304	fn_8012B1D8	auto	1	0	3	0	0	0
0x8012B308	372	fn_8012B308	auto	1	0	3	0	0	0
0x8012B47C	1580	fn_8012B47C	auto	1	0	9	0	1	0
0x8012BAA8	416	fn_8012BAA8	auto	1	0	2	0	0	0
0x8012BC48	236	fn_8012BC48	auto	1	0	1	0	1	0
0x8012BD34	788	fn_8012BD34	auto	1	1	0	0	0	0
0x8012C048	24	fn_8012C048	auto	0	1	0	0	0	0
0x8012C060	16	fn_8012C060	auto	0	1	0	0	0	0
0x8012C070	104	fn_8012C070	auto	1	0	2	0	0	0
0x8012C0D8	156	fn_8012C0D8	auto	1	0	1	0	0	0
0x8012C174	540	fn_8012C174	auto	1	0	1	0	1	0
0x8012C390	76	fn_8012C390	auto	0	1	0	0	0	0
0x8012C3DC	20	fn_8012C3DC	auto	0	1	0	0	0	0
0x8012C3F0	100	fn_8012C3F0	auto	1	0	1	0	0	0
0x8012C454	16	fn_8012C454	auto	0	1	0	0	0	0
0x8012C464	16	fn_8012C464	auto	0	1	0	0	0	0
0x8012C474	116	fn_8012C474	auto	0	1	0	0	0	0
0x8012C4E8	244	fn_8012C4E8	auto	1	0	2	0	0	0
0x8012C5DC	32	fn_8012C5DC	auto	0	1	0	0	0	0
0x8012C5FC	24	fn_8012C5FC	auto	0	1	0	0	0	0
0x8012C614	52	fn_8012C614	auto	0	1	0	0	0	0
0x8012C648	24	fn_8012C648	auto	0	1	0	0	0	0
0x8012C660	16	fn_8012C660	auto	0	1	0	0	0	0
0x8012C670	212	fn_8012C670	auto	1	0	2	0	0	0
0x8012C744	164	fn_8012C744	auto	1	0	3	0	0	0
0x8012C7E8	612	fn_8012C7E8	auto	1	0	6	0	1	0
0x8012CA4C	1044	fn_8012CA4C	auto	1	0	1	0	0	0
0x8012CE60	360	fn_8012CE60	auto	1	0	3	0	1	0
0x8012CFC8	300	fn_8012CFC8	auto	1	0	4	0	0	0
0x8012D0F4	1044	fn_8012D0F4	auto	1	0	4	0	0	0
0x8012D508	600	fn_8012D508	auto	1	0	1	0	1	0
0x8012D760	952	fn_8012D760	auto	1	0	3	0	0	0
0x8012DB18	1224	fn_8012DB18	auto	1	0	3	0	0	0
0x8012DFE0	1060	fn_8012DFE0	auto	1	0	2	0	0	0
0x8012E404	16	fn_8012E404	auto	0	1	0	0	0	0
0x8012E414	16	fn_8012E414	auto	0	1	0	0	0	0
0x8012E424	16	fn_8012E424	auto	0	1	0	0	0	0
0x8012E434	100	fn_8012E434	auto	0	1	0	0	0	0
0x8012E498	100	fn_8012E498	auto	0	1	0	0	0	0
0x8012E4FC	100	fn_8012E4FC	auto	0	1	0	0	0	0
0x8012E560	16	fn_8012E560	auto	0	1	0	0	0	0
0x8012E570	16	fn_8012E570	auto	0	1	0	0	0	0
0x8012E580	16	fn_8012E580	auto	0	1	0	0	0	0
0x8012E590	16	fn_8012E590	auto	0	1	0	0	0	0
0x8012E5A0	16	fn_8012E5A0	auto	0	1	0	0	0	0
0x8012E5B0	16	fn_8012E5B0	auto	0	1	0	0	0	0
0x8012E5C0	24	fn_8012E5C0	auto	0	1	0	0	0	0
0x8012E5D8	16	fn_8012E5D8	auto	0	1	0	0	0	0
0x8012E5E8	88	fn_8012E5E8	auto	1	0	2	0	0	0
0x8012E640	172	fn_8012E640	auto	1	0	4	0	0	0
0x8012E6EC	644	fn_8012E6EC	auto	1	0	2	0	0	0
0x8012E970	904	fn_8012E970	auto	1	0	9	0	1	0
0x8012ECF8	1092	fn_8012ECF8	auto	1	0	2	0	1	0
0x8012F13C	432	fn_8012F13C	auto	1	0	3	0	0	0
0x8012F2EC	364	fn_8012F2EC	auto	0	1	0	0	0	0
0x8012F458	16	fn_8012F458	auto	0	1	0	0	0	0
0x8012F468	16	fn_8012F468	auto	0	1	0	0	0	0
0x8012F478	24	fn_8012F478	auto	0	1	0	0	0	0
0x8012F490	16	fn_8012F490	auto	0	1	0	0	0	0
0x8012F4A0	88	fn_8012F4A0	auto	1	0	2	0	0	0
0x8012F4F8	292	fn_8012F4F8	auto	1	0	4	0	0	0
0x8012F61C	168	fn_8012F61C	auto	1	0	1	0	0	0
0x8012F6C4	28	fn_8012F6C4	auto	0	1	0	0	0	0
0x8012F6E0	24	fn_8012F6E0	auto	0	1	0	0	0	0
0x8012F6F8	24	fn_8012F6F8	auto	0	1	0	0	0	0
0x8012F710	28	fn_8012F710	auto	0	1	0	0	0	0
0x8012F72C	24	fn_8012F72C	auto	0	1	0	0	0	0
0x8012F744	24	fn_8012F744	auto	0	1	0	0	0	0
0x8012F75C	508	fn_8012F75C	auto	1	0	2	0	0	0
0x8012F958	440	fn_8012F958	auto	1	0	7	0	0	0
0x8012FB10	796	fn_8012FB10	auto	1	0	3	0	0	0
0x8012FE2C	220	fn_8012FE2C	auto	1	0	1	0	0	0
0x8012FF08	64	fn_8012FF08	auto	0	1	0	0	0	0
0x8012FF48	248	fn_8012FF48	auto	1	0	1	0	0	0
0x80130040	160	fn_80130040	auto	1	0	1	0	0	0
0x801300E0	388	fn_801300E0	auto	0	1	0	0	0	0
0x80130264	160	fn_80130264	auto	1	0	1	0	0	0
0x80130304	20	fn_80130304	auto	0	1	0	0	0	0
0x80130318	32	fn_80130318	auto	0	1	0	0	0	0
0x80130338	24	fn_80130338	auto	0	1	0	0	0	0
0x80130350	24	fn_80130350	auto	0	1	0	0	0	0
0x80130368	16	fn_80130368	auto	0	1	0	0	0	0
0x80130378	88	fn_80130378	auto	1	0	2	0	0	0
0x801303D0	532	fn_801303D0	auto	1	0	4	0	0	0
0x801305E4	1408	fn_801305E4	auto	1	0	2	0	1	0
0x80130B64	264	fn_80130B64	auto	0	1	0	0	0	0
0x80130C6C	196	fn_80130C6C	auto	0	1	0	0	0	0
0x80130D30	644	fn_80130D30	auto	1	0	2	0	1	0
0x80130FB4	672	fn_80130FB4	auto	1	0	2	0	0	0
0x80131254	684	fn_80131254	auto	1	0	1	0	0	0
0x80131500	152	fn_80131500	auto	1	0	1	0	0	0
0x80131598	16	fn_80131598	auto	0	1	0	0	0	0
0x801315A8	68	fn_801315A8	auto	0	1	0	0	0	0
0x801315EC	16	fn_801315EC	auto	0	1	0	0	0	0
0x801315FC	16	fn_801315FC	auto	0	1	0	0	0	0
0x8013160C	36	fn_8013160C	auto	0	1	0	0	0	0
0x80131630	40	fn_80131630	auto	0	1	0	0	0	0
0x80131658	92	fn_80131658	auto	0	1	0	0	0	0
0x801316B4	24	fn_801316B4	auto	0	1	0	0	0	0
0x801316CC	16	fn_801316CC	auto	0	1	0	0	0	0
0x801316DC	88	fn_801316DC	auto	1	0	2	0	0	0
0x80131734	236	fn_80131734	auto	1	0	6	0	0	0
0x80131820	484	fn_80131820	auto	1	0	2	0	0	0
0x80131A04	1828	fn_80131A04	auto	1	0	2	0	1	0
0x80132128	180	fn_80132128	auto	1	0	1	0	0	0
0x801321DC	532	fn_801321DC	auto	1	0	1	0	0	0
0x801323F0	16	fn_801323F0	auto	0	1	0	0	0	0
0x80132400	88	fn_80132400	auto	1	0	2	0	0	0
0x80132458	600	fn_80132458	auto	1	0	3	0	0	0
0x801326B0	2432	fn_801326B0	auto	1	0	10	0	0	0
0x80133030	60	fn_80133030	auto	0	1	0	0	0	0
0x8013306C	24	fn_8013306C	auto	0	1	0	0	0	0
0x80133084	24	fn_80133084	auto	0	1	0	0	0	0
0x8013309C	24	fn_8013309C	auto	0	1	0	0	0	0
0x801330B4	24	fn_801330B4	auto	0	1	0	0	0	0
0x801330CC	24	fn_801330CC	auto	0	1	0	0	0	0
0x801330E4	24	fn_801330E4	auto	0	1	0	0	0	0
0x801330FC	24	fn_801330FC	auto	0	1	0	0	0	0
0x80133114	24	fn_80133114	auto	0	1	0	0	0	0
0x8013312C	24	fn_8013312C	auto	0	1	0	0	0	0
0x80133144	16	fn_80133144	auto	0	1	0	0	0	0
0x80133154	88	fn_80133154	auto	1	0	2	0	0	0
0x801331AC	716	fn_801331AC	auto	1	0	6	0	0	0
0x80133478	404	fn_80133478	auto	1	0	1	0	0	0
0x8013360C	324	fn_8013360C	auto	1	0	2	0	0	0
0x80133750	432	fn_80133750	auto	1	0	7	0	0	0
0x80133900	736	fn_80133900	auto	1	0	2	0	0	0
0x80133BE0	2696	fn_80133BE0	auto	1	0	2	0	0	0
0x80134668	236	fn_80134668	auto	1	0	1	0	1	0
0x80134754	428	fn_80134754	auto	0	1	0	0	0	0
0x80134900	316	fn_80134900	auto	1	0	1	0	0	0
0x80134A3C	488	fn_80134A3C	auto	1	0	4	0	0	0
0x80134C24	248	fn_80134C24	auto	1	0	2	0	0	0
0x80134D1C	352	fn_80134D1C	auto	1	0	8	0	0	0
0x80134E7C	496	fn_80134E7C	auto	1	0	11	0	0	0
0x8013506C	548	fn_8013506C	auto	1	0	3	0	0	0
0x80135290	280	fn_80135290	auto	1	0	1	0	0	0
0x801353A8	204	fn_801353A8	auto	1	0	5	0	0	0
0x80135474	280	fn_80135474	auto	1	0	6	0	0	0
0x8013558C	12	fn_8013558C	auto	0	1	0	0	0	0
0x80135598	12	fn_80135598	auto	0	1	0	0	0	0
0x801355A4	764	fn_801355A4	auto	1	0	7	0	1	0
0x801358A0	840	fn_801358A0	auto	1	0	3	0	0	0
0x80135BE8	724	fn_80135BE8	auto	1	0	4	0	0	0
0x80135EBC	764	fn_80135EBC	auto	1	0	6	0	0	0
0x801361B8	360	fn_801361B8	auto	1	0	3	0	0	0
0x80136320	696	fn_80136320	auto	1	0	6	0	0	0
0x801365D8	624	fn_801365D8	auto	1	0	6	0	0	0
0x80136848	480	fn_80136848	auto	1	0	1	0	0	0
0x80136A28	232	fn_80136A28	auto	1	0	4	0	0	0
0x80136B10	260	fn_80136B10	auto	1	0	1	0	0	0
0x80136C14	968	fn_80136C14	auto	1	0	1	0	0	0
0x80136FDC	124	fn_80136FDC	auto	1	0	1	0	0	0
0x80137058	88	fn_80137058	auto	1	0	1	0	0	0
0x801370B0	868	fn_801370B0	auto	1	0	6	0	0	0
0x80137414	396	fn_80137414	auto	1	0	1	0	0	0
0x801375A0	544	fn_801375A0	auto	1	0	6	0	0	0
0x801377C0	2324	fn_801377C0	auto	1	0	24	0	1	0
0x801380D4	16	fn_801380D4	auto	0	1	0	0	0	0
0x801380E4	48	fn_801380E4	auto	1	0	1	0	0	0
0x80138114	712	fn_80138114	auto	1	0	10	0	0	0
0x801383DC	16	fn_801383DC	auto	0	1	0	0	0	0
0x801383EC	48	fn_801383EC	auto	1	0	1	0	0	0
0x8013841C	1068	fn_8013841C	auto	1	0	7	0	0	0
0x80138848	108	fn_80138848	auto	0	1	0	0	0	0
0x801388B4	108	fn_801388B4	auto	0	1	0	0	0	0
0x80138920	16	fn_80138920	auto	0	1	0	0	0	0
0x80138930	428	fn_80138930	auto	1	0	1	0	0	0
0x80138ADC	932	fn_80138ADC	auto	1	0	6	0	0	0
0x80138E80	3092	fn_80138E80	auto	1	0	25	0	1	0
0x80139A94	16	fn_80139A94	auto	0	1	0	0	0	0
0x80139AA4	2156	fn_80139AA4	auto	1	0	16	0	0	0
0x8013A310	16	fn_8013A310	auto	0	1	0	0	0	0
0x8013A320	60	fn_8013A320	auto	0	1	0	0	0	0
0x8013A35C	476	fn_8013A35C	auto	1	0	4	0	0	0
0x8013A538	604	fn_8013A538	auto	1	0	1	0	0	0
0x8013A794	132	fn_8013A794	auto	1	0	2	0	0	0
0x8013A818	228	fn_8013A818	auto	1	0	3	0	0	0
0x8013A8FC	1184	fn_8013A8FC	auto	1	0	6	0	0	0
0x8013AD9C	9812	fn_8013AD9C	auto	1	0	33	0	1	0
0x8013D3F0	16	fn_8013D3F0	auto	0	1	0	0	0	0
0x8013D400	48	fn_8013D400	auto	1	0	1	0	0	0
0x8013D430	728	fn_8013D430	auto	1	0	11	0	0	0
0x8013D708	16	fn_8013D708	auto	0	1	0	0	0	0
0x8013D718	544	fn_8013D718	auto	1	0	1	0	0	0
0x8013D938	280	fn_8013D938	auto	1	0	3	0	0	0
0x8013DA50	188	fn_8013DA50	auto	1	0	1	0	0	0
0x8013DB0C	88	fn_8013DB0C	auto	1	0	1	0	0	0
0x8013DB64	40	fn_8013DB64	auto	1	0	1	0	0	0
0x8013DB8C	80	fn_8013DB8C	auto	1	0	1	0	0	0
0x8013DBDC	88	fn_8013DBDC	auto	1	0	1	0	0	0
0x8013DC34	712	fn_8013DC34	auto	1	0	10	0	0	0
0x8013DEFC	448	fn_8013DEFC	auto	1	0	2	0	0	0
0x8013E0BC	880	fn_8013E0BC	auto	1	0	9	0	0	0
0x8013E42C	772	fn_8013E42C	auto	1	0	1	0	0	0
0x8013E730	736	fn_8013E730	auto	1	0	1	0	0	0
0x8013EA10	740	fn_8013EA10	auto	1	0	1	0	0	0
0x8013ECF4	168	fn_8013ECF4	auto	1	0	9	0	0	0
0x8013ED9C	2184	fn_8013ED9C	auto	1	0	18	0	1	0
0x8013F624	16	fn_8013F624	auto	0	1	0	0	0	0
0x8013F634	48	fn_8013F634	auto	1	0	1	0	0	0
0x8013F664	48	fn_8013F664	auto	0	1	0	0	0	0
0x8013F694	16	fn_8013F694	auto	0	1	0	0	0	0
0x8013F6A4	60	fn_8013F6A4	auto	0	1	0	0	0	0
0x8013F6E0	536	fn_8013F6E0	auto	1	0	5	0	0	0
0x8013F8F8	592	fn_8013F8F8	auto	1	0	6	0	0	0
0x8013FB48	424	fn_8013FB48	auto	1	0	3	0	0	0
0x8013FCF0	288	fn_8013FCF0	auto	1	0	1	0	0	0
0x8013FE10	320	fn_8013FE10	auto	1	0	2	0	0	0
0x8013FF50	788	fn_8013FF50	auto	1	0	3	0	0	0
0x80140264	508	fn_80140264	auto	1	0	4	0	0	0
0x80140460	752	fn_80140460	auto	1	0	3	0	0	0
0x80140750	176	fn_80140750	auto	1	0	4	0	0	0
0x80140800	316	fn_80140800	auto	1	0	8	0	0	0
0x8014093C	216	fn_8014093C	auto	1	0	1	0	0	0
0x80140A14	752	fn_80140A14	auto	1	0	27	0	0	0
0x80140D04	696	fn_80140D04	auto	1	0	2	0	0	0
0x80140FBC	188	fn_80140FBC	auto	1	0	2	0	0	0
0x80141078	92	fn_80141078	auto	1	0	1	0	0	0
0x801410D4	576	fn_801410D4	auto	1	0	1	0	0	0
0x80141314	124	fn_80141314	auto	1	0	1	0	0	0
0x80141390	564	fn_80141390	auto	1	0	7	0	0	0
0x801415C4	76	fn_801415C4	auto	1	0	2	0	0	0
0x80141610	5736	fn_80141610	auto	1	0	56	0	2	0
0x80142C78	96	fn_80142C78	auto	1	0	1	0	0	0
0x80142CD8	556	fn_80142CD8	auto	1	0	12	0	0	0
0x80142F04	20	fn_80142F04	auto	0	1	0	0	0	0
0x80142F18	112	fn_80142F18	auto	0	1	0	0	0	0
0x80142F88	216	fn_80142F88	auto	1	0	10	0	0	0
0x80143060	248	fn_80143060	auto	1	0	10	0	0	0
0x80143158	72	fn_80143158	auto	1	0	1	0	0	0
0x801431A0	48	fn_801431A0	auto	1	0	1	0	0	0
0x801431D0	48	fn_801431D0	auto	1	0	1	0	0	0
0x80143200	116	fn_80143200	auto	1	1	0	0	0	0
0x80143274	40	fn_80143274	auto	1	0	1	0	0	0
0x8014329C	72	fn_8014329C	auto	1	0	1	0	0	0
0x801432E4	72	fn_801432E4	auto	1	0	1	0	0	0
0x8014332C	72	fn_8014332C	auto	1	0	1	0	0	0
0x80143374	8	fn_80143374	auto	0	1	0	0	0	0
0x8014337C	544	fn_8014337C	auto	1	0	3	0	0	0
0x8014359C	408	fn_8014359C	auto	1	0	2	0	0	0
0x80143734	500	fn_80143734	auto	1	0	2	0	0	0
0x80143928	1660	fn_80143928	auto	1	0	5	0	1	0
0x80143FA4	504	fn_80143FA4	auto	1	0	2	0	0	0
0x8014419C	612	fn_8014419C	auto	1	0	1	0	0	0
0x80144400	640	fn_80144400	auto	1	0	2	0	1	0
0x80144680	288	fn_80144680	auto	1	0	3	0	0	0
0x801447A0	732	fn_801447A0	auto	1	0	3	0	0	0
0x80144A7C	616	fn_80144A7C	auto	0	1	0	0	0	0
0x80144CE4	376	fn_80144CE4	auto	1	0	5	0	0	0
0x80144E5C	4	fn_80144E5C	auto	0	1	0	0	0	0
0x80144E60	1392	fn_80144E60	auto	1	0	8	0	0	0
0x801453D0	204	fn_801453D0	auto	1	0	3	0	0	0
0x8014549C	808	fn_8014549C	auto	1	0	1	0	1	0
0x801457C4	128	fn_801457C4	auto	1	0	1	0	0	0
0x80145844	1120	fn_80145844	auto	1	0	2	0	1	0
0x80145CA4	224	fn_80145CA4	auto	1	0	2	0	0	0
0x80145D84	136	fn_80145D84	auto	1	0	1	0	0	0
0x80145E0C	324	fn_80145E0C	auto	1	0	1	0	0	0
0x80145F50	176	fn_80145F50	auto	1	0	1	0	0	0
0x80146000	720	fn_80146000	auto	1	0	2	0	0	0
0x801462D0	276	fn_801462D0	auto	1	0	1	0	0	0
0x801463E4	52	fn_801463E4	auto	0	1	0	0	0	0
0x80146418	52	fn_80146418	auto	0	1	0	0	0	0
0x8014644C	52	fn_8014644C	auto	0	1	0	0	0	0
0x80146480	52	fn_80146480	auto	0	1	0	0	0	0
0x801464B4	76	fn_801464B4	auto	0	1	0	0	0	0
0x80146500	76	fn_80146500	auto	0	1	0	0	0	0
0x8014654C	732	fn_8014654C	auto	0	1	0	0	0	0
0x80146828	972	fn_80146828	auto	1	0	2	0	1	0
0x80146BF4	496	fn_80146BF4	auto	1	0	1	0	0	0
0x80146DE4	80	fn_80146DE4	auto	1	0	1	0	0	0
0x80146E34	192	fn_80146E34	auto	0	1	0	0	0	0
0x80146EF4	224	fn_80146EF4	auto	0	1	0	0	0	0
0x80146FD4	128	fn_80146FD4	auto	0	1	0	0	0	0
0x80147054	304	fn_80147054	auto	0	1	0	0	0	0
0x80147184	1148	fn_80147184	auto	0	1	0	0	0	0
0x80147600	424	fn_80147600	auto	0	1	0	0	0	0
0x801477A8	1308	fn_801477A8	auto	0	1	0	0	0	0
0x80147CC4	4	fn_80147CC4	auto	0	1	0	0	0	0
0x80147CC8	224	fn_80147CC8	auto	1	0	1	0	0	0
0x80147DA8	32	fn_80147DA8	auto	1	0	1	0	0	0
0x80147DC8	4	fn_80147DC8	auto	0	1	0	0	0	0
0x80147DCC	44	fn_80147DCC	auto	1	0	2	0	0	0
0x80147DF8	52	fn_80147DF8	auto	1	0	2	0	0	0
0x80147E2C	120	fn_80147E2C	auto	1	0	3	0	0	0
0x80147EA4	4	fn_80147EA4	auto	0	1	0	0	0	0
0x80147EA8	4	fn_80147EA8	auto	0	1	0	0	0	0
0x80147EAC	376	fn_80147EAC	auto	1	0	5	0	0	0
0x80148024	228	fn_80148024	auto	1	0	2	0	1	0
0x80148108	28	fn_80148108	auto	0	1	0	0	0	0
0x80148124	60	fn_80148124	auto	1	0	1	0	0	0
0x80148160	40	fn_80148160	auto	1	1	0	0	0	0
0x80148188	4	fn_80148188	auto	0	1	0	0	0	0
0x8014818C	4	fn_8014818C	auto	0	1	0	0	0	0
0x80148190	32	fn_80148190	auto	1	0	1	0	0	0
0x801481B0	32	fn_801481B0	auto	1	0	1	0	0	0
0x801481D0	88	fn_801481D0	auto	1	0	1	0	0	0
0x80148228	324	fn_80148228	auto	1	0	3	0	0	0
0x8014836C	248	fn_8014836C	auto	1	0	3	0	0	0
0x80148464	476	fn_80148464	auto	1	0	1	0	0	0
0x80148640	140	fn_80148640	auto	1	0	4	0	0	0
0x801486CC	196	fn_801486CC	auto	1	0	5	0	0	0
0x80148790	452	fn_80148790	auto	1	0	1	0	0	0
0x80148954	660	fn_80148954	auto	1	0	2	0	0	0
0x80148BE8	196	fn_80148BE8	auto	1	0	2	0	0	0
0x80148CAC	304	fn_80148CAC	auto	1	0	2	0	0	0
0x80148DDC	44	fn_80148DDC	auto	1	0	1	0	0	0
0x80148E08	68	fn_80148E08	auto	1	0	1	0	0	0
0x80148E4C	52	fn_80148E4C	auto	1	0	1	0	0	0
0x80148E80	92	fn_80148E80	auto	0	1	0	0	0	0
0x80148EDC	404	fn_80148EDC	auto	1	0	3	0	0	0
0x80149070	132	fn_80149070	auto	1	0	2	0	0	0
0x801490F4	56	fn_801490F4	auto	1	0	2	0	0	0
0x8014912C	160	fn_8014912C	auto	1	0	2	0	0	0
0x801491CC	544	fn_801491CC	auto	1	0	6	0	0	0
0x801493EC	992	fn_801493EC	auto	1	0	11	0	0	0
0x801497CC	164	fn_801497CC	auto	1	0	2	0	0	0
0x80149870	252	fn_80149870	auto	1	0	1	0	0	0
0x8014996C	2192	eff_smoke3_2	string	1	0	28	0	0	0
0x8014A1FC	1520	fn_8014A1FC	auto	1	0	16	0	0	0
0x8014A7EC	2224	fn_8014A7EC	auto	1	0	11	0	0	0
0x8014B09C	1140	fn_8014B09C	auto	1	0	12	0	0	0
0x8014B510	488	fn_8014B510	auto	1	0	2	0	0	0
0x8014B6F8	1688	fn_8014B6F8	auto	1	0	27	0	0	0
0x8014BD90	5220	fn_8014BD90	auto	1	0	37	0	0	0
0x8014D1F4	420	fn_8014D1F4	auto	1	0	14	0	0	0
0x8014D398	704	fn_8014D398	auto	1	0	16	0	0	0
0x8014D658	932	fn_8014D658	auto	1	0	17	0	0	0
0x8014D9FC	1016	fn_8014D9FC	auto	1	0	16	0	0	0
0x8014DDF4	700	fn_8014DDF4	auto	1	0	14	0	0	0
0x8014E0B0	52	fn_8014E0B0	auto	1	0	1	0	0	0
0x8014E0E4	3144	fn_8014E0E4	auto	1	0	36	0	0	0
0x8014ED2C	48	fn_8014ED2C	auto	1	0	1	0	0	0
0x8014ED5C	240	fn_8014ED5C	auto	1	0	1	0	0	0
0x8014EE4C	232	fn_8014EE4C	auto	1	0	1	0	0	0
0x8014EF34	1460	fn_8014EF34	auto	1	0	17	0	0	0
0x8014F4E8	48	fn_8014F4E8	auto	0	1	0	0	0	0
0x8014F518	508	fn_8014F518	auto	1	0	5	0	0	0
0x8014F714	24	fn_8014F714	auto	0	1	0	0	0	0
0x8014F72C	68	fn_8014F72C	auto	1	0	1	0	0	0
0x8014F770	196	fn_8014F770	auto	0	1	0	0	0	0
0x8014F834	316	fn_8014F834	auto	0	1	0	0	0	0
0x8014F970	44	fn_8014F970	auto	1	0	3	0	0	0
0x8014F99C	116	fn_8014F99C	auto	1	0	2	0	0	0
0x8014FA10	328	fn_8014FA10	auto	1	0	2	0	0	0
0x8014FB58	324	fn_8014FB58	auto	0	1	0	0	0	0
0x8014FC9C	60	fn_8014FC9C	auto	0	1	0	0	0	0
0x8014FCD8	24	fn_8014FCD8	auto	0	1	0	0	0	0
0x8014FCF0	172	fn_8014FCF0	auto	1	0	4	0	0	0
0x8014FD9C	96	fn_8014FD9C	auto	1	0	1	0	0	0
0x8014FDFC	536	fn_8014FDFC	auto	1	0	3	0	0	0
0x80150014	580	fn_80150014	auto	1	0	6	0	0	0
0x80150258	96	fn_80150258	auto	1	0	3	0	0	0
0x801502B8	1156	fn_801502B8	auto	1	0	1	0	0	0
0x8015073C	196	fn_8015073C	auto	1	0	1	0	0	0
0x80150800	640	fn_80150800	auto	1	0	4	0	0	0
0x80150A80	164	fn_80150A80	auto	1	0	1	0	0	0
0x80150B24	396	fn_80150B24	auto	1	0	1	0	0	0
0x80150CB0	252	fn_80150CB0	auto	0	1	0	0	0	0
0x80150DAC	332	fn_80150DAC	auto	1	0	1	0	0	0
0x80150EF8	560	fn_80150EF8	auto	1	0	2	0	0	0
0x80151128	356	fn_80151128	auto	1	0	1	0	0	0
0x8015128C	80	fn_8015128C	auto	1	0	2	0	0	0
0x801512DC	488	fn_801512DC	auto	1	0	7	0	0	0
0x801514C4	296	fn_801514C4	auto	1	0	2	0	0	0
0x801515EC	12	fn_801515EC	auto	0	1	0	0	0	0
0x801515F8	24	fn_801515F8	auto	0	1	0	0	0	0
0x80151610	476	fn_80151610	auto	0	1	0	0	0	0
0x801517EC	48	fn_801517EC	auto	1	0	1	0	0	0
0x8015181C	48	fn_8015181C	auto	1	0	1	0	0	0
0x8015184C	2064	fn_8015184C	auto	1	0	9	0	0	0
0x8015205C	552	fn_8015205C	auto	1	0	1	0	0	0
0x80152284	288	fn_80152284	auto	1	0	4	0	0	0
0x801523A4	404	fn_801523A4	auto	1	0	4	0	0	0
0x80152538	100	fn_80152538	auto	1	0	1	0	0	0
0x8015259C	92	fn_8015259C	auto	1	0	3	0	0	0
0x801525F8	204	fn_801525F8	auto	0	1	0	0	0	0
0x801526C4	88	fn_801526C4	auto	1	0	1	0	0	0
0x8015271C	64	fn_8015271C	auto	1	0	1	0	0	0
0x8015275C	336	fn_8015275C	auto	1	0	5	0	0	0
0x801528AC	592	fn_801528AC	auto	1	0	6	0	0	0
0x80152AFC	92	fn_80152AFC	auto	1	0	1	0	0	0
0x80152B58	912	fn_80152B58	auto	1	0	6	0	0	0
0x80152EE8	8	fn_80152EE8	auto	0	1	0	0	0	0
0x80152EF0	92	fn_80152EF0	auto	1	0	3	0	0	0
0x80152F4C	120	fn_80152F4C	auto	1	0	2	0	0	0
0x80152FC4	80	fn_80152FC4	auto	1	0	1	0	0	0
0x80153014	76	fn_80153014	auto	1	0	1	0	0	0
0x80153060	380	fn_80153060	auto	1	0	5	0	0	0
0x801531DC	148	fn_801531DC	auto	1	0	4	0	0	0
0x80153270	68	fn_80153270	auto	1	0	1	0	0	0
0x801532B4	60	fn_801532B4	auto	1	0	2	0	0	0
0x801532F0	52	fn_801532F0	auto	1	0	1	0	0	0
0x80153324	160	fn_80153324	auto	1	0	1	0	0	0
0x801533C4	100	fn_801533C4	auto	1	0	1	0	0	0
0x80153428	112	fn_80153428	auto	1	0	1	0	0	0
0x80153498	80	fn_80153498	auto	1	0	1	0	0	0
0x801534E8	48	fn_801534E8	auto	1	0	1	0	0	0
0x80153518	456	fn_80153518	auto	1	0	4	0	0	0
0x801536E0	80	fn_801536E0	auto	1	0	1	0	0	0
0x80153730	96	fn_80153730	auto	1	0	1	0	0	0
0x80153790	456	fn_80153790	auto	1	0	5	0	0	0
0x80153958	32	fn_80153958	auto	1	0	1	0	0	0
0x80153978	72	fn_80153978	auto	1	0	2	0	0	0
0x801539C0	4	fn_801539C0	auto	0	1	0	0	0	0
0x801539C4	4	fn_801539C4	auto	0	1	0	0	0	0
0x801539C8	4	fn_801539C8	auto	0	1	0	0	0	0
0x801539CC	4	fn_801539CC	auto	0	1	0	0	0	0
0x801539D0	52	fn_801539D0	auto	1	0	1	0	0	0
0x80153A04	64	fn_80153A04	auto	1	0	2	0	0	0
0x80153A44	376	fn_80153A44	auto	1	0	1	0	0	0
0x80153BBC	492	fn_80153BBC	auto	0	1	0	0	0	0
0x80153DA8	16	fn_80153DA8	auto	0	1	0	0	0	0
0x80153DB8	16	fn_80153DB8	auto	0	1	0	0	0	0
0x80153DC8	776	fn_80153DC8	auto	1	0	9	0	0	0
0x801540D0	264	fn_801540D0	auto	0	1	0	0	0	0
0x801541D8	340	fn_801541D8	auto	1	0	1	0	0	0
0x8015432C	216	fn_8015432C	auto	1	1	0	0	0	0
0x80154404	424	fn_80154404	auto	0	1	0	0	0	0
0x801545AC	64	fn_801545AC	auto	0	1	0	0	0	0
0x801545EC	1304	fn_801545EC	auto	1	1	0	0	0	0
0x80154B04	52	fn_80154B04	auto	1	0	1	0	0	0
0x80154B38	52	fn_80154B38	auto	1	0	2	0	0	0
0x80154B6C	200	fn_80154B6C	auto	1	0	3	0	0	0
0x80154C34	144	fn_80154C34	auto	0	1	0	0	0	0
0x80154CC4	400	fn_80154CC4	auto	1	0	2	0	0	0
0x80154E54	840	fn_80154E54	auto	1	1	0	0	0	0
0x8015519C	276	fn_8015519C	auto	1	0	2	0	0	0
0x801552B0	392	fn_801552B0	auto	1	0	3	0	0	0
0x80155438	492	fn_80155438	auto	1	0	4	0	0	0
0x80155624	388	fn_80155624	auto	0	1	0	0	0	0
0x801557A8	160	fn_801557A8	auto	1	0	2	0	0	0
0x80155848	104	fn_80155848	auto	1	0	2	0	0	0
0x801558B0	60	fn_801558B0	auto	0	1	0	0	0	0
0x801558EC	36	fn_801558EC	auto	1	0	1	0	0	0
0x80155910	52	fn_80155910	auto	1	0	2	0	0	0
0x80155944	40	fn_80155944	auto	1	0	1	0	0	0
0x8015596C	40	fn_8015596C	auto	1	0	1	0	0	0
0x80155994	40	fn_80155994	auto	1	0	1	0	0	0
0x801559BC	204	fn_801559BC	auto	1	0	1	0	0	0
0x80155A88	4	fn_80155A88	auto	0	1	0	0	0	0
0x80155A8C	40	fn_80155A8C	auto	1	0	1	0	0	0
0x80155AB4	196	fn_80155AB4	auto	1	0	4	0	0	0
0x80155B78	352	fn_80155B78	auto	1	0	3	0	0	0
0x80155CD8	80	fn_80155CD8	auto	1	0	1	0	0	0
0x80155D28	4	fn_80155D28	auto	0	1	0	0	0	0
0x80155D2C	72	fn_80155D2C	auto	1	0	1	0	0	0
0x80155D74	64	fn_80155D74	auto	1	0	1	0	0	0
0x80155DB4	172	fn_80155DB4	auto	1	0	3	0	0	0
0x80155E60	252	fn_80155E60	auto	1	0	2	0	0	0
0x80155F5C	36	fn_80155F5C	auto	1	0	1	0	0	0
0x80155F80	80	fn_80155F80	auto	1	0	2	0	0	0
0x80155FD0	32	fn_80155FD0	auto	1	0	1	0	0	0
0x80155FF0	52	fn_80155FF0	auto	1	0	1	0	0	0
0x80156024	216	fn_80156024	auto	1	0	11	0	0	0
0x801560FC	340	fn_801560FC	auto	1	0	13	0	0	0
0x80156250	84	fn_80156250	auto	1	0	5	0	0	0
0x801562A4	128	fn_801562A4	auto	1	0	1	0	0	0
0x80156324	56	fn_80156324	auto	1	0	1	0	0	0
0x8015635C	552	fn_8015635C	auto	1	0	7	0	0	0
0x80156584	4	fn_80156584	auto	0	1	0	0	0	0
0x80156588	300	fn_80156588	auto	1	0	6	0	0	0
0x801566B4	180	fn_801566B4	auto	1	0	1	0	0	0
0x80156768	400	fn_80156768	auto	1	0	5	0	0	0
0x801568F8	156	fn_801568F8	auto	1	0	2	0	0	0
0x80156994	168	fn_80156994	auto	1	0	4	0	0	0
0x80156A3C	80	fn_80156A3C	auto	1	0	1	0	0	0
0x80156A8C	120	fn_80156A8C	auto	1	0	1	0	0	0
0x80156B04	360	fn_80156B04	auto	1	0	9	0	0	0
0x80156C6C	88	fn_80156C6C	auto	1	0	2	0	0	0
0x80156CC4	220	fn_80156CC4	auto	1	0	1	0	0	0
0x80156DA0	180	fn_80156DA0	auto	1	0	10	0	0	0
0x80156E54	616	fn_80156E54	auto	1	0	11	0	0	0
0x801570BC	148	fn_801570BC	auto	1	0	1	0	0	0
0x80157150	528	fn_80157150	auto	1	1	0	0	0	0
0x80157360	432	fn_80157360	auto	0	1	0	0	0	0
0x80157510	32	fn_80157510	auto	1	0	1	0	0	0
0x80157530	76	fn_80157530	auto	1	0	1	0	0	0
0x8015757C	68	fn_8015757C	auto	1	0	1	0	0	0
0x801575C0	4	fn_801575C0	auto	0	1	0	0	0	0
0x801575C4	4	fn_801575C4	auto	0	1	0	0	0	0
0x801575C8	188	fn_801575C8	auto	1	0	2	0	0	0
0x80157684	328	fn_80157684	auto	1	1	0	0	0	0
0x801577CC	380	fn_801577CC	auto	1	0	4	0	0	0
0x80157948	1212	fn_80157948	auto	1	0	3	0	0	0
0x80157E04	80	fn_80157E04	auto	0	1	0	0	0	0
0x80157E54	84	fn_80157E54	auto	1	0	1	0	0	0
0x80157EA8	508	fn_80157EA8	auto	1	0	4	0	0	0
0x801580A4	348	fn_801580A4	auto	1	0	2	0	0	0
0x80158200	60	fn_80158200	auto	0	1	0	0	0	0
0x8015823C	20	fn_8015823C	auto	0	1	0	0	0	0
0x80158250	264	fn_80158250	auto	0	1	0	0	0	0
0x80158358	28	fn_80158358	auto	0	1	0	0	0	0
0x80158374	32	fn_80158374	auto	1	0	1	0	0	0
0x80158394	68	fn_80158394	auto	1	0	2	0	0	0
0x801583D8	260	fn_801583D8	auto	1	1	0	0	1	0
0x801584DC	112	fn_801584DC	auto	0	1	0	0	0	0
0x8015854C	68	fn_8015854C	auto	0	1	0	0	0	0
0x80158590	192	fn_80158590	auto	0	1	0	0	0	0
0x80158650	64	fn_80158650	auto	0	1	0	0	0	0
0x80158690	68	fn_80158690	auto	0	1	0	0	0	0
0x801586D4	52	fn_801586D4	auto	0	1	0	0	0	0
0x80158708	372	fn_80158708	auto	1	0	3	0	0	0
0x8015887C	320	fn_8015887C	auto	1	0	5	0	0	0
0x801589BC	196	fn_801589BC	auto	1	0	3	0	0	0
0x80158A80	252	fn_80158A80	auto	1	0	4	0	0	0
0x80158B7C	108	fn_80158B7C	auto	1	0	2	0	0	0
0x80158BE8	460	fn_80158BE8	auto	1	0	1	0	0	0
0x80158DB4	620	fn_80158DB4	auto	1	0	1	0	1	0
0x80159020	212	fn_80159020	auto	1	0	1	0	0	0
0x801590F4	1308	fn_801590F4	auto	0	1	0	0	0	0
0x80159610	556	fn_80159610	auto	1	0	8	0	0	0
0x8015983C	268	fn_8015983C	auto	1	0	7	0	0	0
0x80159948	776	fn_80159948	auto	1	0	4	0	0	0
0x80159C50	248	fn_80159C50	auto	0	1	0	0	0	0
0x80159D48	480	fn_80159D48	auto	1	0	2	0	0	0
0x80159F28	1092	fn_80159F28	auto	1	0	10	0	0	0
0x8015A36C	1044	fn_8015A36C	auto	1	0	10	0	0	0
0x8015A780	196	fn_8015A780	auto	1	0	1	0	0	0
0x8015A844	68	fn_8015A844	auto	1	0	1	0	0	0
0x8015A888	400	fn_8015A888	auto	1	0	4	0	0	0
0x8015AA18	112	fn_8015AA18	auto	1	0	4	0	0	0
0x8015AA88	104	fn_8015AA88	auto	0	1	0	0	0	0
0x8015AAF0	120	fn_8015AAF0	auto	0	1	0	0	0	0
0x8015AB68	612	fn_8015AB68	auto	1	0	1	0	1	0
0x8015ADCC	1420	fn_8015ADCC	auto	1	0	3	0	1	0
0x8015B358	2048	fn_8015B358	auto	1	0	11	0	0	0
0x8015BB58	1676	fn_8015BB58	auto	1	0	7	0	0	0
0x8015C1E4	644	fn_8015C1E4	auto	1	0	5	0	0	0
0x8015C468	56	fn_8015C468	auto	0	1	0	0	0	0
0x8015C4A0	56	fn_8015C4A0	auto	0	1	0	0	0	0
0x8015C4D8	284	fn_8015C4D8	auto	1	0	1	0	0	0
0x8015C5F4	36	fn_8015C5F4	auto	1	0	2	0	0	0
0x8015C618	44	fn_8015C618	auto	1	0	1	0	0	0
0x8015C644	100	fn_8015C644	auto	1	0	3	0	0	0
0x8015C6A8	32	fn_8015C6A8	auto	1	0	1	0	0	0
0x8015C6C8	40	fn_8015C6C8	auto	1	0	1	0	0	0
0x8015C6F0	76	fn_8015C6F0	auto	1	0	1	0	0	0
0x8015C73C	76	fn_8015C73C	auto	1	0	1	0	0	0
0x8015C788	76	fn_8015C788	auto	1	0	1	0	0	0
0x8015C7D4	76	fn_8015C7D4	auto	1	0	1	0	0	0
0x8015C820	76	fn_8015C820	auto	1	0	1	0	0	0
0x8015C86C	76	fn_8015C86C	auto	1	0	1	0	0	0
0x8015C8B8	60	fn_8015C8B8	auto	0	1	0	0	0	0
0x8015C8F4	52	fn_8015C8F4	auto	0	1	0	0	0	0
0x8015C928	52	fn_8015C928	auto	1	0	1	0	0	0
0x8015C95C	708	fn_8015C95C	auto	1	0	10	0	0	0
0x8015CC20	876	fn_8015CC20	auto	1	0	2	0	0	0
0x8015CF8C	20	fn_8015CF8C	auto	0	1	0	0	0	0
0x8015CFA0	388	fn_8015CFA0	auto	1	0	2	0	0	0
0x8015D124	272	fn_8015D124	auto	1	1	0	0	0	0
0x8015D234	268	fn_8015D234	auto	1	0	2	0	0	0
0x8015D340	292	fn_8015D340	auto	1	0	2	0	0	0
0x8015D464	232	fn_8015D464	auto	1	0	2	0	0	0
0x8015D54C	316	fn_8015D54C	auto	1	0	4	0	0	0
0x8015D688	28	fn_8015D688	auto	0	1	0	0	0	0
0x8015D6A4	196	fn_8015D6A4	auto	1	0	2	0	0	0
0x8015D768	424	fn_8015D768	auto	1	0	5	0	0	0
0x8015D910	444	fn_8015D910	auto	1	0	4	0	0	0
0x8015DACC	280	fn_8015DACC	auto	1	0	2	0	0	0
0x8015DBE4	112	fn_8015DBE4	auto	1	0	1	0	0	0
0x8015DC54	24	fn_8015DC54	auto	0	1	0	0	0	0
0x8015DC6C	32	fn_8015DC6C	auto	0	1	0	0	0	0
0x8015DC8C	1256	fn_8015DC8C	auto	1	0	11	0	0	0
0x8015E174	408	fn_8015E174	auto	1	0	5	0	0	0
0x8015E30C	8	fn_8015E30C	auto	0	1	0	0	0	0
0x8015E314	348	fn_8015E314	auto	0	1	0	0	0	0
0x8015E470	400	fn_8015E470	auto	1	0	2	0	0	0
0x8015E600	1420	fn_8015E600	auto	1	0	7	0	0	0
0x8015EB8C	104	fn_8015EB8C	auto	0	1	0	0	0	0
0x8015EBF4	412	fn_8015EBF4	auto	1	0	6	0	0	0
0x8015ED90	1008	fn_8015ED90	auto	1	0	12	0	0	0
0x8015F180	32	fn_8015F180	auto	0	1	0	0	0	0
0x8015F1A0	80	fn_8015F1A0	auto	1	0	1	0	0	0
0x8015F1F0	40	fn_8015F1F0	auto	0	1	0	0	0	0
0x8015F218	128	fn_8015F218	auto	1	0	2	0	0	0
0x8015F298	80	fn_8015F298	auto	0	1	0	0	0	0
0x8015F2E8	200	fn_8015F2E8	auto	1	0	1	0	0	0
0x8015F3B0	676	fn_8015F3B0	auto	1	0	13	0	0	0
0x8015F654	108	fn_8015F654	auto	1	0	1	0	0	0
0x8015F6C0	168	fn_8015F6C0	auto	1	0	1	0	0	0
0x8015F768	64	fn_8015F768	auto	0	1	0	0	0	0
0x8015F7A8	812	fn_8015F7A8	auto	1	0	7	0	0	0
0x8015FAD4	196	fn_8015FAD4	auto	1	0	1	0	0	0
0x8015FB98	76	fn_8015FB98	auto	1	0	1	0	0	0
0x8015FBE4	276	fn_8015FBE4	auto	1	1	0	0	0	0
0x8015FCF8	360	fn_8015FCF8	auto	1	0	1	0	0	0
0x8015FE60	312	fn_8015FE60	auto	1	0	1	0	0	0
0x8015FF98	328	fn_8015FF98	auto	1	0	1	0	0	0
0x801600E0	204	fn_801600E0	auto	0	1	0	0	0	0
0x801601AC	128	fn_801601AC	auto	1	0	1	0	0	0
0x8016022C	504	fn_8016022C	auto	1	0	7	0	0	0
0x80160424	360	fn_80160424	auto	1	0	2	0	0	0
0x8016058C	532	fn_8016058C	auto	1	0	3	0	0	0
0x801607A0	436	fn_801607A0	auto	1	0	2	0	0	0
0x80160954	248	fn_80160954	auto	1	0	2	0	0	0
0x80160A4C	1904	fn_80160A4C	auto	1	0	6	0	0	0
0x801611BC	804	fn_801611BC	auto	1	0	3	0	0	0
0x801614E0	1856	fn_801614E0	auto	1	0	6	0	0	0
0x80161C20	740	fn_80161C20	auto	1	0	2	0	0	0
0x80161F04	216	fn_80161F04	auto	1	0	1	0	0	0
0x80161FDC	504	fn_80161FDC	auto	1	0	2	0	0	0
0x801621D4	3408	fn_801621D4	auto	1	0	12	0	1	0
0x80162F24	1884	fn_80162F24	auto	1	0	11	0	0	0
0x80163680	1804	fn_80163680	auto	1	0	11	0	0	0
0x80163D8C	1852	fn_80163D8C	auto	1	0	11	0	0	0
0x801644C8	640	fn_801644C8	auto	1	0	6	0	0	0
0x80164748	628	fn_80164748	auto	1	0	5	0	0	0
0x801649BC	1156	fn_801649BC	auto	1	0	13	0	0	0
0x80164E40	644	fn_80164E40	auto	1	0	2	0	0	0
0x801650C4	332	fn_801650C4	auto	1	0	2	0	0	0
0x80165210	684	fn_80165210	auto	1	0	7	0	0	0
0x801654BC	1992	fn_801654BC	auto	1	0	11	0	0	0
0x80165C84	356	fn_80165C84	auto	1	0	1	0	0	0
0x80165DE8	252	fn_80165DE8	auto	1	0	1	0	0	0
0x80165EE4	596	fn_80165EE4	auto	1	0	3	0	0	0
0x80166138	232	fn_80166138	auto	1	0	2	0	0	0
0x80166220	572	fn_80166220	auto	1	0	2	0	0	0
0x8016645C	72	fn_8016645C	auto	0	1	0	0	0	0
0x801664A4	760	fn_801664A4	auto	1	0	3	0	0	0
0x8016679C	432	fn_8016679C	auto	1	0	3	0	0	0
0x8016694C	112	fn_8016694C	auto	1	0	1	0	0	0
0x801669BC	188	fn_801669BC	auto	0	1	0	0	0	0
0x80166A78	180	fn_80166A78	auto	0	1	0	0	0	0
0x80166B2C	124	fn_80166B2C	auto	0	1	0	0	0	0
0x80166BA8	408	fn_80166BA8	auto	1	1	0	0	0	0
0x80166D40	212	fn_80166D40	auto	0	1	0	0	0	0
0x80166E14	176	fn_80166E14	auto	0	1	0	0	0	0
0x80166EC4	368	fn_80166EC4	auto	1	0	1	0	0	0
0x80167034	396	fn_80167034	auto	1	0	1	0	0	0
0x801671C0	132	fn_801671C0	auto	1	0	1	0	0	0
0x80167244	304	fn_80167244	auto	1	0	2	0	0	0
0x80167374	100	fn_80167374	auto	0	1	0	0	0	0
0x801673D8	80	fn_801673D8	auto	1	0	1	0	0	0
0x80167428	100	fn_80167428	auto	0	1	0	0	0	0
0x8016748C	236	fn_8016748C	auto	1	0	2	0	0	0
0x80167578	140	fn_80167578	auto	0	1	0	0	0	0
0x80167604	140	fn_80167604	auto	0	1	0	0	0	0
0x80167690	320	fn_80167690	auto	1	0	3	0	0	0
0x801677D0	468	fn_801677D0	auto	1	0	4	0	0	0
0x801679A4	656	fn_801679A4	auto	1	0	4	0	0	0
0x80167C34	700	fn_80167C34	auto	1	0	8	0	0	0
0x80167EF0	452	fn_80167EF0	auto	1	0	6	0	0	0
0x801680B4	740	fn_801680B4	auto	1	0	5	0	0	0
0x80168398	336	fn_80168398	auto	1	0	4	0	0	0
0x801684E8	760	fn_801684E8	auto	1	0	8	0	0	0
0x801687E0	296	fn_801687E0	auto	1	0	4	0	0	0
0x80168908	252	fn_80168908	auto	1	0	3	0	0	0
0x80168A04	376	fn_80168A04	auto	1	0	2	0	0	0
0x80168B7C	88	fn_80168B7C	auto	1	0	1	0	0	0
0x80168BD4	640	fn_80168BD4	auto	1	0	8	0	0	0
0x80168E54	752	fn_80168E54	auto	1	0	5	0	0	0
0x80169144	336	fn_80169144	auto	1	0	4	0	0	0
0x80169294	100	fn_80169294	auto	1	0	2	0	0	0
0x801692F8	104	fn_801692F8	auto	1	0	1	0	0	0
0x80169360	412	fn_80169360	auto	1	0	4	0	0	0
0x801694FC	268	fn_801694FC	auto	1	0	2	0	0	0
0x80169608	4876	fn_80169608	auto	1	0	23	0	0	0
0x8016A914	248	fn_8016A914	auto	1	0	1	0	0	0
0x8016AA0C	88	fn_8016AA0C	auto	0	1	0	0	0	0
0x8016AA64	56	fn_8016AA64	auto	0	1	0	0	0	0
0x8016AA9C	84	fn_8016AA9C	auto	1	0	1	0	0	0
0x8016AAF0	84	fn_8016AAF0	auto	1	0	1	0	0	0
0x8016AB44	84	fn_8016AB44	auto	1	0	1	0	0	0
0x8016AB98	84	fn_8016AB98	auto	1	0	1	0	0	0
0x8016ABEC	44	fn_8016ABEC	auto	1	0	4	0	0	0
0x8016AC18	136	fn_8016AC18	auto	1	0	3	0	1	0
0x8016ACA0	104	fn_8016ACA0	auto	1	0	1	0	1	0
0x8016AD08	204	fn_8016AD08	auto	1	0	2	0	0	0
0x8016ADD4	232	fn_8016ADD4	auto	1	0	3	0	0	0
0x8016AEBC	808	fn_8016AEBC	auto	1	0	3	0	1	0
0x8016B1E4	592	fn_8016B1E4	auto	1	0	4	0	0	0
0x8016B434	188	fn_8016B434	auto	1	0	2	0	0	0
0x8016B4F0	304	fn_8016B4F0	auto	1	0	1	0	0	0
0x8016B620	24	fn_8016B620	auto	0	1	0	0	0	0
0x8016B638	792	fn_8016B638	auto	1	0	2	0	0	0
0x8016B950	28	fn_8016B950	auto	0	1	0	0	0	0
0x8016B96C	44	fn_8016B96C	auto	0	1	0	0	0	0
0x8016B998	24	fn_8016B998	auto	0	1	0	0	0	0
0x8016B9B0	24	fn_8016B9B0	auto	0	1	0	0	0	0
0x8016B9C8	1420	fn_8016B9C8	auto	1	0	3	0	1	0
0x8016BF54	688	fn_8016BF54	auto	1	0	10	0	0	0
0x8016C204	188	fn_8016C204	auto	1	0	2	0	0	0
0x8016C2C0	496	fn_8016C2C0	auto	1	0	1	0	0	0
0x8016C4B0	24	fn_8016C4B0	auto	0	1	0	0	0	0
0x8016C4C8	340	fn_8016C4C8	auto	1	0	3	0	0	0
0x8016C61C	356	fn_8016C61C	auto	0	1	0	0	0	0
0x8016C780	44	fn_8016C780	auto	0	1	0	0	0	0
0x8016C7AC	44	fn_8016C7AC	auto	0	1	0	0	0	0
0x8016C7D8	24	fn_8016C7D8	auto	0	1	0	0	0	0
0x8016C7F0	24	fn_8016C7F0	auto	0	1	0	0	0	0
0x8016C808	104	fn_8016C808	auto	0	1	0	0	0	0
0x8016C870	24	fn_8016C870	auto	0	1	0	0	0	0
0x8016C888	556	fn_8016C888	auto	1	0	4	0	1	0
0x8016CAB4	548	fn_8016CAB4	auto	1	0	1	0	0	0
0x8016CCD8	512	fn_8016CCD8	auto	0	1	0	0	0	0
0x8016CED8	324	fn_8016CED8	auto	1	0	2	0	0	0
0x8016D01C	24	fn_8016D01C	auto	0	1	0	0	0	0
0x8016D034	224	fn_8016D034	auto	1	0	2	0	0	0
0x8016D114	24	fn_8016D114	auto	0	1	0	0	0	0
0x8016D12C	2008	fn_8016D12C	auto	1	0	1	0	0	0
0x8016D904	448	fn_8016D904	auto	1	0	2	0	0	0
0x8016DAC4	232	fn_8016DAC4	auto	1	0	1	0	0	0
0x8016DBAC	1580	fn_8016DBAC	auto	1	0	1	0	0	0
0x8016E1D8	72	fn_8016E1D8	auto	1	0	1	0	0	0
0x8016E220	448	fn_8016E220	auto	1	0	14	0	0	0
0x8016E3E0	332	fn_8016E3E0	auto	1	0	9	0	0	0
0x8016E52C	444	fn_8016E52C	auto	1	0	11	0	0	0
0x8016E6E8	304	fn_8016E6E8	auto	1	0	9	0	0	0
0x8016E818	96	fn_8016E818	auto	1	0	4	0	0	0
0x8016E878	244	fn_8016E878	auto	1	0	2	0	0	0
0x8016E96C	244	fn_8016E96C	auto	1	0	2	0	0	0
0x8016EA60	236	fn_8016EA60	auto	1	0	2	0	0	0
0x8016EB4C	240	fn_8016EB4C	auto	1	0	3	0	0	0
0x8016EC3C	496	fn_8016EC3C	auto	1	0	2	0	0	0
0x8016EE2C	228	fn_8016EE2C	auto	1	0	5	0	0	0
0x8016EF10	452	fn_8016EF10	auto	1	0	7	0	0	0
0x8016F0D4	84	fn_8016F0D4	auto	0	1	0	0	0	0
0x8016F128	16	fn_8016F128	auto	0	1	0	0	0	0
0x8016F138	228	fn_8016F138	auto	1	0	5	0	0	0
0x8016F21C	888	fn_8016F21C	auto	1	0	2	0	1	0
0x8016F594	272	fn_8016F594	auto	1	0	6	0	0	0
0x8016F6A4	1160	fn_8016F6A4	auto	1	0	15	0	1	0
0x8016FB2C	484	fn_8016FB2C	auto	1	0	2	0	0	0
0x8016FD10	1856	fn_8016FD10	auto	1	0	8	0	0	0
0x80170450	360	fn_80170450	auto	1	0	5	0	0	0
0x801705B8	332	fn_801705B8	auto	1	0	5	0	0	0
0x80170704	1376	fn_80170704	auto	1	0	5	0	0	0
0x80170C64	360	fn_80170C64	auto	1	0	2	0	0	0
0x80170DCC	856	fn_80170DCC	auto	1	0	3	0	0	0
0x80171124	864	fn_80171124	auto	1	0	3	0	0	0
0x80171484	680	fn_80171484	auto	1	0	3	0	0	0
0x8017172C	676	fn_8017172C	auto	1	0	3	0	0	0
0x801719D0	404	fn_801719D0	auto	1	0	2	0	0	0
0x80171B64	284	fn_80171B64	auto	1	0	2	0	0	0
0x80171C80	1132	fn_80171C80	auto	1	0	18	0	1	0
0x801720EC	696	fn_801720EC	auto	1	0	8	0	0	0
0x801723A4	784	fn_801723A4	auto	1	0	6	0	0	0
0x801726B4	796	fn_801726B4	auto	1	0	4	0	0	0
0x801729D0	388	fn_801729D0	auto	1	0	5	0	0	0
0x80172B54	268	fn_80172B54	auto	1	0	4	0	0	0
0x80172C60	556	fn_80172C60	auto	1	0	3	0	0	0
0x80172E8C	632	fn_80172E8C	auto	1	0	3	0	0	0
0x80173104	452	fn_80173104	auto	1	0	2	0	0	0
0x801732C8	960	fn_801732C8	auto	1	0	11	0	1	0
0x80173688	276	fn_80173688	auto	1	0	3	0	0	0
0x8017379C	540	fn_8017379C	auto	1	0	5	0	0	0
0x801739B8	1400	fn_801739B8	auto	1	0	20	0	1	0
0x80173F30	1132	fn_80173F30	auto	1	0	10	0	0	0
0x8017439C	168	fn_8017439C	auto	1	0	2	0	0	0
0x80174444	212	fn_80174444	auto	1	0	4	0	0	0
0x80174518	1280	fn_80174518	auto	1	0	18	0	1	0
0x80174A18	664	fn_80174A18	auto	1	0	8	0	0	0
0x80174CB0	360	fn_80174CB0	auto	1	0	5	0	0	0
0x80174E18	296	fn_80174E18	auto	1	0	4	0	0	0
0x80174F40	604	fn_80174F40	auto	1	0	3	0	0	0
0x8017519C	344	fn_8017519C	auto	1	0	2	0	0	0
0x801752F4	224	fn_801752F4	auto	1	0	2	0	0	0
0x801753D4	332	fn_801753D4	auto	1	0	2	0	0	0
0x80175520	348	fn_80175520	auto	1	0	3	0	0	0
0x8017567C	248	fn_8017567C	auto	1	0	1	0	0	0
0x80175774	636	fn_80175774	auto	1	0	6	0	0	0
0x801759F0	980	fn_801759F0	auto	1	0	20	0	1	0
0x80175DC4	292	fn_80175DC4	auto	1	0	3	0	0	0
0x80175EE8	1232	fn_80175EE8	auto	1	0	12	0	0	0
0x801763B8	300	fn_801763B8	auto	1	0	2	0	0	0
0x801764E4	480	fn_801764E4	auto	1	0	2	0	0	0
0x801766C4	420	fn_801766C4	auto	1	0	2	0	0	0
0x80176868	476	fn_80176868	auto	1	0	2	0	0	0
0x80176A44	248	fn_80176A44	auto	1	0	1	0	0	0
0x80176B3C	564	fn_80176B3C	auto	1	0	4	0	0	0
0x80176D70	964	fn_80176D70	auto	1	0	15	0	1	0
0x80177134	532	fn_80177134	auto	1	0	4	0	0	0
0x80177348	1380	fn_80177348	auto	1	0	10	0	0	0
0x801778AC	192	fn_801778AC	auto	1	0	2	0	0	0
0x8017796C	348	fn_8017796C	auto	1	0	2	0	0	0
0x80177AC8	268	fn_80177AC8	auto	1	0	2	0	0	0
0x80177BD4	196	fn_80177BD4	auto	1	0	3	0	0	0
0x80177C98	228	fn_80177C98	auto	1	0	2	0	0	0
0x80177D7C	384	fn_80177D7C	auto	1	0	1	0	0	0
0x80177EFC	460	fn_80177EFC	auto	1	0	3	0	0	0
0x801780C8	1040	fn_801780C8	auto	1	0	16	0	1	0
0x801784D8	488	fn_801784D8	auto	1	0	3	0	0	0
0x801786C0	928	fn_801786C0	auto	1	0	9	0	0	0
0x80178A60	360	fn_80178A60	auto	1	0	5	0	0	0
0x80178BC8	356	fn_80178BC8	auto	1	0	8	0	0	0
0x80178D2C	576	fn_80178D2C	auto	1	0	3	0	0	0
0x80178F6C	348	fn_80178F6C	auto	1	0	2	0	0	0
0x801790C8	280	fn_801790C8	auto	1	0	2	0	0	0
0x801791E0	196	fn_801791E0	auto	1	0	3	0	0	0
0x801792A4	228	fn_801792A4	auto	1	0	2	0	0	0
0x80179388	460	fn_80179388	auto	1	0	1	0	0	0
0x80179554	524	fn_80179554	auto	1	0	2	0	0	0
0x80179760	1092	fn_80179760	auto	1	0	17	0	1	0
0x80179BA4	1180	fn_80179BA4	auto	1	0	18	0	0	0
0x8017A040	1232	fn_8017A040	auto	1	0	15	0	1	0
0x8017A510	404	fn_8017A510	auto	1	0	4	0	0	0
0x8017A6A4	176	fn_8017A6A4	auto	1	0	2	0	0	0
0x8017A754	340	fn_8017A754	auto	1	0	2	0	0	0
0x8017A8A8	340	fn_8017A8A8	auto	1	0	2	0	0	0
0x8017A9FC	316	fn_8017A9FC	auto	1	0	3	0	0	0
0x8017AB38	1128	fn_8017AB38	auto	1	0	14	0	1	0
0x8017AFA0	344	fn_8017AFA0	auto	1	0	4	0	0	0
0x8017B0F8	164	fn_8017B0F8	auto	1	0	1	0	0	0
0x8017B19C	272	fn_8017B19C	auto	1	0	2	0	0	0
0x8017B2AC	272	fn_8017B2AC	auto	1	0	2	0	0	0
0x8017B3BC	296	fn_8017B3BC	auto	1	0	2	0	0	0
0x8017B4E4	264	fn_8017B4E4	auto	1	0	3	0	0	0
0x8017B5EC	264	fn_8017B5EC	auto	1	0	3	0	0	0
0x8017B6F4	1064	fn_8017B6F4	auto	1	0	17	0	1	0
0x8017BB1C	172	fn_8017BB1C	auto	1	0	3	0	0	0
0x8017BBC8	224	fn_8017BBC8	auto	1	0	3	0	0	0
0x8017BCA8	620	fn_8017BCA8	auto	1	0	9	0	0	0
0x8017BF14	472	fn_8017BF14	auto	1	0	2	0	0	0
0x8017C0EC	472	fn_8017C0EC	auto	1	0	2	0	0	0
0x8017C2C4	588	fn_8017C2C4	auto	1	0	2	0	0	0
0x8017C510	428	fn_8017C510	auto	1	0	4	0	0	0
0x8017C6BC	652	fn_8017C6BC	auto	1	0	4	0	0	0
0x8017C948	808	fn_8017C948	auto	1	0	16	0	1	0
0x8017CC70	280	fn_8017CC70	auto	1	0	2	0	0	0
0x8017CD88	1224	fn_8017CD88	auto	1	0	9	0	0	0
0x8017D250	268	fn_8017D250	auto	1	0	2	0	0	0
0x8017D35C	472	fn_8017D35C	auto	1	0	2	0	0	0
0x8017D534	652	fn_8017D534	auto	1	0	2	0	0	0
0x8017D7C0	616	fn_8017D7C0	auto	1	0	2	0	0	0
0x8017DA28	652	fn_8017DA28	auto	1	0	2	0	0	0
0x8017DCB4	608	fn_8017DCB4	auto	1	0	3	0	0	0
0x8017DF14	608	fn_8017DF14	auto	1	0	3	0	0	0
0x8017E174	236	fn_8017E174	auto	1	0	3	0	0	0
0x8017E260	644	fn_8017E260	auto	1	0	12	0	1	0
0x8017E4E4	280	fn_8017E4E4	auto	1	0	2	0	0	0
0x8017E5FC	1264	fn_8017E5FC	auto	1	0	7	0	0	0
0x8017EAEC	236	fn_8017EAEC	auto	1	0	2	0	0	0
0x8017EBD8	624	fn_8017EBD8	auto	1	0	3	0	0	0
0x8017EE48	564	fn_8017EE48	auto	1	0	3	0	0	0
0x8017F07C	660	fn_8017F07C	auto	1	0	3	0	0	0
0x8017F310	560	fn_8017F310	auto	1	0	2	0	0	0
0x8017F540	260	fn_8017F540	auto	1	0	3	0	0	0
0x8017F644	508	fn_8017F644	auto	1	0	14	0	1	0
0x8017F840	408	fn_8017F840	auto	1	0	3	0	0	0
0x8017F9D8	1684	fn_8017F9D8	auto	1	0	12	0	0	0
0x8018006C	264	fn_8018006C	auto	1	0	4	0	0	0
0x80180174	312	fn_80180174	auto	1	0	3	0	0	0
0x801802AC	360	fn_801802AC	auto	1	0	5	0	0	0
0x80180414	640	fn_80180414	auto	1	0	10	0	0	0
0x80180694	576	fn_80180694	auto	1	0	3	0	0	0
0x801808D4	432	fn_801808D4	auto	1	0	2	0	0	0
0x80180A84	252	fn_80180A84	auto	1	0	2	0	0	0
0x80180B80	332	fn_80180B80	auto	1	0	2	0	0	0
0x80180CCC	468	fn_80180CCC	auto	1	0	1	0	0	0
0x80180EA0	972	fn_80180EA0	auto	1	0	4	0	0	0
0x8018126C	84	fn_8018126C	auto	1	0	1	0	0	0
0x801812C0	88	fn_801812C0	auto	1	0	1	0	0	0
0x80181318	1492	fn_80181318	auto	1	0	14	0	1	0
0x801818EC	1192	fn_801818EC	auto	1	0	9	0	0	0
0x80181D94	452	fn_80181D94	auto	1	0	3	0	0	0
0x80181F58	840	fn_80181F58	auto	1	0	5	0	0	0
0x801822A0	824	fn_801822A0	auto	1	0	5	0	0	0
0x801825D8	1124	fn_801825D8	auto	1	0	5	0	0	0
0x80182A3C	952	fn_80182A3C	auto	1	0	5	0	0	0
0x80182DF4	2396	fn_80182DF4	auto	1	0	6	0	0	0
0x80183750	176	fn_80183750	auto	1	0	2	0	0	0
0x80183800	200	fn_80183800	auto	1	0	1	0	0	0
0x801838C8	132	fn_801838C8	auto	0	1	0	0	1	0
0x8018394C	776	fn_8018394C	auto	1	0	13	0	1	0
0x80183C54	316	fn_80183C54	auto	1	0	2	0	0	0
0x80183D90	1100	fn_80183D90	auto	1	0	7	0	0	0
0x801841DC	340	fn_801841DC	auto	1	0	3	0	0	0
0x80184330	552	fn_80184330	auto	1	0	4	0	0	0
0x80184558	664	fn_80184558	auto	1	0	4	0	0	0
0x801847F0	648	fn_801847F0	auto	1	0	4	0	0	0
0x80184A78	624	fn_80184A78	auto	1	0	6	0	0	0
0x80184CE8	324	fn_80184CE8	auto	1	0	3	0	0	0
0x80184E2C	316	fn_80184E2C	auto	1	0	2	0	0	0
0x80184F68	608	fn_80184F68	auto	1	0	13	0	1	0
0x801851C8	304	fn_801851C8	auto	1	0	1	0	0	0
0x801852F8	448	fn_801852F8	auto	1	0	6	0	0	0
0x801854B8	404	fn_801854B8	auto	1	0	7	0	0	0
0x8018564C	216	fn_8018564C	auto	1	0	1	0	0	0
0x80185724	320	fn_80185724	auto	1	0	2	0	0	0
0x80185864	344	fn_80185864	auto	1	0	2	0	0	0
0x801859BC	320	fn_801859BC	auto	1	0	2	0	0	0
0x80185AFC	260	fn_80185AFC	auto	1	0	3	0	0	0
0x80185C00	1528	fn_80185C00	auto	1	0	15	0	1	0
0x801861F8	336	fn_801861F8	auto	1	0	2	0	0	0
0x80186348	160	fn_80186348	auto	1	0	3	0	0	0
0x801863E8	716	fn_801863E8	auto	1	0	12	0	0	0
0x801866B4	260	fn_801866B4	auto	1	0	10	0	0	0
0x801867B8	336	fn_801867B8	auto	1	0	6	0	0	0
0x80186908	176	fn_80186908	auto	1	0	2	0	0	0
0x801869B8	168	fn_801869B8	auto	0	1	0	0	0	0
0x80186A60	388	fn_80186A60	auto	1	0	11	0	0	0
0x80186BE4	328	fn_80186BE4	auto	1	0	6	0	0	0
0x80186D2C	244	fn_80186D2C	auto	1	0	2	0	0	0
0x80186E20	44	fn_80186E20	auto	0	1	0	0	0	0
0x80186E4C	268	fn_80186E4C	auto	1	0	6	0	0	0
0x80186F58	2580	fn_80186F58	auto	1	0	12	0	0	0
0x8018796C	1036	fn_8018796C	auto	1	0	7	0	0	0
0x80187D78	240	fn_80187D78	auto	1	0	2	0	0	0
0x80187E68	200	fn_80187E68	auto	1	0	2	0	0	0
0x80187F30	96	fn_80187F30	auto	1	0	1	0	0	0
0x80187F90	36	fn_80187F90	auto	1	0	1	0	0	0
0x80187FB4	228	fn_80187FB4	auto	1	0	5	0	0	0
0x80188098	476	fn_80188098	auto	1	0	3	0	0	0
0x80188274	592	fn_80188274	auto	1	0	3	0	0	0
0x801884C4	200	fn_801884C4	auto	1	0	2	0	0	0
0x8018858C	432	fn_8018858C	auto	1	0	6	0	0	0
0x8018873C	176	fn_8018873C	auto	1	0	2	0	0	0
0x801887EC	556	fn_801887EC	auto	1	0	11	0	0	0
0x80188A18	2044	fn_80188A18	auto	1	0	13	0	0	0
0x80189214	940	fn_80189214	auto	1	0	2	0	0	0
0x801895C0	204	fn_801895C0	auto	1	0	2	0	0	0
0x8018968C	252	fn_8018968C	auto	1	0	2	0	0	0
0x80189788	172	fn_80189788	auto	1	0	2	0	0	0
0x80189834	204	fn_80189834	auto	1	0	2	0	0	0
0x80189900	88	fn_80189900	auto	1	0	1	0	0	0
0x80189958	280	fn_80189958	auto	1	0	1	0	0	0
0x80189A70	256	fn_80189A70	auto	0	1	0	0	0	0
0x80189B70	384	fn_80189B70	auto	1	0	10	0	0	0
0x80189CF0	192	fn_80189CF0	auto	1	0	2	0	0	0
0x80189DB0	12	fn_80189DB0	auto	0	1	0	0	0	0
0x80189DBC	228	fn_80189DBC	auto	1	0	5	0	0	0
0x80189EA0	476	fn_80189EA0	auto	1	0	7	0	0	0
0x8018A07C	240	fn_8018A07C	auto	1	0	2	0	0	0
0x8018A16C	364	fn_8018A16C	auto	1	0	9	0	0	0
0x8018A2D8	4000	fn_8018A2D8	auto	1	0	8	0	0	0
0x8018B278	3476	fn_8018B278	auto	1	0	4	0	0	0
0x8018C00C	1692	fn_8018C00C	auto	1	0	4	0	0	0
0x8018C6A8	524	fn_8018C6A8	auto	1	0	3	0	0	0
0x8018C8B4	2460	fn_8018C8B4	auto	1	0	11	0	0	0
0x8018D250	1440	fn_8018D250	auto	1	0	8	0	0	0
0x8018D7F0	716	fn_8018D7F0	auto	1	0	2	0	0	0
0x8018DABC	616	fn_8018DABC	auto	1	0	4	0	0	0
0x8018DD24	472	fn_8018DD24	auto	1	0	6	0	0	0
0x8018DEFC	176	fn_8018DEFC	auto	1	0	2	0	0	0
0x8018DFAC	8	fn_8018DFAC	auto	0	1	0	0	0	0
0x8018DFB4	8	fn_8018DFB4	auto	0	1	0	0	0	0
0x8018DFBC	8	fn_8018DFBC	auto	0	1	0	0	0	0
0x8018DFC4	228	fn_8018DFC4	auto	1	0	5	0	0	0
0x8018E0A8	808	fn_8018E0A8	auto	1	0	14	0	0	0
0x8018E3D0	440	fn_8018E3D0	auto	1	0	9	0	0	0
0x8018E588	436	fn_8018E588	auto	1	0	8	0	0	0
0x8018E73C	180	fn_8018E73C	auto	1	0	4	0	0	0
0x8018E7F0	44	fn_8018E7F0	auto	1	0	1	0	0	0
0x8018E81C	16	fn_8018E81C	auto	0	1	0	0	0	0
0x8018E82C	784	fn_8018E82C	auto	1	0	16	0	1	0
0x8018EB3C	912	fn_8018EB3C	auto	1	0	12	0	0	0
0x8018EECC	1384	fn_8018EECC	auto	1	0	9	0	0	0
0x8018F434	1896	fn_8018F434	auto	1	0	14	0	0	0
0x8018FB9C	528	fn_8018FB9C	auto	1	0	5	0	0	0
0x8018FDAC	844	fn_8018FDAC	auto	1	0	9	0	0	0
0x801900F8	1844	fn_801900F8	auto	1	0	7	0	0	0
0x8019082C	1068	fn_8019082C	auto	1	0	9	0	0	0
0x80190C58	1892	fn_80190C58	auto	1	0	12	0	0	0
0x801913BC	1288	fn_801913BC	auto	1	0	3	0	0	0
0x801918C4	320	fn_801918C4	auto	1	0	8	0	0	0
0x80191A04	884	fn_80191A04	auto	1	0	3	0	1	0
0x80191D78	284	fn_80191D78	auto	1	0	3	0	0	0
0x80191E94	52	fn_80191E94	auto	0	1	0	0	0	0
0x80191EC8	484	fn_80191EC8	auto	1	0	9	0	0	0
0x801920AC	1324	fn_801920AC	auto	1	0	37	0	0	0
0x801925D8	224	fn_801925D8	auto	1	0	3	0	0	0
0x801926B8	328	fn_801926B8	auto	1	0	10	0	0	0
0x80192800	44	fn_80192800	auto	1	0	1	0	0	0
0x8019282C	92	fn_8019282C	auto	1	0	2	0	0	0
0x80192888	152	fn_80192888	auto	1	0	1	0	0	0
0x80192920	152	fn_80192920	auto	1	0	1	0	0	0
0x801929B8	68	fn_801929B8	auto	1	0	1	0	0	0
0x801929FC	264	fn_801929FC	auto	0	1	0	0	0	0
0x80192B04	984	fn_80192B04	auto	0	1	0	0	0	0
0x80192EDC	604	fn_80192EDC	auto	0	1	0	0	0	0
0x80193138	3568	fn_80193138	auto	1	1	0	0	0	0
0x80193F28	48	fn_80193F28	auto	1	0	1	0	0	0
0x80193F58	32	fn_80193F58	auto	0	1	0	0	0	0
0x80193F78	8	fn_80193F78	auto	0	1	0	0	0	0
0x80193F80	44	fn_80193F80	auto	1	0	1	0	0	0
0x80193FAC	16	fn_80193FAC	auto	0	1	0	0	0	0
0x80193FBC	60	fn_80193FBC	auto	1	0	1	0	0	0
0x80193FF8	48	fn_80193FF8	auto	1	0	1	0	0	0
0x80194028	68	fn_80194028	auto	1	0	2	0	0	0
0x8019406C	64	fn_8019406C	auto	1	0	1	0	0	0
0x801940AC	80	fn_801940AC	auto	1	0	1	0	0	0
0x801940FC	8	fn_801940FC	auto	0	1	0	0	0	0
0x80194104	8	fn_80194104	auto	0	1	0	0	0	0
0x8019410C	68	fn_8019410C	auto	0	1	0	0	0	0
0x80194150	192	fn_80194150	auto	1	0	1	0	0	0
0x80194210	68	fn_80194210	auto	0	1	0	0	0	0
0x80194254	20	fn_80194254	auto	0	1	0	0	0	0
0x80194268	60	fn_80194268	auto	1	0	2	0	0	0
0x801942A4	144	fn_801942A4	auto	0	1	0	0	0	0
0x80194334	68	fn_80194334	auto	1	0	1	0	0	0
0x80194378	20	fn_80194378	auto	0	1	0	0	0	0
0x8019438C	52	fn_8019438C	auto	0	1	0	0	0	0
0x801943C0	52	fn_801943C0	auto	0	1	0	0	0	0
0x801943F4	52	fn_801943F4	auto	0	1	0	0	0	0
0x80194428	52	fn_80194428	auto	0	1	0	0	0	0
0x8019445C	52	fn_8019445C	auto	0	1	0	0	0	0
0x80194490	52	fn_80194490	auto	0	1	0	0	0	0
0x801944C4	16	fn_801944C4	auto	0	1	0	0	0	0
0x801944D4	116	fn_801944D4	auto	1	0	1	0	0	0
0x80194548	416	fn_80194548	auto	1	0	1	0	0	0
0x801946E8	708	fn_801946E8	auto	0	1	0	0	0	0
0x801949AC	76	fn_801949AC	auto	0	1	0	0	0	0
0x801949F8	32	fn_801949F8	auto	1	0	1	0	0	0
0x80194A18	116	fn_80194A18	auto	1	0	2	0	0	0
0x80194A8C	140	fn_80194A8C	auto	1	0	2	0	0	0
0x80194B18	108	fn_80194B18	auto	1	0	2	0	0	0
0x80194B84	124	fn_80194B84	auto	1	0	2	0	0	0
0x80194C00	24	fn_80194C00	auto	0	1	0	0	0	0
0x80194C18	32	fn_80194C18	auto	0	1	0	0	0	0
0x80194C38	24	fn_80194C38	auto	0	1	0	0	0	0
0x80194C50	24	fn_80194C50	auto	0	1	0	0	0	0
0x80194C68	20	fn_80194C68	auto	0	1	0	0	0	0
0x80194C7C	36	fn_80194C7C	auto	0	1	0	0	0	0
0x80194CA0	8	fn_80194CA0	auto	0	1	0	0	0	0
0x80194CA8	8	fn_80194CA8	auto	0	1	0	0	0	0
0x80194CB0	8	fn_80194CB0	auto	0	1	0	0	0	0
0x80194CB8	8	fn_80194CB8	auto	0	1	0	0	0	0
0x80194CC0	8	fn_80194CC0	auto	0	1	0	0	0	0
0x80194CC8	216	fn_80194CC8	auto	0	1	0	0	0	0
0x80194DA0	196	fn_80194DA0	auto	1	0	1	0	0	0
0x80194E64	8	fn_80194E64	auto	0	1	0	0	0	0
0x80194E6C	96	fn_80194E6C	auto	1	0	1	0	0	0
0x80194ECC	112	fn_80194ECC	auto	1	0	1	0	0	0
0x80194F3C	32	fn_80194F3C	auto	1	0	1	0	0	0
0x80194F5C	44	fn_80194F5C	auto	0	1	0	0	0	0
0x80194F88	328	fn_80194F88	auto	1	0	2	0	0	0
0x801950D0	60	fn_801950D0	auto	1	0	1	0	0	0
0x8019510C	60	fn_8019510C	auto	1	0	1	0	0	0
0x80195148	60	fn_80195148	auto	1	0	1	0	0	0
0x80195184	60	fn_80195184	auto	1	0	1	0	0	0
0x801951C0	76	fn_801951C0	auto	0	1	0	0	0	0
0x8019520C	196	fn_8019520C	auto	0	1	0	0	0	0
0x801952D0	224	fn_801952D0	auto	0	1	0	0	0	0
0x801953B0	8	fn_801953B0	auto	0	1	0	0	0	0
0x801953B8	84	fn_801953B8	auto	0	1	0	0	0	0
0x8019540C	4	fn_8019540C	auto	0	1	0	0	0	0
0x80195410	192	fn_80195410	auto	1	0	2	0	0	0
0x801954D0	28	fn_801954D0	auto	0	1	0	0	0	0
0x801954EC	84	fn_801954EC	auto	1	0	1	0	0	0
0x80195540	280	fn_80195540	auto	1	0	4	0	0	0
0x80195658	148	fn_80195658	auto	1	0	1	0	0	0
0x801956EC	128	fn_801956EC	auto	1	0	1	0	0	0
0x8019576C	108	fn_8019576C	auto	1	0	1	0	0	0
0x801957D8	44	fn_801957D8	auto	0	1	0	0	0	0
0x80195804	252	fn_80195804	auto	0	1	0	0	0	0
0x80195900	96	fn_80195900	auto	1	0	1	0	0	0
0x80195960	116	fn_80195960	auto	1	0	1	0	0	0
0x801959D4	32	fn_801959D4	auto	0	1	0	0	0	0
0x801959F4	116	fn_801959F4	auto	0	1	0	0	0	0
0x80195A68	204	fn_80195A68	auto	0	1	0	0	0	0
0x80195B34	4	fn_80195B34	auto	0	1	0	0	0	0
0x80195B38	408	fn_80195B38	auto	1	0	4	0	0	0
0x80195CD0	188	fn_80195CD0	auto	1	0	4	0	0	0
0x80195D8C	280	fn_80195D8C	auto	1	0	4	0	0	0
0x80195EA4	128	fn_80195EA4	auto	1	0	4	0	0	0
0x80195F24	108	fn_80195F24	auto	1	0	3	0	0	0
0x80195F90	12	fn_80195F90	auto	0	1	0	0	0	0
0x80195F9C	2332	fn_80195F9C	auto	1	0	5	0	0	0
0x801968B8	48	fn_801968B8	auto	0	1	0	0	0	0
0x801968E8	544	fn_801968E8	auto	1	0	30	0	0	0
0x80196B08	264	fn_80196B08	auto	1	0	3	0	0	0
0x80196C10	528	fn_80196C10	auto	1	0	6	0	0	0
0x80196E20	312	fn_80196E20	auto	1	0	3	0	0	0
0x80196F58	304	fn_80196F58	auto	1	0	4	0	0	0
0x80197088	244	fn_80197088	auto	1	0	4	0	0	0
0x8019717C	244	fn_8019717C	auto	1	0	3	0	0	0
0x80197270	580	fn_80197270	auto	1	0	4	0	0	0
0x801974B4	416	fn_801974B4	auto	1	0	7	0	0	0
0x80197654	484	fn_80197654	auto	1	0	5	0	0	0
0x80197838	352	fn_80197838	auto	1	0	5	0	0	0
0x80197998	388	fn_80197998	auto	1	0	5	0	0	0
0x80197B1C	424	fn_80197B1C	auto	1	0	6	0	0	0
0x80197CC4	388	fn_80197CC4	auto	1	0	5	0	0	0
0x80197E48	388	fn_80197E48	auto	1	0	5	0	0	0
0x80197FCC	332	fn_80197FCC	auto	1	0	4	0	0	0
0x80198118	820	fn_80198118	auto	1	0	8	0	0	0
0x8019844C	624	fn_8019844C	auto	1	0	8	0	0	0
0x801986BC	572	fn_801986BC	auto	1	0	5	0	0	0
0x801988F8	276	fn_801988F8	auto	1	0	4	0	0	0
0x80198A0C	372	fn_80198A0C	auto	1	0	4	0	0	0
0x80198B80	372	fn_80198B80	auto	1	0	4	0	0	0
0x80198CF4	412	fn_80198CF4	auto	1	0	4	0	0	0
0x80198E90	404	fn_80198E90	auto	1	0	4	0	0	0
0x80199024	456	fn_80199024	auto	1	0	4	0	0	0
0x801991EC	384	fn_801991EC	auto	1	0	5	0	0	0
0x8019936C	412	fn_8019936C	auto	1	0	4	0	0	0
0x80199508	368	fn_80199508	auto	1	0	4	0	0	0
0x80199678	576	fn_80199678	auto	1	0	4	0	1	0
0x801998B8	252	fn_801998B8	auto	1	0	4	0	0	0
0x801999B4	428	fn_801999B4	auto	1	0	4	0	0	0
0x80199B60	60	fn_80199B60	auto	0	1	0	0	0	0
0x80199B9C	8	fn_80199B9C	auto	0	1	0	0	0	0
0x80199BA4	8	fn_80199BA4	auto	0	1	0	0	0	0
0x80199BAC	12	fn_80199BAC	auto	0	1	0	0	0	0
0x80199BB8	12	fn_80199BB8	auto	0	1	0	0	0	0
0x80199BC4	884	fn_80199BC4	auto	1	0	6	0	0	0
0x80199F38	32	fn_80199F38	auto	1	0	1	0	0	0
0x80199F58	164	fn_80199F58	auto	1	0	1	0	0	0
0x80199FFC	352	fn_80199FFC	auto	1	1	0	0	0	0
0x8019A15C	192	fn_8019A15C	auto	1	0	1	0	0	0
0x8019A21C	344	fn_8019A21C	auto	0	1	0	0	0	0
0x8019A374	1700	fn_8019A374	auto	1	0	11	0	0	0
0x8019AA18	380	fn_8019AA18	auto	1	0	3	0	0	0
0x8019AB94	256	fn_8019AB94	auto	1	0	1	0	1	0
0x8019AC94	256	fn_8019AC94	auto	1	0	1	0	1	0
0x8019AD94	12	fn_8019AD94	auto	0	1	0	0	0	0
0x8019ADA0	228	fn_8019ADA0	auto	1	0	5	0	0	0
0x8019AE84	1256	fn_8019AE84	auto	1	0	3	0	0	0
0x8019B36C	192	fn_8019B36C	auto	1	0	2	0	0	0
0x8019B42C	32	fn_8019B42C	auto	0	1	0	0	0	0
0x8019B44C	336	fn_8019B44C	auto	1	0	8	0	0	0
0x8019B59C	996	fn_8019B59C	auto	1	0	12	0	0	0
0x8019B980	468	fn_8019B980	auto	1	0	7	0	0	0
0x8019BB54	472	fn_8019BB54	auto	1	0	7	0	0	0
0x8019BD2C	428	fn_8019BD2C	auto	1	0	3	0	0	0
0x8019BED8	696	fn_8019BED8	auto	1	0	2	0	0	0
0x8019C190	660	fn_8019C190	auto	1	0	7	0	0	0
0x8019C424	1884	fn_8019C424	auto	1	0	11	0	0	0
0x8019CB80	312	fn_8019CB80	auto	1	0	1	0	0	0
0x8019CCB8	1200	fn_8019CCB8	auto	1	0	14	0	0	0
0x8019D168	456	fn_8019D168	auto	1	0	5	0	0	0
0x8019D330	616	fn_8019D330	auto	1	0	12	0	0	0
0x8019D598	224	fn_8019D598	auto	1	0	1	0	0	0
0x8019D678	1328	fn_8019D678	auto	1	0	13	0	0	0
0x8019DBA8	968	fn_8019DBA8	auto	1	0	6	0	0	0
0x8019DF70	728	fn_8019DF70	auto	1	0	9	0	0	0
0x8019E248	76	fn_8019E248	auto	1	1	0	0	0	0
0x8019E294	168	fn_8019E294	auto	1	0	5	0	0	0
0x8019E33C	108	fn_8019E33C	auto	1	0	1	0	0	0
0x8019E3A8	56	fn_8019E3A8	auto	1	0	1	0	0	0
0x8019E3E0	104	fn_8019E3E0	auto	1	0	2	0	0	0
0x8019E448	424	fn_8019E448	auto	1	0	5	0	0	0
0x8019E5F0	96	fn_8019E5F0	auto	1	0	2	0	0	0
0x8019E650	168	fn_8019E650	auto	1	0	4	0	0	0
0x8019E6F8	628	fn_8019E6F8	auto	1	0	8	0	0	0
0x8019E96C	360	fn_8019E96C	auto	1	0	7	0	0	0
0x8019EAD4	792	fn_8019EAD4	auto	1	0	10	0	0	0
0x8019EDEC	96	fn_8019EDEC	auto	1	0	2	0	0	0
0x8019EE4C	428	fn_8019EE4C	auto	1	0	9	0	0	0
0x8019EFF8	660	fn_8019EFF8	auto	1	0	9	0	0	0
0x8019F28C	448	fn_8019F28C	auto	1	0	5	0	0	0
0x8019F44C	740	fn_8019F44C	auto	1	0	12	0	0	0
0x8019F730	360	fn_8019F730	auto	1	0	10	0	0	0
0x8019F898	152	fn_8019F898	auto	1	0	4	0	0	0
0x8019F930	1152	fn_8019F930	auto	1	0	13	0	0	0
0x8019FDB0	180	fn_8019FDB0	auto	1	0	3	0	0	0
0x8019FE64	212	fn_8019FE64	auto	1	0	3	0	0	0
0x8019FF38	224	fn_8019FF38	auto	1	0	3	0	0	0
0x801A0018	508	fn_801A0018	auto	1	0	8	0	0	0
0x801A0214	376	fn_801A0214	auto	1	0	10	0	0	0
0x801A038C	1932	fn_801A038C	auto	1	0	14	0	0	0
0x801A0B18	292	fn_801A0B18	auto	1	0	8	0	0	0
0x801A0C3C	576	fn_801A0C3C	auto	1	0	8	0	0	0
0x801A0E7C	348	fn_801A0E7C	auto	1	0	9	0	0	0
0x801A0FD8	472	fn_801A0FD8	auto	1	0	10	0	0	0
0x801A11B0	740	fn_801A11B0	auto	1	0	9	0	0	0
0x801A1494	312	fn_801A1494	auto	1	0	4	0	0	0
0x801A15CC	616	fn_801A15CC	auto	1	0	9	0	0	0
0x801A1834	200	fn_801A1834	auto	1	0	10	0	0	0
0x801A18FC	92	fn_801A18FC	auto	1	0	2	0	0	0
0x801A1958	576	fn_801A1958	auto	1	0	5	0	0	0
0x801A1B98	540	fn_801A1B98	auto	1	0	3	0	0	0
0x801A1DB4	520	fn_801A1DB4	auto	1	0	1	0	1	0
0x801A1FBC	240	fn_801A1FBC	auto	1	0	2	0	0	0
0x801A20AC	332	fn_801A20AC	auto	1	0	1	0	0	0
0x801A21F8	268	fn_801A21F8	auto	1	0	2	0	0	0
0x801A2304	288	fn_801A2304	auto	1	0	2	0	0	0
0x801A2424	220	fn_801A2424	auto	1	0	2	0	0	0
0x801A2500	368	fn_801A2500	auto	1	0	7	0	0	0
0x801A2670	556	fn_801A2670	auto	1	0	7	0	0	0
0x801A289C	12	fn_801A289C	auto	0	1	0	0	0	0
0x801A28A8	4	fn_801A28A8	auto	0	1	0	0	0	0
0x801A28AC	72	fn_801A28AC	auto	1	0	3	0	0	0
0x801A28F4	844	fn_801A28F4	auto	1	0	11	0	0	0
0x801A2C40	24	fn_801A2C40	auto	0	1	0	0	0	0
0x801A2C58	108	fn_801A2C58	auto	1	0	3	0	0	0
0x801A2CC4	92	fn_801A2CC4	auto	1	0	3	0	0	0
0x801A2D20	64	fn_801A2D20	auto	1	1	0	0	0	0
0x801A2D60	1756	fn_801A2D60	auto	1	0	16	0	0	0
0x801A343C	212	fn_801A343C	auto	1	0	2	0	0	0
0x801A3510	540	fn_801A3510	auto	1	0	8	0	0	0
0x801A372C	152	fn_801A372C	auto	1	0	3	0	0	0
0x801A37C4	20	fn_801A37C4	auto	0	1	0	0	0	0
0x801A37D8	180	fn_801A37D8	auto	1	0	4	0	0	0
0x801A388C	296	fn_801A388C	auto	1	0	3	0	0	0
0x801A39B4	92	fn_801A39B4	auto	1	0	3	0	0	0
0x801A3A10	288	fn_801A3A10	auto	1	0	7	0	0	0
0x801A3B30	1328	fn_801A3B30	auto	1	0	17	0	1	0
0x801A4060	16	fn_801A4060	auto	0	1	0	0	0	0
0x801A4070	336	fn_801A4070	auto	1	0	8	0	0	0
0x801A41C0	44	fn_801A41C0	auto	1	0	1	0	0	0
0x801A41EC	360	fn_801A41EC	auto	1	0	4	0	0	0
0x801A4354	536	fn_801A4354	auto	1	0	7	0	0	0
0x801A456C	280	fn_801A456C	auto	1	0	2	0	0	0
0x801A4684	152	fn_801A4684	auto	0	1	0	0	0	0
0x801A471C	32	fn_801A471C	auto	0	1	0	0	0	0
0x801A473C	156	fn_801A473C	auto	1	0	2	0	0	0
0x801A47D8	480	fn_801A47D8	auto	1	0	8	0	0	0
0x801A49B8	40	fn_801A49B8	auto	1	0	1	0	0	0
0x801A49E0	276	fn_801A49E0	auto	1	0	1	0	0	0
0x801A4AF4	76	fn_801A4AF4	auto	1	0	2	0	0	0
0x801A4B40	652	fn_801A4B40	auto	1	0	3	0	0	0
0x801A4DCC	140	fn_801A4DCC	auto	1	0	2	0	0	0
0x801A4E58	216	fn_801A4E58	auto	0	1	0	0	0	0
0x801A4F30	204	fn_801A4F30	auto	1	0	2	0	0	0
0x801A4FFC	428	fn_801A4FFC	auto	1	0	4	0	0	0
0x801A51A8	204	fn_801A51A8	auto	1	0	2	0	0	0
0x801A5274	352	fn_801A5274	auto	1	0	8	0	0	0
0x801A53D4	216	fn_801A53D4	auto	1	0	2	0	0	0
0x801A54AC	340	fn_801A54AC	auto	1	0	8	0	0	0
0x801A5600	672	fn_801A5600	auto	1	0	5	0	0	0
0x801A58A0	840	fn_801A58A0	auto	1	0	5	0	0	0
0x801A5BE8	288	fn_801A5BE8	auto	1	0	3	0	0	0
0x801A5D08	428	fn_801A5D08	auto	1	0	9	0	0	0
0x801A5EB4	292	fn_801A5EB4	auto	1	0	3	0	0	0
0x801A5FD8	620	fn_801A5FD8	auto	1	0	10	0	0	0
0x801A6244	256	fn_801A6244	auto	1	0	2	0	0	0
0x801A6344	368	fn_801A6344	auto	1	0	8	0	0	0
0x801A64B4	44	fn_801A64B4	auto	0	1	0	0	0	0
0x801A64E0	116	fn_801A64E0	auto	1	0	1	0	0	0
0x801A6554	128	fn_801A6554	auto	1	0	1	0	0	0
0x801A65D4	124	fn_801A65D4	auto	1	0	1	0	0	0
0x801A6650	92	fn_801A6650	auto	1	0	1	0	0	0
0x801A66AC	376	fn_801A66AC	auto	1	0	2	0	0	0
0x801A6824	72	fn_801A6824	auto	1	0	1	0	0	0
0x801A686C	88	fn_801A686C	auto	1	0	2	0	0	0
0x801A68C4	248	fn_801A68C4	auto	1	0	1	0	0	0
0x801A69BC	32	fn_801A69BC	auto	1	0	1	0	0	0
0x801A69DC	40	fn_801A69DC	auto	1	0	1	0	0	0
0x801A6A04	84	fn_801A6A04	auto	0	1	0	0	1	0
0x801A6A58	48	fn_801A6A58	auto	0	1	0	0	0	0
0x801A6A88	340	fn_801A6A88	auto	1	0	7	0	0	0
0x801A6BDC	16596	fn_801A6BDC	auto	1	0	59	0	1	0
0x801AACB0	764	fn_801AACB0	auto	1	0	2	0	0	0
0x801AAFAC	232	fn_801AAFAC	auto	1	0	1	0	0	0
0x801AB094	660	fn_801AB094	auto	1	0	3	0	0	0
0x801AB328	600	fn_801AB328	auto	1	0	3	0	0	0
0x801AB580	360	fn_801AB580	auto	1	0	3	0	0	0
0x801AB6E8	324	fn_801AB6E8	auto	1	0	1	0	0	0
0x801AB82C	352	fn_801AB82C	auto	1	0	3	0	0	0
0x801AB98C	68	fn_801AB98C	auto	1	1	0	0	0	0
0x801AB9D0	96	fn_801AB9D0	auto	1	0	2	0	0	0
0x801ABA30	784	fn_801ABA30	auto	1	0	3	0	0	0
0x801ABD40	336	fn_801ABD40	auto	1	0	9	0	0	0
0x801ABE90	224	fn_801ABE90	auto	1	0	4	0	0	0
0x801ABF70	292	fn_801ABF70	auto	1	0	9	0	0	0
0x801AC094	216	fn_801AC094	auto	1	0	3	0	0	0
0x801AC16C	376	fn_801AC16C	auto	1	0	10	0	0	0
0x801AC2E4	424	fn_801AC2E4	auto	1	0	5	0	0	0
0x801AC48C	492	fn_801AC48C	auto	1	0	11	0	0	0
0x801AC678	516	fn_801AC678	auto	1	0	11	0	0	0
0x801AC87C	900	fn_801AC87C	auto	1	0	5	0	0	0
0x801ACC00	312	fn_801ACC00	auto	1	0	3	0	0	0
0x801ACD38	312	fn_801ACD38	auto	1	0	3	0	0	0
0x801ACE70	412	fn_801ACE70	auto	1	0	11	0	0	0
0x801AD00C	456	fn_801AD00C	auto	1	0	3	0	0	0
0x801AD1D4	10448	fn_801AD1D4	auto	1	0	10	0	0	0
0x801AFAA4	324	fn_801AFAA4	auto	1	0	8	0	0	0
0x801AFBE8	332	fn_801AFBE8	auto	1	0	3	0	0	0
0x801AFD34	736	fn_801AFD34	auto	1	0	7	0	0	0
0x801B0014	736	fn_801B0014	auto	1	0	7	0	0	0
0x801B02F4	380	fn_801B02F4	auto	1	0	9	0	0	0
0x801B0470	268	fn_801B0470	auto	1	0	3	0	0	0
0x801B057C	336	fn_801B057C	auto	1	0	3	0	0	0
0x801B06CC	364	fn_801B06CC	auto	1	0	3	0	0	0
0x801B0838	756	fn_801B0838	auto	1	0	3	0	0	0
0x801B0B2C	112	fn_801B0B2C	auto	1	0	2	0	0	0
0x801B0B9C	604	fn_801B0B9C	auto	1	0	12	0	0	0
0x801B0DF8	292	fn_801B0DF8	auto	1	0	3	0	0	0
0x801B0F1C	488	fn_801B0F1C	auto	1	0	11	0	0	0
0x801B1104	232	fn_801B1104	auto	1	0	4	0	0	0
0x801B11EC	2188	fn_801B11EC	auto	1	0	18	0	0	0
0x801B1A78	196	fn_801B1A78	auto	1	0	2	0	0	0
0x801B1B3C	868	fn_801B1B3C	auto	1	0	9	0	0	0
0x801B1EA0	1136	fn_801B1EA0	auto	1	0	12	0	0	0
0x801B2310	288	fn_801B2310	auto	1	0	3	0	0	0
0x801B2430	584	fn_801B2430	auto	1	0	10	0	0	0
0x801B2678	260	fn_801B2678	auto	1	0	3	0	0	0
0x801B277C	344	fn_801B277C	auto	1	0	6	0	0	0
0x801B28D4	6692	fn_801B28D4	auto	1	0	22	0	0	0
0x801B42F8	1012	fn_801B42F8	auto	1	0	6	0	0	0
0x801B46EC	708	fn_801B46EC	auto	1	0	5	0	0	0
0x801B49B0	832	fn_801B49B0	auto	1	0	7	0	0	0
0x801B4CF0	648	fn_801B4CF0	auto	1	0	6	0	0	0
0x801B4F78	1372	fn_801B4F78	auto	1	0	7	0	0	0
0x801B54D4	368	fn_801B54D4	auto	1	0	3	0	0	0
0x801B5644	216	fn_801B5644	auto	1	0	3	0	0	0
0x801B571C	332	fn_801B571C	auto	1	0	3	0	0	0
0x801B5868	120	fn_801B5868	auto	1	0	1	0	0	0
0x801B58E0	876	fn_801B58E0	auto	1	0	16	0	0	0
0x801B5C4C	284	fn_801B5C4C	auto	1	0	3	0	0	0
0x801B5D68	320	fn_801B5D68	auto	1	0	2	0	0	0
0x801B5EA8	256	fn_801B5EA8	auto	1	0	9	0	0	0
0x801B5FA8	320	fn_801B5FA8	auto	1	0	9	0	0	0
0x801B60E8	344	fn_801B60E8	auto	1	0	2	0	0	0
0x801B6240	224	fn_801B6240	auto	1	0	3	0	0	0
0x801B6320	224	fn_801B6320	auto	1	0	3	0	0	0
0x801B6400	32	fn_801B6400	auto	0	1	0	0	0	0
0x801B6420	428	fn_801B6420	auto	1	0	10	0	0	0
0x801B65CC	300	fn_801B65CC	auto	1	0	3	0	0	0
0x801B66F8	320	fn_801B66F8	auto	1	0	9	0	0	0
0x801B6838	280	fn_801B6838	auto	1	0	3	0	0	0
0x801B6950	408	fn_801B6950	auto	1	0	10	0	0	0
0x801B6AE8	204	fn_801B6AE8	auto	1	0	3	0	0	0
0x801B6BB4	680	fn_801B6BB4	auto	1	0	4	0	0	0
0x801B6E5C	908	fn_801B6E5C	auto	1	0	3	0	0	0
0x801B71E8	140	fn_801B71E8	auto	1	0	1	0	0	0
0x801B7274	264	fn_801B7274	auto	1	0	3	0	0	0
0x801B737C	680	fn_801B737C	auto	1	0	3	0	1	0
0x801B7624	6212	fn_801B7624	auto	1	0	29	0	1	0
0x801B8E68	224	fn_801B8E68	auto	0	1	0	0	0	0
0x801B8F48	412	fn_801B8F48	auto	1	0	5	0	0	0
0x801B90E4	104	fn_801B90E4	auto	1	0	2	0	0	0
0x801B914C	668	fn_801B914C	auto	0	1	0	0	0	0
0x801B93E8	264	fn_801B93E8	auto	0	1	0	0	0	0
0x801B94F0	60	fn_801B94F0	auto	0	1	0	0	0	0
0x801B952C	156	fn_801B952C	auto	0	1	0	0	0	0
0x801B95C8	584	fn_801B95C8	auto	1	0	3	0	0	0
0x801B9810	332	fn_801B9810	auto	1	0	3	0	0	0
0x801B995C	492	fn_801B995C	auto	1	0	1	0	0	0
0x801B9B48	3716	fn_801B9B48	auto	1	0	22	0	1	0
0x801BA9CC	6852	fn_801BA9CC	auto	1	0	21	0	1	0
0x801BC490	1636	fn_801BC490	auto	1	0	12	0	1	0
0x801BCAF4	1208	fn_801BCAF4	auto	1	0	11	0	0	0
0x801BCFAC	36	fn_801BCFAC	auto	0	1	0	0	0	0
0x801BCFD0	1492	fn_801BCFD0	auto	1	0	16	0	1	0
0x801BD5A4	160	fn_801BD5A4	auto	1	0	3	0	0	0
0x801BD644	260	fn_801BD644	auto	1	0	10	0	0	0
0x801BD748	896	fn_801BD748	auto	1	1	0	0	0	0
0x801BDAC8	1068	fn_801BDAC8	auto	1	0	3	0	0	0
0x801BDEF4	648	fn_801BDEF4	auto	0	1	0	0	0	0
0x801BE17C	372	fn_801BE17C	auto	0	1	0	0	0	0
0x801BE2F0	376	fn_801BE2F0	auto	0	1	0	0	0	0
0x801BE468	416	fn_801BE468	auto	0	1	0	0	0	0
0x801BE608	104	fn_801BE608	auto	0	1	0	0	0	0
0x801BE670	1024	fn_801BE670	auto	1	0	28	0	0	0
0x801BEA70	116	fn_801BEA70	auto	1	0	1	0	0	0
0x801BEAE4	44	fn_801BEAE4	auto	1	0	1	0	0	0
0x801BEB10	408	fn_801BEB10	auto	1	0	2	0	0	0
0x801BECA8	4060	fn_801BECA8	auto	1	0	8	0	1	0
0x801BFC84	2960	fn_801BFC84	auto	1	0	8	0	1	0
0x801C0814	160	fn_801C0814	auto	0	1	0	0	0	0
0x801C08B4	144	fn_801C08B4	auto	1	0	2	0	0	0
0x801C0944	96	fn_801C0944	auto	1	0	1	0	0	0
0x801C09A4	84	fn_801C09A4	auto	0	1	0	0	0	0
0x801C09F8	188	fn_801C09F8	auto	0	1	0	0	0	0
0x801C0AB4	212	fn_801C0AB4	auto	1	0	4	0	0	0
0x801C0B88	140	fn_801C0B88	auto	0	1	0	0	0	0
0x801C0C14	140	fn_801C0C14	auto	1	0	1	0	0	0
0x801C0CA0	148	fn_801C0CA0	auto	1	0	1	0	0	0
0x801C0D34	648	fn_801C0D34	auto	1	0	2	0	0	0
0x801C0FBC	44	fn_801C0FBC	auto	1	0	1	0	0	0
0x801C0FE8	352	fn_801C0FE8	auto	1	0	1	0	1	0
0x801C1148	384	fn_801C1148	auto	1	0	2	0	1	0
0x801C12C8	156	fn_801C12C8	auto	1	0	2	0	0	0
0x801C1364	472	fn_801C1364	auto	1	0	1	0	0	0
0x801C153C	404	fn_801C153C	auto	1	0	2	0	0	0
0x801C16D0	88	fn_801C16D0	auto	1	0	1	0	0	0
0x801C1728	1824	fn_801C1728	auto	1	0	5	0	0	0
0x801C1E48	376	fn_801C1E48	auto	1	1	0	0	0	0
0x801C1FC0	3212	fn_801C1FC0	auto	1	0	8	0	0	0
0x801C2C4C	56	fn_801C2C4C	auto	0	1	0	0	0	0
0x801C2C84	56	fn_801C2C84	auto	0	1	0	0	0	0
0x801C2CBC	56	fn_801C2CBC	auto	1	0	1	0	0	0
0x801C2CF4	340	fn_801C2CF4	auto	1	0	2	0	0	0
0x801C2E48	344	fn_801C2E48	auto	1	0	2	0	0	0
0x801C2FA0	176	fn_801C2FA0	auto	0	1	0	0	0	0
0x801C3050	144	fn_801C3050	auto	1	0	1	0	0	0
0x801C30E0	404	fn_801C30E0	auto	0	1	0	0	1	0
0x801C3274	932	fn_801C3274	auto	1	0	3	0	1	0
0x801C3618	12	fn_801C3618	auto	0	1	0	0	0	0
0x801C3624	36	fn_801C3624	auto	0	1	0	0	0	0
0x801C3648	68	fn_801C3648	auto	0	1	0	0	0	0
0x801C368C	112	fn_801C368C	auto	1	1	0	0	0	0
0x801C36FC	128	fn_801C36FC	auto	1	1	0	0	0	0
0x801C377C	88	fn_801C377C	auto	1	1	0	0	0	0
0x801C37D4	88	fn_801C37D4	auto	1	1	0	0	0	0
0x801C382C	44	fn_801C382C	auto	0	1	0	0	0	0
0x801C3858	48	fn_801C3858	auto	0	1	0	0	0	0
0x801C3888	196	fn_801C3888	auto	0	1	0	0	0	0
0x801C394C	320	fn_801C394C	auto	0	1	0	0	0	0
0x801C3A8C	4	fn_801C3A8C	auto	0	1	0	0	0	0
0x801C3A90	92	fn_801C3A90	auto	1	0	1	0	0	0
0x801C3AEC	272	fn_801C3AEC	auto	1	0	2	0	0	0
0x801C3BFC	68	fn_801C3BFC	auto	1	0	1	0	0	0
0x801C3C40	796	fn_801C3C40	auto	1	0	2	0	0	0
0x801C3F5C	160	fn_801C3F5C	auto	1	0	2	0	0	0
0x801C3FFC	48	fn_801C3FFC	auto	1	0	1	0	0	0
0x801C402C	72	fn_801C402C	auto	1	0	1	0	0	0
0x801C4074	436	fn_801C4074	auto	1	0	9	0	0	0
0x801C4228	224	fn_801C4228	auto	1	0	2	0	0	0
0x801C4308	276	fn_801C4308	auto	1	0	6	0	0	0
0x801C441C	440	fn_801C441C	auto	1	0	5	0	0	0
0x801C45D4	528	fn_801C45D4	auto	1	0	9	0	0	0
0x801C47E4	544	fn_801C47E4	auto	1	0	9	0	0	0
0x801C4A04	388	fn_801C4A04	auto	1	0	2	0	0	0
0x801C4B88	376	fn_801C4B88	auto	1	0	5	0	0	0
0x801C4D00	548	fn_801C4D00	auto	1	0	9	0	0	0
0x801C4F24	268	fn_801C4F24	auto	1	0	2	0	0	0
0x801C5030	316	fn_801C5030	auto	0	1	0	0	0	0
0x801C516C	188	fn_801C516C	auto	1	0	3	0	0	0
0x801C5228	288	fn_801C5228	auto	1	0	10	0	0	0
0x801C5348	32	fn_801C5348	auto	1	0	1	0	0	0
0x801C5368	48	fn_801C5368	auto	1	0	4	0	0	0
0x801C5398	52	fn_801C5398	auto	1	0	4	0	0	0
0x801C53CC	40	fn_801C53CC	auto	1	0	1	0	0	0
0x801C53F4	200	fn_801C53F4	auto	1	0	1	0	0	0
0x801C54BC	180	fn_801C54BC	auto	1	0	4	0	0	0
0x801C5570	256	fn_801C5570	auto	1	0	4	0	0	0
0x801C5670	232	fn_801C5670	auto	1	0	3	0	0	0
0x801C5758	156	fn_801C5758	auto	1	0	1	0	0	0
0x801C57F4	152	fn_801C57F4	auto	1	0	1	0	0	0
0x801C588C	112	fn_801C588C	auto	1	0	1	0	0	0
0x801C58FC	160	fn_801C58FC	auto	1	0	3	0	0	0
0x801C599C	92	fn_801C599C	auto	1	0	1	0	0	0
0x801C59F8	104	fn_801C59F8	auto	1	0	1	0	0	0
0x801C5A60	84	fn_801C5A60	auto	1	0	1	0	0	0
0x801C5AB4	144	fn_801C5AB4	auto	1	1	0	0	0	0
0x801C5B44	84	fn_801C5B44	auto	0	1	0	0	0	0
0x801C5B98	60	fn_801C5B98	auto	1	0	2	0	0	0
0x801C5BD4	32	fn_801C5BD4	auto	0	1	0	0	0	0
0x801C5BF4	140	fn_801C5BF4	auto	0	1	0	0	0	0
0x801C5C80	132	fn_801C5C80	auto	1	1	0	0	0	0
0x801C5D04	132	fn_801C5D04	auto	1	1	0	0	0	0
0x801C5D88	100	fn_801C5D88	auto	0	1	0	0	0	0
0x801C5DEC	148	fn_801C5DEC	auto	1	0	1	0	0	0
0x801C5E80	20	fn_801C5E80	auto	0	1	0	0	0	0
0x801C5E94	172	fn_801C5E94	auto	0	1	0	0	0	0
0x801C5F40	68	fn_801C5F40	auto	0	1	0	0	0	0
0x801C5F84	60	fn_801C5F84	auto	0	1	0	0	0	0
0x801C5FC0	60	fn_801C5FC0	auto	0	1	0	0	0	0
0x801C5FFC	48	fn_801C5FFC	auto	0	1	0	0	0	0
0x801C602C	60	fn_801C602C	auto	0	1	0	0	0	0
0x801C6068	60	fn_801C6068	auto	0	1	0	0	0	0
0x801C60A4	36	fn_801C60A4	auto	0	1	0	0	0	0
0x801C60C8	68	fn_801C60C8	auto	0	1	0	0	0	0
0x801C610C	100	fn_801C610C	auto	0	1	0	0	0	0
0x801C6170	16	fn_801C6170	auto	0	1	0	0	0	0
0x801C6180	156	fn_801C6180	auto	1	0	1	0	0	0
0x801C621C	8	fn_801C621C	auto	0	1	0	0	0	0
0x801C6224	36	fn_801C6224	auto	1	0	1	0	0	0
0x801C6248	144	fn_801C6248	auto	1	0	1	0	0	0
0x801C62D8	12	fn_801C62D8	auto	0	1	0	0	0	0
0x801C62E4	36	fn_801C62E4	auto	1	0	1	0	0	0
0x801C6308	124	fn_801C6308	auto	1	0	1	0	0	0
0x801C6384	104	fn_801C6384	auto	1	0	2	0	0	0
0x801C63EC	240	fn_801C63EC	auto	1	0	4	0	0	0
0x801C64DC	568	fn_801C64DC	auto	0	0	9	0	0	0
0x801C6714	1204	akFioReadASync	string	1	0	7	0	1	0
0x801C6BC8	180	fn_801C6BC8	auto	1	0	1	0	0	0
0x801C6C7C	408	akFioRead	string	1	0	7	0	0	0
0x801C6E14	264	fn_801C6E14	auto	1	0	5	0	0	0
0x801C6F1C	1460	fn_801C6F1C	auto	1	1	0	0	0	0
0x801C74D0	996	fn_801C74D0	auto	1	0	1	0	0	0
0x801C78B4	4	fn_801C78B4	auto	0	1	0	0	0	0
0x801C78B8	76	fn_801C78B8	auto	1	0	1	0	0	0
0x801C7904	296	fn_801C7904	auto	0	1	0	0	0	0
0x801C7A2C	736	fn_801C7A2C	auto	1	1	0	0	0	0
0x801C7D0C	1056	fn_801C7D0C	auto	1	0	18	0	0	0
0x801C812C	176	fn_801C812C	auto	1	0	1	0	0	0
0x801C81DC	236	fn_801C81DC	auto	0	1	0	0	0	0
0x801C82C8	236	fn_801C82C8	auto	0	1	0	0	0	0
0x801C83B4	156	fn_801C83B4	auto	1	0	1	0	0	0
0x801C8450	156	fn_801C8450	auto	1	0	1	0	0	0
0x801C84EC	164	fn_801C84EC	auto	1	1	0	0	0	0
0x801C8590	164	fn_801C8590	auto	1	1	0	0	0	0
0x801C8634	164	fn_801C8634	auto	1	1	0	0	0	0
0x801C86D8	240	fn_801C86D8	auto	1	0	1	0	0	0
0x801C87C8	96	fn_801C87C8	auto	0	1	0	0	0	0
0x801C8828	264	fn_801C8828	auto	0	1	0	0	0	0
0x801C8930	100	fn_801C8930	auto	0	1	0	0	0	0
0x801C8994	120	fn_801C8994	auto	0	1	0	0	0	0
0x801C8A0C	268	fn_801C8A0C	auto	1	0	2	0	0	0
0x801C8B18	168	fn_801C8B18	auto	0	1	0	0	0	0
0x801C8BC0	256	fn_801C8BC0	auto	1	0	5	0	0	0
0x801C8CC0	304	fn_801C8CC0	auto	1	0	3	0	0	0
0x801C8DF0	936	fn_801C8DF0	auto	1	0	29	0	0	0
0x801C9198	5332	fn_801C9198	auto	1	0	8	0	0	0
0x801CA66C	620	fn_801CA66C	auto	1	0	1	0	0	0
0x801CA8D8	84	fn_801CA8D8	auto	1	0	1	0	0	0
0x801CA92C	48	fn_801CA92C	auto	0	1	0	0	0	0
0x801CA95C	72	fn_801CA95C	auto	1	0	1	0	0	0
0x801CA9A4	84	fn_801CA9A4	auto	1	0	2	0	0	0
0x801CA9F8	52	fn_801CA9F8	auto	1	0	1	0	0	0
0x801CAA2C	164	fn_801CAA2C	auto	1	0	6	0	0	0
0x801CAAD0	276	fn_801CAAD0	auto	1	0	7	0	0	0
0x801CABE4	56	fn_801CABE4	auto	1	0	1	0	0	0
0x801CAC1C	96	fn_801CAC1C	auto	1	0	1	0	0	0
0x801CAC7C	112	fn_801CAC7C	auto	1	0	2	0	0	0
0x801CACEC	40	fn_801CACEC	auto	1	0	1	0	0	0
0x801CAD14	40	fn_801CAD14	auto	1	0	1	0	0	0
0x801CAD3C	112	fn_801CAD3C	auto	0	1	0	0	0	0
0x801CADAC	216	fn_801CADAC	auto	1	0	8	0	0	0
0x801CAE84	8	fn_801CAE84	auto	0	1	0	0	0	0
0x801CAE8C	4	fn_801CAE8C	auto	0	1	0	0	0	0
0x801CAE90	4	fn_801CAE90	auto	0	1	0	0	0	0
0x801CAE94	4	fn_801CAE94	auto	0	1	0	0	0	0
0x801CAE98	152	fn_801CAE98	auto	0	1	0	0	0	0
0x801CAF30	372	fn_801CAF30	auto	0	1	0	0	0	0
0x801CB0A4	136	fn_801CB0A4	auto	0	1	0	0	0	0
0x801CB12C	128	fn_801CB12C	auto	1	0	1	0	0	0
0x801CB1AC	152	fn_801CB1AC	auto	1	0	1	0	0	0
0x801CB244	316	fn_801CB244	auto	1	0	1	0	0	0
0x801CB380	224	fn_801CB380	auto	1	0	1	0	0	0
0x801CB460	188	fn_801CB460	auto	0	1	0	0	0	0
0x801CB51C	216	fn_801CB51C	auto	1	0	1	0	0	0
0x801CB5F4	172	fn_801CB5F4	auto	1	0	1	0	0	0
0x801CB6A0	152	fn_801CB6A0	auto	1	0	1	0	0	0
0x801CB738	12	fn_801CB738	auto	0	1	0	0	0	0
0x801CB744	412	fn_801CB744	auto	0	1	0	0	0	0
0x801CB8E0	384	fn_801CB8E0	auto	1	0	5	0	0	0
0x801CBA60	56	fn_801CBA60	auto	0	1	0	0	0	0
0x801CBA98	260	fn_801CBA98	auto	0	1	0	0	0	0
0x801CBB9C	16	fn_801CBB9C	auto	0	1	0	0	0	0
0x801CBBAC	16	fn_801CBBAC	auto	0	1	0	0	0	0
0x801CBBBC	28	fn_801CBBBC	auto	0	1	0	0	0	0
0x801CBBD8	32	fn_801CBBD8	auto	0	1	0	0	0	0
0x801CBBF8	12	fn_801CBBF8	auto	0	1	0	0	0	0
0x801CBC04	12	fn_801CBC04	auto	0	1	0	0	0	0
0x801CBC10	32	fn_801CBC10	auto	1	0	1	0	0	0
0x801CBC30	96	fn_801CBC30	auto	1	0	2	0	0	0
0x801CBC90	184	fn_801CBC90	auto	1	0	2	0	0	0
0x801CBD48	240	fn_801CBD48	auto	1	0	1	0	0	0
0x801CBE38	616	fn_801CBE38	auto	1	0	4	0	0	0
0x801CC0A0	68	fn_801CC0A0	auto	1	0	1	0	0	0
0x801CC0E4	192	fn_801CC0E4	auto	1	0	5	0	0	0
0x801CC1A4	16	fn_801CC1A4	auto	0	1	0	0	0	0
0x801CC1B4	236	fn_801CC1B4	auto	1	0	4	0	0	0
0x801CC2A0	260	fn_801CC2A0	auto	1	0	4	0	0	0
0x801CC3A4	32	fn_801CC3A4	auto	1	0	1	0	0	0
0x801CC3C4	112	fn_801CC3C4	auto	1	0	4	0	0	0
0x801CC434	324	fn_801CC434	auto	1	0	5	0	0	0
0x801CC578	32	fn_801CC578	auto	1	0	1	0	0	0
0x801CC598	36	fn_801CC598	auto	1	0	1	0	0	0
0x801CC5BC	68	fn_801CC5BC	auto	1	0	1	0	0	0
0x801CC600	8	fn_801CC600	auto	0	1	0	0	0	0
0x801CC608	36	fn_801CC608	auto	1	0	1	0	0	0
0x801CC62C	48	fn_801CC62C	auto	1	0	1	0	0	0
0x801CC65C	32	fn_801CC65C	auto	1	0	1	0	0	0
0x801CC67C	32	fn_801CC67C	auto	1	0	1	0	0	0
0x801CC69C	32	fn_801CC69C	auto	1	0	1	0	0	0
0x801CC6BC	1748	fn_801CC6BC	auto	1	0	14	0	0	0
0x801CCD90	904	fn_801CCD90	auto	1	0	13	0	0	0
0x801CD118	1572	fn_801CD118	auto	1	0	14	0	0	0
0x801CD73C	1324	fn_801CD73C	auto	1	0	12	0	0	0
0x801CDC68	1340	fn_801CDC68	auto	1	0	12	0	0	0
0x801CE1A4	1324	fn_801CE1A4	auto	1	0	12	0	0	0
0x801CE6D0	1620	fn_801CE6D0	auto	1	0	14	0	0	0
0x801CED24	60	fn_801CED24	auto	1	0	1	0	0	0
0x801CED60	60	fn_801CED60	auto	1	0	1	0	0	0
0x801CED9C	60	fn_801CED9C	auto	1	0	1	0	0	0
0x801CEDD8	60	fn_801CEDD8	auto	1	0	1	0	0	0
0x801CEE14	56	fn_801CEE14	auto	1	0	1	0	0	0
0x801CEE4C	56	fn_801CEE4C	auto	1	0	1	0	0	0
0x801CEE84	56	fn_801CEE84	auto	1	0	1	0	0	0
0x801CEEBC	56	fn_801CEEBC	auto	1	0	1	0	0	0
0x801CEEF4	60	fn_801CEEF4	auto	1	0	1	0	0	0
0x801CEF30	60	fn_801CEF30	auto	1	0	1	0	0	0
0x801CEF6C	60	fn_801CEF6C	auto	1	0	1	0	0	0
0x801CEFA8	60	fn_801CEFA8	auto	1	0	1	0	0	0
0x801CEFE4	60	fn_801CEFE4	auto	1	0	1	0	0	0
0x801CF020	56	fn_801CF020	auto	1	0	1	0	0	0
0x801CF058	56	fn_801CF058	auto	1	0	1	0	0	0
0x801CF090	56	fn_801CF090	auto	1	0	1	0	0	0
0x801CF0C8	48	fn_801CF0C8	auto	1	0	1	0	0	0
0x801CF0F8	48	fn_801CF0F8	auto	1	0	1	0	0	0
0x801CF128	48	fn_801CF128	auto	1	0	1	0	0	0
0x801CF158	48	fn_801CF158	auto	1	0	1	0	0	0
0x801CF188	48	fn_801CF188	auto	1	0	1	0	0	0
0x801CF1B8	48	fn_801CF1B8	auto	1	0	1	0	0	0
0x801CF1E8	48	fn_801CF1E8	auto	1	0	1	0	0	0
0x801CF218	48	fn_801CF218	auto	1	0	1	0	0	0
0x801CF248	5176	fn_801CF248	auto	1	0	21	0	0	0
0x801D0680	220	fn_801D0680	auto	1	0	1	0	0	0
0x801D075C	856	fn_801D075C	auto	1	0	25	0	0	0
0x801D0AB4	120	fn_801D0AB4	auto	1	0	1	0	0	0
0x801D0B2C	12	fn_801D0B2C	auto	0	1	0	0	0	0
0x801D0B38	8	fn_801D0B38	auto	0	1	0	0	0	0
0x801D0B40	8	fn_801D0B40	auto	0	1	0	0	0	0
0x801D0B48	8	fn_801D0B48	auto	0	1	0	0	0	0
0x801D0B50	56	fn_801D0B50	auto	0	1	0	0	0	0
0x801D0B88	32	fn_801D0B88	auto	0	1	0	0	0	0
0x801D0BA8	24	fn_801D0BA8	auto	0	1	0	0	0	0
0x801D0BC0	432	fn_801D0BC0	auto	1	0	1	0	0	0
0x801D0D70	92	fn_801D0D70	auto	1	0	1	0	0	0
0x801D0DCC	216	fn_801D0DCC	auto	1	0	5	0	0	0
0x801D0EA4	24	fn_801D0EA4	auto	0	1	0	0	0	0
0x801D0EBC	24	fn_801D0EBC	auto	0	1	0	0	0	0
0x801D0ED4	172	fn_801D0ED4	auto	1	0	4	0	0	0
0x801D0F80	744	fn_801D0F80	auto	1	0	8	0	0	0
0x801D1268	52	fn_801D1268	auto	1	0	1	0	0	0
0x801D129C	292	fn_801D129C	auto	1	0	3	0	0	0
0x801D13C0	24	fn_801D13C0	auto	0	1	0	0	0	0
0x801D13D8	72	fn_801D13D8	auto	1	0	1	0	0	0
0x801D1420	12	fn_801D1420	auto	0	1	0	0	0	0
0x801D142C	8	fn_801D142C	auto	0	1	0	0	0	0
0x801D1434	196	fn_801D1434	auto	1	0	1	0	0	0
0x801D14F8	12	fn_801D14F8	auto	0	1	0	0	0	0
0x801D1504	8	fn_801D1504	auto	0	1	0	0	0	0
0x801D150C	384	fn_801D150C	auto	1	0	25	0	0	0
0x801D168C	136	fn_801D168C	auto	1	0	1	0	1	0
0x801D1714	312	fn_801D1714	auto	1	0	5	0	0	0
0x801D184C	500	fn_801D184C	auto	1	0	11	0	0	0
0x801D1A40	84	fn_801D1A40	auto	1	0	1	0	0	0
0x801D1A94	84	fn_801D1A94	auto	1	0	1	0	0	0
0x801D1AE8	64	fn_801D1AE8	auto	1	0	3	0	0	0
0x801D1B28	220	fn_801D1B28	auto	1	0	7	0	0	0
0x801D1C04	296	fn_801D1C04	auto	1	0	5	0	0	0
0x801D1D2C	180	fn_801D1D2C	auto	1	0	8	0	0	0
0x801D1DE0	244	fn_801D1DE0	auto	1	0	4	0	0	0
0x801D1ED4	516	fn_801D1ED4	auto	1	0	22	0	0	0
0x801D20D8	500	fn_801D20D8	auto	1	0	5	0	0	0
0x801D22CC	276	fn_801D22CC	auto	1	0	12	0	0	0
0x801D23E0	52	fn_801D23E0	auto	1	0	4	0	0	0
0x801D2414	188	fn_801D2414	auto	1	0	3	0	0	0
0x801D24D0	268	fn_801D24D0	auto	1	0	11	0	0	0
0x801D25DC	704	fn_801D25DC	auto	1	0	9	0	0	0
0x801D289C	152	fn_801D289C	auto	0	1	0	0	0	0
0x801D2934	152	fn_801D2934	auto	0	1	0	0	0	0
0x801D29CC	152	fn_801D29CC	auto	0	1	0	0	0	0
0x801D2A64	1656	fn_801D2A64	auto	1	0	16	0	0	0
0x801D30DC	644	fn_801D30DC	auto	1	0	12	0	0	0
0x801D3360	532	fn_801D3360	auto	1	0	11	0	0	0
0x801D3574	864	fn_801D3574	auto	1	0	9	0	0	0
0x801D38D4	756	fn_801D38D4	auto	1	0	9	0	0	0
0x801D3BC8	656	fn_801D3BC8	auto	1	0	8	0	0	0
0x801D3E58	92	fn_801D3E58	auto	0	1	0	0	0	0
0x801D3EB4	1532	fn_801D3EB4	auto	1	0	4	0	0	0
0x801D44B0	1036	fn_801D44B0	auto	1	0	1	0	0	0
0x801D48BC	152	fn_801D48BC	auto	0	1	0	0	0	0
0x801D4954	40	fn_801D4954	auto	1	0	1	0	0	0
0x801D497C	104	fn_801D497C	auto	1	0	1	0	0	0
0x801D49E4	72	fn_801D49E4	auto	1	0	1	0	0	0
0x801D4A2C	552	fn_801D4A2C	auto	1	0	6	0	0	0
0x801D4C54	72	fn_801D4C54	auto	1	0	1	0	0	0
0x801D4C9C	624	fn_801D4C9C	auto	1	0	10	0	0	0
0x801D4F0C	72	fn_801D4F0C	auto	1	0	1	0	0	0
0x801D4F54	624	fn_801D4F54	auto	1	0	10	0	0	0
0x801D51C4	76	fn_801D51C4	auto	1	0	1	0	0	0
0x801D5210	76	fn_801D5210	auto	1	0	1	0	0	0
0x801D525C	76	fn_801D525C	auto	1	0	1	0	0	0
0x801D52A8	76	fn_801D52A8	auto	1	0	1	0	0	0
0x801D52F4	76	fn_801D52F4	auto	1	0	1	0	0	0
0x801D5340	76	fn_801D5340	auto	1	0	1	0	0	0
0x801D538C	828	fn_801D538C	auto	1	0	6	0	0	0
0x801D56C8	904	fn_801D56C8	auto	1	0	10	0	0	0
0x801D5A50	904	fn_801D5A50	auto	1	0	10	0	0	0
0x801D5DD8	916	fn_801D5DD8	auto	1	0	10	0	0	0
0x801D616C	88	fn_801D616C	auto	0	1	0	0	0	0
0x801D61C4	48	fn_801D61C4	auto	1	0	1	0	0	0
0x801D61F4	420	fn_801D61F4	auto	1	0	1	0	0	0
0x801D6398	400	fn_801D6398	auto	1	0	1	0	0	0
0x801D6528	140	fn_801D6528	auto	1	1	0	0	0	0
0x801D65B4	168	fn_801D65B4	auto	1	1	0	0	0	0
0x801D665C	48	fn_801D665C	auto	0	1	0	0	0	0
0x801D668C	72	fn_801D668C	auto	1	0	2	0	0	0
0x801D66D4	100	fn_801D66D4	auto	1	0	2	0	0	0
0x801D6738	164	fn_801D6738	auto	1	0	3	0	0	0
0x801D67DC	116	fn_801D67DC	auto	1	0	4	0	0	0
0x801D6850	64	fn_801D6850	auto	1	0	1	0	0	0
0x801D6890	52	fn_801D6890	auto	1	0	1	0	0	0
0x801D68C4	24	fn_801D68C4	auto	0	1	0	0	0	0
0x801D68DC	104	fn_801D68DC	auto	1	0	1	0	0	0
0x801D6944	84	fn_801D6944	auto	1	0	1	0	0	0
0x801D6998	220	fn_801D6998	auto	1	0	1	0	0	0
0x801D6A74	228	fn_801D6A74	auto	1	0	2	0	0	0
0x801D6B58	228	fn_801D6B58	auto	1	0	2	0	0	0
0x801D6C3C	128	fn_801D6C3C	auto	1	0	1	0	0	0
0x801D6CBC	300	fn_801D6CBC	auto	1	0	2	0	0	0
0x801D6DE8	80	fn_801D6DE8	auto	0	1	0	0	0	0
0x801D6E38	32	fn_801D6E38	auto	0	1	0	0	0	0
0x801D6E58	868	fn_801D6E58	auto	1	0	6	0	0	0
0x801D71BC	8	fn_801D71BC	auto	0	1	0	0	0	0
0x801D71C4	104	fn_801D71C4	auto	1	0	3	0	0	0
0x801D722C	116	fn_801D722C	auto	1	0	4	0	0	0
0x801D72A0	140	fn_801D72A0	auto	1	0	1	0	0	0
0x801D732C	196	fn_801D732C	auto	1	0	1	0	0	0
0x801D73F0	268	fn_801D73F0	auto	1	0	1	0	0	0
0x801D74FC	700	fn_801D74FC	auto	1	0	1	0	0	0
0x801D77B8	88	fn_801D77B8	auto	0	1	0	0	0	0
0x801D7810	88	fn_801D7810	auto	0	1	0	0	0	0
0x801D7868	64	fn_801D7868	auto	0	1	0	0	0	0
0x801D78A8	68	fn_801D78A8	auto	0	1	0	0	0	0
0x801D78EC	284	fn_801D78EC	auto	1	0	4	0	0	0
0x801D7A08	12	fn_801D7A08	auto	0	1	0	0	0	0
0x801D7A14	20	fn_801D7A14	auto	0	1	0	0	0	0
0x801D7A28	104	fn_801D7A28	auto	0	1	0	0	0	0
0x801D7A90	436	fn_801D7A90	auto	1	0	8	0	0	0
0x801D7C44	656	fn_801D7C44	auto	1	0	9	0	0	0
0x801D7ED4	428	fn_801D7ED4	auto	1	0	6	0	0	0
0x801D8080	32	fn_801D8080	auto	1	0	1	0	0	0
0x801D80A0	120	fn_801D80A0	auto	1	0	3	0	0	0
0x801D8118	168	fn_801D8118	auto	1	0	5	0	0	0
0x801D81C0	636	fn_801D81C0	auto	1	0	12	0	0	0
0x801D843C	988	fn_801D843C	auto	1	0	10	0	0	0
0x801D8818	40	fn_801D8818	auto	1	0	1	0	0	0
0x801D8840	404	fn_801D8840	auto	0	1	0	0	0	0
0x801D89D4	224	fn_801D89D4	auto	1	1	0	0	0	0
0x801D8AB4	120	fn_801D8AB4	auto	1	1	0	0	0	0
0x801D8B2C	104	fn_801D8B2C	auto	1	0	3	0	0	0
0x801D8B94	388	fn_801D8B94	auto	1	0	8	0	0	0
0x801D8D18	36	fn_801D8D18	auto	0	1	0	0	0	0
0x801D8D3C	24	fn_801D8D3C	auto	0	1	0	0	0	0
0x801D8D54	104	fn_801D8D54	auto	1	0	3	0	0	0
0x801D8DBC	300	fn_801D8DBC	auto	1	0	3	0	0	0
0x801D8EE8	48	fn_801D8EE8	auto	0	1	0	0	0	0
0x801D8F18	732	fn_801D8F18	auto	1	0	3	0	0	0
0x801D91F4	788	fn_801D91F4	auto	1	0	3	0	0	0
0x801D9508	300	fn_801D9508	auto	1	0	2	0	0	0
0x801D9634	244	fn_801D9634	auto	1	0	2	0	0	0
0x801D9728	316	fn_801D9728	auto	1	0	1	0	0	0
0x801D9864	248	fn_801D9864	auto	1	0	1	0	0	0
0x801D995C	176	fn_801D995C	auto	1	0	1	0	0	0
0x801D9A0C	296	fn_801D9A0C	auto	1	0	1	0	0	0
0x801D9B34	200	fn_801D9B34	auto	1	0	3	0	0	0
0x801D9BFC	104	fn_801D9BFC	auto	1	0	2	0	0	0
0x801D9C64	140	fn_801D9C64	auto	1	0	2	0	0	0
0x801D9CF0	60	fn_801D9CF0	auto	1	0	1	0	0	0
0x801D9D2C	896	fn_801D9D2C	auto	1	0	21	0	1	0
0x801DA0AC	276	fn_801DA0AC	auto	1	0	2	0	0	0
0x801DA1C0	708	fn_801DA1C0	auto	1	0	3	0	0	0
0x801DA484	76	fn_801DA484	auto	0	1	0	0	0	0
0x801DA4D0	76	fn_801DA4D0	auto	0	1	0	0	0	0
0x801DA51C	336	fn_801DA51C	auto	1	0	4	0	0	0
0x801DA66C	60	fn_801DA66C	auto	0	1	0	0	0	0
0x801DA6A8	160	fn_801DA6A8	auto	0	1	0	0	0	0
0x801DA748	788	fn_801DA748	auto	1	0	1	0	0	0
0x801DAA5C	956	fn_801DAA5C	auto	1	0	1	0	0	0
0x801DAE18	64	fn_801DAE18	auto	0	1	0	0	0	0
0x801DAE58	96	fn_801DAE58	auto	1	0	3	0	0	0
0x801DAEB8	620	fn_801DAEB8	auto	1	0	3	0	0	0
0x801DB124	128	fn_801DB124	auto	1	0	4	0	0	0
0x801DB1A4	160	fn_801DB1A4	auto	1	0	6	0	0	0
0x801DB244	132	fn_801DB244	auto	1	0	5	0	0	0
0x801DB2C8	608	fn_801DB2C8	auto	1	0	11	0	0	0
0x801DB528	208	fn_801DB528	auto	0	1	0	0	0	0
0x801DB5F8	184	fn_801DB5F8	auto	0	1	0	0	0	0
0x801DB6B0	180	fn_801DB6B0	auto	0	1	0	0	0	0
0x801DB764	180	fn_801DB764	auto	0	1	0	0	0	0
0x801DB818	412	fn_801DB818	auto	1	0	5	0	0	0
0x801DB9B4	88	fn_801DB9B4	auto	1	0	1	0	0	0
0x801DBA0C	76	fn_801DBA0C	auto	0	1	0	0	0	0
0x801DBA58	24	fn_801DBA58	auto	0	1	0	0	0	0
0x801DBA70	384	fn_801DBA70	auto	1	0	4	0	0	0
0x801DBBF0	220	fn_801DBBF0	auto	0	1	0	0	0	0
0x801DBCCC	8	fn_801DBCCC	auto	0	1	0	0	0	0
0x801DBCD4	200	fn_801DBCD4	auto	1	0	4	0	0	0
0x801DBD9C	128	fn_801DBD9C	auto	1	0	1	0	0	0
0x801DBE1C	80	fn_801DBE1C	auto	1	1	0	0	0	0
0x801DBE6C	28	fn_801DBE6C	auto	0	1	0	0	0	0
0x801DBE88	264	fn_801DBE88	auto	1	0	18	0	0	0
0x801DBF90	4	fn_801DBF90	auto	0	1	0	0	0	0
0x801DBF94	640	fn_801DBF94	auto	1	0	7	0	0	0
0x801DC214	116	fn_801DC214	auto	1	0	2	0	0	0
0x801DC288	292	fn_801DC288	auto	1	0	12	0	1	0
0x801DC3AC	116	fn_801DC3AC	auto	1	0	2	0	0	0
0x801DC420	228	fn_801DC420	auto	1	0	11	0	0	0
0x801DC504	296	fn_801DC504	auto	1	0	19	0	0	0
0x801DC62C	1276	fn_801DC62C	auto	1	0	54	0	0	0
0x801DCB28	664	main	dtk	1	0	28	0	0	0
0x801DCDC0	88	fn_801DCDC0	auto	0	1	0	0	0	0
0x801DCE18	152	fn_801DCE18	auto	1	0	3	0	0	0
0x801DCEB0	116	fn_801DCEB0	auto	1	0	3	0	0	0
0x801DCF24	124	fn_801DCF24	auto	1	0	3	0	0	0
0x801DCFA0	216	fn_801DCFA0	auto	1	0	5	0	0	0
0x801DD078	212	fn_801DD078	auto	1	0	6	0	0	0
0x801DD14C	224	fn_801DD14C	auto	1	0	6	0	0	0
0x801DD22C	264	fn_801DD22C	auto	1	0	6	0	0	0
0x801DD334	132	fn_801DD334	auto	1	0	3	0	0	0
0x801DD3B8	168	fn_801DD3B8	auto	1	0	3	0	0	0
0x801DD460	100	fn_801DD460	auto	1	0	3	0	0	0
0x801DD4C4	128	fn_801DD4C4	auto	1	0	1	0	0	0
0x801DD544	164	fn_801DD544	auto	1	0	2	0	0	0
0x801DD5E8	308	fn_801DD5E8	auto	1	0	2	0	0	0
0x801DD71C	80	fn_801DD71C	auto	1	0	1	0	0	0
0x801DD76C	96	fn_801DD76C	auto	1	0	2	0	0	0
0x801DD7CC	12	fn_801DD7CC	auto	0	1	0	0	0	0
0x801DD7D8	276	fn_801DD7D8	auto	0	1	0	0	0	0
0x801DD8EC	112	fn_801DD8EC	auto	0	1	0	0	0	0
0x801DD95C	40	fn_801DD95C	auto	1	0	1	0	0	0
0x801DD984	40	fn_801DD984	auto	1	0	1	0	0	0
0x801DD9AC	260	fn_801DD9AC	auto	1	0	2	0	0	0
0x801DDAB0	408	fn_801DDAB0	auto	1	0	3	0	0	0
0x801DDC48	96	fn_801DDC48	auto	0	1	0	0	0	0
0x801DDCA8	204	fn_801DDCA8	auto	1	0	2	0	0	0
0x801DDD74	232	fn_801DDD74	auto	1	0	1	0	0	0
0x801DDE5C	112	fn_801DDE5C	auto	1	0	2	0	0	0
0x801DDECC	124	fn_801DDECC	auto	1	0	2	0	0	0
0x801DDF48	1468	fn_801DDF48	auto	1	0	1	0	0	0
0x801DE504	244	fn_801DE504	auto	1	0	4	0	0	0
0x801DE5F8	248	fn_801DE5F8	auto	1	0	4	0	0	0
0x801DE6F0	464	fn_801DE6F0	auto	1	1	0	0	0	0
0x801DE8C0	252	fn_801DE8C0	auto	1	0	1	0	0	0
0x801DE9BC	552	fn_801DE9BC	auto	0	1	0	0	0	0
0x801DEBE4	476	fn_801DEBE4	auto	1	1	0	0	0	0
0x801DEDC0	380	fn_801DEDC0	auto	1	1	0	0	0	0
0x801DEF3C	1300	fn_801DEF3C	auto	1	0	4	0	0	0
0x801DF450	176	fn_801DF450	auto	1	0	3	0	0	0
0x801DF500	256	fn_801DF500	auto	1	0	4	0	0	0
0x801DF600	844	fn_801DF600	auto	1	0	2	0	0	0
0x801DF94C	60	fn_801DF94C	auto	1	0	2	0	0	0
0x801DF988	276	fn_801DF988	auto	1	0	3	0	0	0
0x801DFA9C	224	fn_801DFA9C	auto	1	0	1	0	0	0
0x801DFB7C	224	fn_801DFB7C	auto	1	0	1	0	0	0
0x801DFC5C	340	fn_801DFC5C	auto	1	0	2	0	0	0
0x801DFDB0	152	fn_801DFDB0	auto	1	0	1	0	0	0
0x801DFE48	956	fn_801DFE48	auto	1	0	2	0	0	0
0x801E0204	740	fn_801E0204	auto	1	0	6	0	0	0
0x801E04E8	504	fn_801E04E8	auto	1	0	13	0	0	0
0x801E06E0	84	fn_801E06E0	auto	1	0	6	0	0	0
0x801E0734	908	fn_801E0734	auto	1	0	6	0	0	0
0x801E0AC0	504	fn_801E0AC0	auto	1	0	13	0	0	0
0x801E0CB8	84	fn_801E0CB8	auto	1	0	6	0	0	0
0x801E0D0C	68	fn_801E0D0C	auto	0	1	0	0	0	0
0x801E0D50	44	fn_801E0D50	auto	0	1	0	0	0	0
0x801E0D7C	208	fn_801E0D7C	auto	0	1	0	0	0	0
0x801E0E4C	392	fn_801E0E4C	auto	0	1	0	0	0	0
0x801E0FD4	196	fn_801E0FD4	auto	0	1	0	0	0	0
0x801E1098	160	fn_801E1098	auto	0	1	0	0	0	0
0x801E1138	632	fn_801E1138	auto	1	0	5	0	0	0
0x801E13B0	348	fn_801E13B0	auto	1	0	2	0	0	0
0x801E150C	120	fn_801E150C	auto	1	0	2	0	0	0
0x801E1584	120	fn_801E1584	auto	1	0	2	0	0	0
0x801E15FC	284	fn_801E15FC	auto	1	0	4	0	0	0
0x801E1718	108	fn_801E1718	auto	1	0	2	0	0	0
0x801E1784	92	fn_801E1784	auto	1	0	2	0	0	0
0x801E17E0	92	fn_801E17E0	auto	1	0	2	0	0	0
0x801E183C	16	fn_801E183C	auto	0	1	0	0	0	0
0x801E184C	480	fn_801E184C	auto	1	0	2	0	0	0
0x801E1A2C	72	fn_801E1A2C	auto	1	0	1	0	0	0
0x801E1A74	84	fn_801E1A74	auto	1	0	1	0	0	0
0x801E1AC8	276	fn_801E1AC8	auto	1	0	2	0	0	0
0x801E1BDC	88	fn_801E1BDC	auto	1	0	1	0	0	0
0x801E1C34	72	fn_801E1C34	auto	1	0	1	0	0	0
0x801E1C7C	80	fn_801E1C7C	auto	1	0	1	0	0	0
0x801E1CCC	100	fn_801E1CCC	auto	1	0	1	0	0	0
0x801E1D30	100	fn_801E1D30	auto	1	0	1	0	0	0
0x801E1D94	100	fn_801E1D94	auto	1	0	1	0	0	0
0x801E1DF8	236	fn_801E1DF8	auto	0	1	0	0	0	0
0x801E1EE4	36	fn_801E1EE4	auto	0	1	0	0	0	0
0x801E1F08	52	fn_801E1F08	auto	0	1	0	0	0	0
0x801E1F3C	256	fn_801E1F3C	auto	1	0	8	0	0	0
0x801E203C	816	fn_801E203C	auto	1	0	24	0	0	0
0x801E236C	380	fn_801E236C	auto	1	0	1	0	0	0
0x801E24E8	344	fn_801E24E8	auto	0	1	0	0	0	0
0x801E2640	160	fn_801E2640	auto	0	1	0	0	0	0
0x801E26E0	288	fn_801E26E0	auto	0	1	0	0	0	0
0x801E2800	324	fn_801E2800	auto	1	0	1	0	0	0
0x801E2944	284	fn_801E2944	auto	1	0	2	0	0	0
0x801E2A60	236	fn_801E2A60	auto	1	0	1	0	0	0
0x801E2B4C	616	fn_801E2B4C	auto	1	0	1	0	0	0
0x801E2DB4	304	fn_801E2DB4	auto	1	0	1	0	0	0
0x801E2EE4	300	fn_801E2EE4	auto	1	0	1	0	0	0
0x801E3010	420	fn_801E3010	auto	1	0	2	0	0	0
0x801E31B4	136	fn_801E31B4	auto	0	1	0	0	0	0
0x801E323C	32	fn_801E323C	auto	1	0	1	0	0	0
0x801E325C	104	fn_801E325C	auto	0	1	0	0	0	0
0x801E32C4	92	fn_801E32C4	auto	0	1	0	0	0	0
0x801E3320	20	fn_801E3320	auto	0	1	0	0	0	0
0x801E3334	16	fn_801E3334	auto	0	1	0	0	0	0
0x801E3344	16	fn_801E3344	auto	0	1	0	0	0	0
0x801E3354	12	fn_801E3354	auto	0	1	0	0	0	0
0x801E3360	56	fn_801E3360	auto	0	1	0	0	0	0
0x801E3398	48	fn_801E3398	auto	0	1	0	0	0	0
0x801E33C8	228	fn_801E33C8	auto	1	1	0	0	0	0
0x801E34AC	28	fn_801E34AC	auto	0	1	0	0	0	0
0x801E34C8	184	fn_801E34C8	auto	1	0	1	0	0	0
0x801E3580	124	fn_801E3580	auto	1	0	1	0	0	0
0x801E35FC	76	fn_801E35FC	auto	1	1	0	0	0	0
0x801E3648	84	fn_801E3648	auto	1	0	3	0	0	0
0x801E369C	4	fn_801E369C	auto	0	1	0	0	0	0
0x801E36A0	108	fn_801E36A0	auto	1	0	3	0	0	0
0x801E370C	12	fn_801E370C	auto	0	1	0	0	0	0
0x801E3718	348	fn_801E3718	auto	1	0	5	0	0	0
0x801E3874	320	fn_801E3874	auto	1	0	8	0	0	0
0x801E39B4	512	fn_801E39B4	auto	1	0	14	0	0	0
0x801E3BB4	364	fn_801E3BB4	auto	1	0	1	0	0	0
0x801E3D20	192	fn_801E3D20	auto	1	0	1	0	0	0
0x801E3DE0	340	fn_801E3DE0	auto	1	0	1	0	0	0
0x801E3F34	328	fn_801E3F34	auto	1	0	1	0	0	0
0x801E407C	172	fn_801E407C	auto	1	1	0	0	0	0
0x801E4128	184	fn_801E4128	auto	0	1	0	0	0	0
0x801E41E0	684	fn_801E41E0	auto	1	1	0	0	0	0
0x801E448C	400	fn_801E448C	auto	1	1	0	0	0	0
0x801E461C	224	fn_801E461C	auto	1	1	0	0	0	0
0x801E46FC	428	fn_801E46FC	auto	1	1	0	0	0	0
0x801E48A8	204	fn_801E48A8	auto	0	1	0	0	0	0
0x801E4974	16	fn_801E4974	auto	0	1	0	0	0	0
0x801E4984	20	fn_801E4984	auto	0	1	0	0	0	0
0x801E4998	32	fn_801E4998	auto	1	0	1	0	0	0
0x801E49B8	32	fn_801E49B8	auto	1	0	1	0	0	0
0x801E49D8	32	fn_801E49D8	auto	1	0	1	0	0	0
0x801E49F8	92	fn_801E49F8	auto	1	0	1	0	0	0
0x801E4A54	92	fn_801E4A54	auto	1	0	1	0	0	0
0x801E4AB0	268	fn_801E4AB0	auto	1	0	2	0	0	0
0x801E4BBC	56	fn_801E4BBC	auto	0	1	0	0	0	0
0x801E4BF4	56	fn_801E4BF4	auto	0	1	0	0	0	0
0x801E4C2C	68	fn_801E4C2C	auto	1	0	1	0	0	0
0x801E4C70	64	fn_801E4C70	auto	1	0	1	0	0	0
0x801E4CB0	240	fn_801E4CB0	auto	1	0	8	0	0	0
0x801E4DA0	488	fn_801E4DA0	auto	1	0	2	0	0	0
0x801E4F88	52	fn_801E4F88	auto	1	0	1	0	0	0
0x801E4FBC	24	fn_801E4FBC	auto	0	1	0	0	0	0
0x801E4FD4	372	fn_801E4FD4	auto	1	0	2	0	0	0
0x801E5148	1216	fn_801E5148	auto	1	0	19	0	0	0
0x801E5608	564	fn_801E5608	auto	1	0	2	0	0	0
0x801E583C	1460	fn_801E583C	auto	1	0	18	0	0	0
0x801E5DF0	60	fn_801E5DF0	auto	1	0	1	0	0	0
0x801E5E2C	40	fn_801E5E2C	auto	1	0	1	0	0	0
0x801E5E54	40	fn_801E5E54	auto	1	0	1	0	0	0
0x801E5E7C	40	fn_801E5E7C	auto	1	0	1	0	0	0
0x801E5EA4	120	fn_801E5EA4	auto	0	1	0	0	0	0
0x801E5F1C	112	fn_801E5F1C	auto	0	1	0	0	0	0
0x801E5F8C	444	fn_801E5F8C	auto	1	0	2	0	0	0
0x801E6148	752	fn_801E6148	auto	1	0	16	0	0	0
0x801E6438	680	fn_801E6438	auto	1	0	15	0	0	0
0x801E66E0	60	fn_801E66E0	auto	1	0	1	0	0	0
0x801E671C	40	fn_801E671C	auto	1	0	1	0	0	0
0x801E6744	40	fn_801E6744	auto	1	0	1	0	0	0
0x801E676C	1008	fn_801E676C	auto	1	0	21	0	0	0
0x801E6B5C	224	fn_801E6B5C	auto	1	0	11	0	0	0
0x801E6C3C	408	fn_801E6C3C	auto	1	0	13	0	0	0
0x801E6DD4	236	fn_801E6DD4	auto	1	0	6	0	0	0
0x801E6EC0	200	fn_801E6EC0	auto	1	0	6	0	0	0
0x801E6F88	524	fn_801E6F88	auto	1	0	11	0	0	0
0x801E7194	456	fn_801E7194	auto	1	0	11	0	0	0
0x801E735C	184	fn_801E735C	auto	1	1	0	0	0	0
0x801E7414	136	fn_801E7414	auto	1	0	1	0	0	0
0x801E749C	40	fn_801E749C	auto	0	1	0	0	0	0
0x801E74C4	4	fn_801E74C4	auto	0	1	0	0	0	0
0x801E74C8	8	fn_801E74C8	auto	0	1	0	0	0	0
0x801E74D0	132	fn_801E74D0	auto	1	0	2	0	0	0
0x801E7554	44	fn_801E7554	auto	0	1	0	0	0	0
0x801E7580	64	fn_801E7580	auto	0	1	0	0	0	0
0x801E75C0	64	fn_801E75C0	auto	0	1	0	0	0	0
0x801E7600	84	fn_801E7600	auto	0	1	0	0	0	0
0x801E7654	628	fn_801E7654	auto	1	0	2	0	0	0
0x801E78C8	612	fn_801E78C8	auto	1	0	4	0	0	0
0x801E7B2C	320	fn_801E7B2C	auto	1	0	3	0	0	0
0x801E7C6C	388	fn_801E7C6C	auto	1	0	5	0	0	0
0x801E7DF0	36	fn_801E7DF0	auto	1	0	1	0	0	0
0x801E7E14	72	fn_801E7E14	auto	1	0	3	0	0	0
0x801E7E5C	424	fn_801E7E5C	auto	1	0	1	0	0	0
0x801E8004	424	fn_801E8004	auto	1	0	1	0	0	0
0x801E81AC	436	fn_801E81AC	auto	1	0	2	0	0	0
0x801E8360	352	fn_801E8360	auto	1	0	2	0	0	0
0x801E84C0	192	fn_801E84C0	auto	1	0	3	0	0	0
0x801E8580	60	fn_801E8580	auto	1	0	2	0	0	0
0x801E85BC	228	fn_801E85BC	auto	1	0	3	0	0	0
0x801E86A0	816	fn_801E86A0	auto	1	0	3	0	0	0
0x801E89D0	724	fn_801E89D0	auto	1	0	3	0	0	0
0x801E8CA4	3644	fn_801E8CA4	auto	1	0	21	0	0	0
0x801E9AE0	968	fn_801E9AE0	auto	1	0	3	0	0	0
0x801E9EA8	1076	fn_801E9EA8	auto	1	0	5	0	0	0
0x801EA2DC	1688	fn_801EA2DC	auto	1	0	8	0	0	0
0x801EA974	148	fn_801EA974	auto	1	0	1	0	0	0
0x801EAA08	1272	fn_801EAA08	auto	1	0	7	0	0	0
0x801EAF00	284	fn_801EAF00	auto	1	0	5	0	0	0
0x801EB01C	788	fn_801EB01C	auto	1	0	6	0	0	0
0x801EB330	1892	fn_801EB330	auto	1	0	5	0	1	0
0x801EBA94	456	fn_801EBA94	auto	1	1	0	0	0	0
0x801EBC5C	3064	fn_801EBC5C	auto	1	0	11	0	1	0
0x801EC854	472	fn_801EC854	auto	1	0	3	0	0	0
0x801ECA2C	1608	fn_801ECA2C	auto	1	0	8	0	0	0
0x801ED074	1576	fn_801ED074	auto	1	0	8	0	0	0
0x801ED69C	1060	fn_801ED69C	auto	1	0	8	0	0	0
0x801EDAC0	1124	fn_801EDAC0	auto	1	0	8	0	0	0
0x801EDF24	540	fn_801EDF24	auto	1	0	3	0	0	0
0x801EE140	484	fn_801EE140	auto	1	0	3	0	0	0
0x801EE324	32	fn_801EE324	auto	0	1	0	0	0	0
0x801EE344	608	fn_801EE344	auto	1	0	1	0	0	0
0x801EE5A4	2652	fn_801EE5A4	auto	1	0	2	0	0	0
0x801EF000	84	fn_801EF000	auto	0	1	0	0	0	0
0x801EF054	684	fn_801EF054	auto	1	0	1	0	0	0
0x801EF300	1248	fn_801EF300	auto	1	0	3	0	0	0
0x801EF7E0	456	fn_801EF7E0	auto	1	0	2	0	0	0
0x801EF9A8	460	fn_801EF9A8	auto	1	0	1	0	0	0
0x801EFB74	276	fn_801EFB74	auto	0	1	0	0	1	0
0x801EFC88	60	fn_801EFC88	auto	1	0	2	0	0	0
0x801EFCC4	252	fn_801EFCC4	auto	0	1	0	0	1	0
0x801EFDC0	332	fn_801EFDC0	auto	0	1	0	0	1	0
0x801EFF0C	60	fn_801EFF0C	auto	1	0	2	0	0	0
0x801EFF48	36	fn_801EFF48	auto	1	0	1	0	0	0
0x801EFF6C	36	fn_801EFF6C	auto	1	0	1	0	0	0
0x801EFF90	36	fn_801EFF90	auto	1	0	1	0	0	0
0x801EFFB4	36	fn_801EFFB4	auto	1	0	1	0	0	0
0x801EFFD8	36	fn_801EFFD8	auto	1	0	1	0	0	0
0x801EFFFC	36	fn_801EFFFC	auto	1	0	1	0	0	0
0x801F0020	452	fn_801F0020	auto	1	0	1	0	0	0
0x801F01E4	160	fn_801F01E4	auto	1	0	8	0	0	0
0x801F0284	280	fn_801F0284	auto	1	0	3	0	0	0
0x801F039C	492	fn_801F039C	auto	1	0	4	0	0	0
0x801F0588	3136	fn_801F0588	auto	1	0	7	0	1	0
0x801F11C8	184	fn_801F11C8	auto	0	1	0	0	0	0
0x801F1280	784	fn_801F1280	auto	1	0	2	0	0	0
0x801F1590	484	fn_801F1590	auto	1	0	3	0	0	0
0x801F1774	2060	fn_801F1774	auto	1	0	1	0	0	0
0x801F1F80	716	fn_801F1F80	auto	1	0	3	0	0	0
0x801F224C	700	fn_801F224C	auto	1	0	1	0	0	0
0x801F2508	16	fn_801F2508	auto	0	1	0	0	0	0
0x801F2518	840	fn_801F2518	auto	1	0	2	0	0	0
0x801F2860	52	fn_801F2860	auto	1	0	1	0	0	0
0x801F2894	32	fn_801F2894	auto	0	1	0	0	0	0
0x801F28B4	24	fn_801F28B4	auto	0	1	0	0	0	0
0x801F28CC	360	fn_801F28CC	auto	1	0	2	0	0	0
0x801F2A34	1040	fn_801F2A34	auto	1	0	1	0	0	0
0x801F2E44	144	fn_801F2E44	auto	0	1	0	0	0	0
0x801F2ED4	336	fn_801F2ED4	auto	1	1	0	0	0	0
0x801F3024	292	fn_801F3024	auto	1	0	2	0	0	0
0x801F3148	1112	fn_801F3148	auto	1	0	6	0	0	0
0x801F35A0	676	fn_801F35A0	auto	1	0	2	0	0	0
0x801F3844	424	fn_801F3844	auto	1	0	4	0	0	0
0x801F39EC	420	fn_801F39EC	auto	1	0	2	0	0	0
0x801F3B90	288	fn_801F3B90	auto	1	0	1	0	0	0
0x801F3CB0	444	fn_801F3CB0	auto	1	0	8	0	0	0
0x801F3E6C	284	fn_801F3E6C	auto	1	0	7	0	0	0
0x801F3F88	72	fn_801F3F88	auto	0	1	0	0	0	0
0x801F3FD0	1372	fn_801F3FD0	auto	1	0	2	0	0	0
0x801F452C	288	fn_801F452C	auto	1	0	2	0	1	0
0x801F464C	304	fn_801F464C	auto	1	0	1	0	1	0
0x801F477C	304	fn_801F477C	auto	1	0	1	0	1	0
0x801F48AC	304	fn_801F48AC	auto	1	0	1	0	1	0
0x801F49DC	132	fn_801F49DC	auto	1	0	1	0	1	0
0x801F4A60	132	fn_801F4A60	auto	1	0	1	0	1	0
0x801F4AE4	320	fn_801F4AE4	auto	1	0	1	0	1	0
0x801F4C24	124	fn_801F4C24	auto	0	1	0	0	0	0
0x801F4CA0	116	fn_801F4CA0	auto	1	0	1	0	0	0
0x801F4D14	240	fn_801F4D14	auto	1	1	0	0	0	0
0x801F4E04	52	fn_801F4E04	auto	1	0	1	0	0	0
0x801F4E38	52	fn_801F4E38	auto	1	0	1	0	0	0
0x801F4E6C	52	fn_801F4E6C	auto	1	0	1	0	0	0
0x801F4EA0	180	fn_801F4EA0	auto	1	0	1	0	0	0
0x801F4F54	428	fn_801F4F54	auto	1	0	1	0	1	0
0x801F5100	428	fn_801F5100	auto	1	0	1	0	1	0
0x801F52AC	136	fn_801F52AC	auto	1	0	1	0	0	0
0x801F5334	76	fn_801F5334	auto	1	0	1	0	0	0
0x801F5380	36	fn_801F5380	auto	1	0	1	0	0	0
0x801F53A4	196	fn_801F53A4	auto	1	0	1	0	0	0
0x801F5468	676	fn_801F5468	auto	1	0	6	0	0	0
0x801F570C	236	fn_801F570C	auto	1	0	1	0	0	0
0x801F57F8	184	fn_801F57F8	auto	1	0	3	0	0	0
0x801F58B0	8	fn_801F58B0	auto	0	1	0	0	0	0
0x801F58B8	132	fn_801F58B8	auto	1	0	2	0	0	0
0x801F593C	132	fn_801F593C	auto	1	0	2	0	0	0
0x801F59C0	180	fn_801F59C0	auto	1	0	1	0	0	0
0x801F5A74	160	fn_801F5A74	auto	1	0	1	0	0	0
0x801F5B14	160	fn_801F5B14	auto	1	0	1	0	0	0
0x801F5BB4	28	fn_801F5BB4	auto	0	1	0	0	0	0
0x801F5BD0	96	fn_801F5BD0	auto	0	1	0	0	0	0
0x801F5C30	156	fn_801F5C30	auto	1	0	1	0	0	0
0x801F5CCC	60	fn_801F5CCC	auto	0	1	0	0	0	0
0x801F5D08	116	fn_801F5D08	auto	1	0	1	0	0	0
0x801F5D7C	312	fn_801F5D7C	auto	1	0	2	0	0	0
0x801F5EB4	156	fn_801F5EB4	auto	1	0	1	0	0	0
0x801F5F50	244	fn_801F5F50	auto	1	0	2	0	0	0
0x801F6044	128	fn_801F6044	auto	1	0	1	0	0	0
0x801F60C4	44	fn_801F60C4	auto	0	1	0	0	0	0
0x801F60F0	48	scptSTUB	string	1	0	1	0	0	0
0x801F6120	3496	scptAnarize	string	1	0	3	0	1	0
0x801F6EC8	256	fn_801F6EC8	auto	0	1	0	0	0	0
0x801F6FC8	400	fn_801F6FC8	auto	0	1	0	0	0	0
0x801F7158	416	scptLoad	string	1	0	8	0	0	0
0x801F72F8	520	fn_801F72F8	auto	1	0	4	0	0	0
0x801F7500	572	fn_801F7500	auto	1	0	1	0	0	0
0x801F773C	540	fn_801F773C	auto	1	0	2	0	0	0
0x801F7958	428	scptArrayAlloc	string	1	0	3	0	0	0
0x801F7B04	16	fn_801F7B04	auto	0	1	0	0	0	0
0x801F7B14	260	fn_801F7B14	auto	1	0	6	0	0	0
0x801F7C18	192	fn_801F7C18	auto	1	0	6	0	0	0
0x801F7CD8	84	fn_801F7CD8	auto	1	0	1	0	0	0
0x801F7D2C	620	fn_801F7D2C	auto	1	0	3	0	0	0
0x801F7F98	448	fn_801F7F98	auto	1	0	4	0	0	0
0x801F8158	1200	fn_801F8158	auto	1	0	11	0	0	0
0x801F8608	716	scptPlayMO3	string	1	0	5	0	0	0
0x801F88D4	1080	scptMV2	string	1	0	11	0	0	0
0x801F8D0C	624	scptPlayMO2	string	1	0	5	0	0	0
0x801F8F7C	420	scptParentOff	string	1	0	5	0	0	0
0x801F9120	556	scptParentOn	string	1	0	5	0	0	0
0x801F934C	264	fn_801F934C	auto	1	0	4	0	0	0
0x801F9454	364	fn_801F9454	auto	1	0	4	0	0	0
0x801F95C0	84	fn_801F95C0	auto	1	0	1	0	0	0
0x801F9614	84	fn_801F9614	auto	1	0	1	0	0	0
0x801F9668	160	fn_801F9668	auto	1	0	2	0	0	0
0x801F9708	324	fn_801F9708	auto	1	0	2	0	0	0
0x801F984C	156	fn_801F984C	auto	1	0	2	0	0	0
0x801F98E8	160	fn_801F98E8	auto	1	0	2	0	0	0
0x801F9988	656	fn_801F9988	auto	1	0	2	0	0	0
0x801F9C18	656	fn_801F9C18	auto	1	0	2	0	0	0
0x801F9EA8	440	fn_801F9EA8	auto	1	0	2	0	0	0
0x801FA060	368	fn_801FA060	auto	1	0	2	0	0	0
0x801FA1D0	192	fn_801FA1D0	auto	1	0	6	0	0	0
0x801FA290	264	fn_801FA290	auto	1	0	3	0	0	0
0x801FA398	296	fn_801FA398	auto	1	0	2	0	0	0
0x801FA4C0	368	fn_801FA4C0	auto	1	0	7	0	0	0
0x801FA630	1452	scptMvj	string	1	0	7	0	0	0
0x801FABDC	1348	scptMVSF	string	1	0	11	0	0	0
0x801FB120	1348	scptMVS	string	1	0	11	0	0	0
0x801FB664	1348	scptMVF	string	1	0	11	0	0	0
0x801FBBA8	500	scptDefMO	string	1	0	5	0	0	0
0x801FBD9C	500	scptPlayColMO	string	1	0	5	0	0	0
0x801FBF90	500	scptPlayMO	string	1	0	5	0	0	0
0x801FC184	644	scptRollP	string	1	0	7	0	0	0
0x801FC408	644	scptRollA	string	1	0	7	0	0	0
0x801FC68C	1056	scptMVR	string	1	0	7	0	0	0
0x801FCAAC	1348	scptMV	string	1	0	11	0	0	0
0x801FCFF0	480	fn_801FCFF0	auto	1	0	2	0	0	0
0x801FD1D0	148	fn_801FD1D0	auto	1	0	1	0	0	0
0x801FD264	488	fn_801FD264	auto	1	0	2	0	0	0
0x801FD44C	256	fn_801FD44C	auto	1	0	2	0	0	0
0x801FD54C	56	fn_801FD54C	auto	1	0	1	0	0	0
0x801FD584	228	scptParentOffD	string	1	0	4	0	0	0
0x801FD668	488	scptParentOnD	string	1	0	4	0	0	0
0x801FD850	160	fn_801FD850	auto	1	0	2	0	0	0
0x801FD8F0	192	fn_801FD8F0	auto	0	1	0	0	0	0
0x801FD9B0	192	fn_801FD9B0	auto	0	1	0	0	0	0
0x801FDA70	72	fn_801FDA70	auto	0	1	0	0	0	0
0x801FDAB8	440	scptKeyWait	string	1	0	3	0	0	0
0x801FDC70	108	fn_801FDC70	auto	1	0	1	0	0	0
0x801FDCDC	212	fn_801FDCDC	auto	1	0	3	0	0	0
0x801FDDB0	192	fn_801FDDB0	auto	1	0	2	0	0	0
0x801FDE70	156	fn_801FDE70	auto	1	0	2	0	0	0
0x801FDF0C	172	fn_801FDF0C	auto	1	0	2	0	0	0
0x801FDFB8	180	fn_801FDFB8	auto	1	0	2	0	0	0
0x801FE06C	432	fn_801FE06C	auto	1	0	3	0	0	0
0x801FE21C	244	fn_801FE21C	auto	1	0	2	0	0	0
0x801FE310	592	fn_801FE310	auto	1	0	1	0	0	0
0x801FE560	576	fn_801FE560	auto	1	0	1	0	0	0
0x801FE7A0	448	fn_801FE7A0	auto	1	0	1	0	0	0
0x801FE960	424	fn_801FE960	auto	1	0	1	0	0	0
0x801FEB08	56	fn_801FEB08	auto	1	0	1	0	0	0
0x801FEB40	56	fn_801FEB40	auto	1	0	1	0	0	0
0x801FEB78	132	fn_801FEB78	auto	1	0	2	0	0	0
0x801FEBFC	132	fn_801FEBFC	auto	1	0	2	0	0	0
0x801FEC80	132	fn_801FEC80	auto	1	0	2	0	0	0
0x801FED04	56	fn_801FED04	auto	1	0	1	0	0	0
0x801FED3C	28	fn_801FED3C	auto	0	1	0	0	0	0
0x801FED58	112	fn_801FED58	auto	1	0	1	0	0	0
0x801FEDC8	8	fn_801FEDC8	auto	0	1	0	0	0	0
0x801FEDD0	132	fn_801FEDD0	auto	1	0	2	0	0	0
0x801FEE54	148	fn_801FEE54	auto	1	0	2	0	0	0
0x801FEEE8	48	fn_801FEEE8	auto	1	0	1	0	0	0
0x801FEF18	48	fn_801FEF18	auto	1	0	1	0	0	0
0x801FEF48	56	fn_801FEF48	auto	1	0	1	0	0	0
0x801FEF80	220	fn_801FEF80	auto	1	0	2	0	0	0
0x801FF05C	156	fn_801FF05C	auto	1	0	1	0	0	0
0x801FF0F8	68	fn_801FF0F8	auto	1	0	1	0	0	0
0x801FF13C	164	fn_801FF13C	auto	1	0	2	0	0	0
0x801FF1E0	48	scptKill	string	1	0	1	0	0	0
0x801FF210	368	fn_801FF210	auto	1	0	2	0	0	0
0x801FF380	240	fn_801FF380	auto	1	0	2	0	0	0
0x801FF470	404	fn_801FF470	auto	1	0	7	0	0	0
0x801FF604	272	fn_801FF604	auto	1	0	4	0	0	0
0x801FF714	448	fn_801FF714	auto	1	0	6	0	0	0
0x801FF8D4	396	fn_801FF8D4	auto	1	0	5	0	0	0
0x801FFA60	448	fn_801FFA60	auto	1	0	6	0	0	0
0x801FFC20	404	fn_801FFC20	auto	1	0	6	0	0	0
0x801FFDB4	136	fn_801FFDB4	auto	1	0	2	0	0	0
0x801FFE3C	180	fn_801FFE3C	auto	1	0	2	0	0	0
0x801FFEF0	180	fn_801FFEF0	auto	1	0	2	0	0	0
0x801FFFA4	252	fn_801FFFA4	auto	1	0	1	0	0	0
0x802000A0	172	fn_802000A0	auto	1	0	1	0	0	0
0x8020014C	172	fn_8020014C	auto	1	0	1	0	0	0
0x802001F8	616	fn_802001F8	auto	1	0	2	0	0	0
0x80200460	468	fn_80200460	auto	1	0	2	0	0	0
0x80200634	396	fn_80200634	auto	1	0	2	0	0	0
0x802007C0	516	fn_802007C0	auto	1	0	2	0	0	0
0x802009C4	460	fn_802009C4	auto	1	0	2	0	0	0
0x80200B90	340	fn_80200B90	auto	1	0	2	0	0	0
0x80200CE4	272	fn_80200CE4	auto	1	0	2	0	0	0
0x80200DF4	404	fn_80200DF4	auto	1	0	2	0	0	0
0x80200F88	60	fn_80200F88	auto	1	0	1	0	0	0
0x80200FC4	612	fn_80200FC4	auto	1	0	5	0	0	0
0x80201228	560	fn_80201228	auto	1	0	5	0	0	0
0x80201458	340	fn_80201458	auto	1	0	2	0	0	0
0x802015AC	352	fn_802015AC	auto	1	0	2	0	0	0
0x8020170C	320	fn_8020170C	auto	1	0	2	0	0	0
0x8020184C	428	fn_8020184C	auto	1	0	5	0	0	0
0x802019F8	372	scptHset	string	1	0	5	0	0	0
0x80201B6C	372	scptHSetTask	string	1	0	5	0	0	0
0x80201CE0	372	scptHread	string	1	0	5	0	0	0
0x80201E54	432	scptHchange	string	1	0	5	0	0	0
0x80202004	436	scptHclose	string	1	0	5	0	0	0
0x802021B8	516	scptHopen	string	1	0	5	0	0	0
0x802023BC	2608	scptMVCA3	string	1	0	10	0	0	0
0x80202DEC	1732	scptMVCALP	string	1	0	7	0	0	0
0x802034B0	2892	scptMVCA	string	1	0	10	0	0	0
0x80203FFC	2496	scptMVCB2	string	1	0	10	0	0	0
0x802049BC	556	fn_802049BC	auto	1	0	8	0	0	0
0x80204BE8	232	fn_80204BE8	auto	1	0	3	0	0	0
0x80204CD0	344	fn_80204CD0	auto	1	0	2	0	0	0
0x80204E28	220	fn_80204E28	auto	1	0	2	0	0	0
0x80204F04	136	fn_80204F04	auto	1	0	2	0	0	0
0x80204F8C	580	fn_80204F8C	auto	1	0	4	0	0	0
0x802051D0	172	fn_802051D0	auto	1	0	1	0	0	0
0x8020527C	544	fn_8020527C	auto	1	0	4	0	0	0
0x8020549C	524	fn_8020549C	auto	1	0	3	0	0	0
0x802056A8	312	fn_802056A8	auto	1	0	5	0	0	0
0x802057E0	280	fn_802057E0	auto	1	0	5	0	0	0
0x802058F8	324	fn_802058F8	auto	1	0	6	0	0	0
0x80205A3C	488	fn_80205A3C	auto	1	0	8	0	0	0
0x80205C24	548	fn_80205C24	auto	1	0	7	0	0	0
0x80205E48	204	fn_80205E48	auto	1	0	4	0	0	0
0x80205F14	448	fn_80205F14	auto	1	0	7	0	0	0
0x802060D4	360	fn_802060D4	auto	1	0	5	0	0	0
0x8020623C	488	fn_8020623C	auto	1	0	8	0	0	0
0x80206424	488	fn_80206424	auto	1	0	8	0	0	0
0x8020660C	760	fn_8020660C	auto	1	0	11	0	0	0
0x80206904	428	fn_80206904	auto	1	0	6	0	0	0
0x80206AB0	524	fn_80206AB0	auto	1	0	8	0	0	0
0x80206CBC	492	fn_80206CBC	auto	1	0	9	0	0	0
0x80206EA8	332	fn_80206EA8	auto	1	0	5	0	0	0
0x80206FF4	316	fn_80206FF4	auto	1	0	5	0	0	0
0x80207130	316	fn_80207130	auto	1	0	5	0	0	0
0x8020726C	176	fn_8020726C	auto	1	0	2	0	0	0
0x8020731C	76	fn_8020731C	auto	1	0	2	0	0	0
0x80207368	76	fn_80207368	auto	1	0	1	0	0	0
0x802073B4	116	fn_802073B4	auto	1	0	1	0	0	0
0x80207428	136	fn_80207428	auto	1	0	2	0	0	0
0x802074B0	164	fn_802074B0	auto	1	0	2	0	0	0
0x80207554	220	fn_80207554	auto	1	0	2	0	0	0
0x80207630	264	fn_80207630	auto	1	0	5	0	0	0
0x80207738	248	fn_80207738	auto	1	0	2	0	0	0
0x80207830	528	scptCl	string	1	0	7	0	0	0
0x80207A40	492	scptRet	string	1	0	6	0	0	0
0x80207C2C	164	fn_80207C2C	auto	1	0	2	0	0	0
0x80207CD0	512	fn_80207CD0	auto	1	0	5	0	0	0
0x80207ED0	372	scptNecA	string	1	0	5	0	0	0
0x80208044	496	scptPutP	string	1	0	5	0	0	0
0x80208234	496	scptPutA	string	1	0	5	0	0	0
0x80208424	424	scptNormalFace	string	1	0	5	0	0	0
0x802085CC	424	scptFace	string	1	0	5	0	0	0
0x80208774	356	scptLetsTalk	string	1	0	5	0	0	0
0x802088D8	328	scptEnter	string	1	0	4	0	0	0
0x80208A20	488	scptChangeParts	string	1	0	5	0	0	0
0x80208C08	404	fn_80208C08	auto	1	0	5	0	0	0
0x80208D9C	404	fn_80208D9C	auto	1	0	5	0	0	0
0x80208F30	248	fn_80208F30	auto	1	0	2	0	0	0
0x80209028	528	scptClF	string	1	0	7	0	0	0
0x80209238	248	fn_80209238	auto	1	0	2	0	0	0
0x80209330	536	scptFin	string	1	0	7	0	0	0
0x80209548	632	fn_80209548	auto	1	0	5	0	0	0
0x802097C0	436	scptMapDefMO	string	1	0	5	0	0	0
0x80209974	544	fn_80209974	auto	1	0	5	0	0	0
0x80209B94	480	fn_80209B94	auto	1	0	5	0	0	0
0x80209D74	356	fn_80209D74	auto	1	0	5	0	0	0
0x80209ED8	368	fn_80209ED8	auto	1	0	5	0	0	0
0x8020A048	288	fn_8020A048	auto	1	0	2	0	0	0
0x8020A168	352	fn_8020A168	auto	1	0	2	0	0	0
0x8020A2C8	112	fn_8020A2C8	auto	1	0	1	0	0	0
0x8020A338	588	fn_8020A338	auto	1	0	6	0	0	0
0x8020A584	424	scptSELECT1	string	1	0	5	0	0	0
0x8020A72C	8	fn_8020A72C	auto	0	1	0	0	0	0
0x8020A734	516	fn_8020A734	auto	1	0	6	0	0	0
0x8020A938	368	scptPRINT	string	1	0	4	0	0	0
0x8020AAA8	860	fn_8020AAA8	auto	1	0	12	0	0	0
0x8020AE04	392	fn_8020AE04	auto	1	0	6	0	0	0
0x8020AF8C	1312	fn_8020AF8C	auto	1	0	3	0	0	0
0x8020B4AC	452	fn_8020B4AC	auto	1	0	7	0	0	0
0x8020B670	412	fn_8020B670	auto	1	0	2	0	0	0
0x8020B80C	160	fn_8020B80C	auto	1	0	2	0	0	0
0x8020B8AC	160	fn_8020B8AC	auto	1	0	2	0	0	0
0x8020B94C	160	fn_8020B94C	auto	1	0	2	0	0	0
0x8020B9EC	244	fn_8020B9EC	auto	1	0	2	0	0	0
0x8020BAE0	172	fn_8020BAE0	auto	1	0	2	0	0	0
0x8020BB8C	172	fn_8020BB8C	auto	1	0	2	0	0	0
0x8020BC38	188	fn_8020BC38	auto	1	0	3	0	0	0
0x8020BCF4	188	fn_8020BCF4	auto	1	0	3	0	0	0
0x8020BDB0	312	fn_8020BDB0	auto	1	0	2	0	0	0
0x8020BEE8	1192	fn_8020BEE8	auto	1	0	11	0	0	0
0x8020C390	2068	fn_8020C390	auto	1	0	15	0	0	0
0x8020CBA4	784	fn_8020CBA4	auto	1	0	11	0	0	0
0x8020CEB4	780	fn_8020CEB4	auto	1	0	4	0	0	0
0x8020D1C0	232	fn_8020D1C0	auto	1	0	2	0	0	0
0x8020D2A8	480	fn_8020D2A8	auto	1	0	6	0	0	0
0x8020D488	480	fn_8020D488	auto	1	0	6	0	0	0
0x8020D668	480	fn_8020D668	auto	1	0	6	0	0	0
0x8020D848	484	scptUkisuguR	string	1	0	6	0	0	0
0x8020DA2C	408	fn_8020DA2C	auto	1	0	4	0	0	0
0x8020DBC4	344	fn_8020DBC4	auto	1	0	4	0	0	0
0x8020DD1C	3176	fn_8020DD1C	auto	1	0	32	0	1	0
0x8020E984	368	fn_8020E984	auto	0	1	0	0	0	0
0x8020EAF4	612	fn_8020EAF4	auto	1	0	2	0	0	0
0x8020ED58	400	fn_8020ED58	auto	1	1	0	0	0	0
0x8020EEE8	72	fn_8020EEE8	auto	1	0	1	0	0	0
0x8020EF30	164	fn_8020EF30	auto	1	0	3	0	0	0
0x8020EFD4	164	fn_8020EFD4	auto	1	0	3	0	0	0
0x8020F078	120	fn_8020F078	auto	1	1	0	0	0	0
0x8020F0F0	100	fn_8020F0F0	auto	1	0	1	0	0	0
0x8020F154	292	fn_8020F154	auto	1	0	5	0	0	0
0x8020F278	348	fn_8020F278	auto	1	0	5	0	0	0
0x8020F3D4	1060	fn_8020F3D4	auto	1	0	9	0	0	0
0x8020F7F8	316	fn_8020F7F8	auto	1	0	6	0	0	0
0x8020F934	100	fn_8020F934	auto	1	0	2	0	0	0
0x8020F998	376	fn_8020F998	auto	1	0	5	0	0	0
0x8020FB10	364	fn_8020FB10	auto	1	0	5	0	0	0
0x8020FC7C	356	fn_8020FC7C	auto	1	0	5	0	0	0
0x8020FDE0	356	fn_8020FDE0	auto	1	0	5	0	0	0
0x8020FF44	288	fn_8020FF44	auto	1	0	5	0	0	0
0x80210064	100	fn_80210064	auto	1	0	2	0	0	0
0x802100C8	420	fn_802100C8	auto	1	0	6	0	0	0
0x8021026C	204	fn_8021026C	auto	1	0	4	0	0	0
0x80210338	88	fn_80210338	auto	1	0	1	0	0	0
0x80210390	192	fn_80210390	auto	1	0	7	0	0	0
0x80210450	256	fn_80210450	auto	1	0	2	0	0	0
0x80210550	300	fn_80210550	auto	1	0	3	0	0	0
0x8021067C	296	fn_8021067C	auto	1	0	4	0	0	0
0x802107A4	188	fn_802107A4	auto	1	0	2	0	0	0
0x80210860	392	tolObjSendEnter	string	1	0	5	0	0	0
0x802109E8	348	fn_802109E8	auto	1	0	3	0	0	0
0x80210B44	416	scptTskDestruct	string	1	0	4	0	0	0
0x80210CE4	152	fn_80210CE4	auto	1	0	1	0	0	0
0x80210D7C	296	fn_80210D7C	auto	1	0	4	0	0	0
0x80210EA4	208	fn_80210EA4	auto	1	0	2	0	0	0
0x80210F74	228	fn_80210F74	auto	0	1	0	0	0	0
0x80211058	144	fn_80211058	auto	1	0	1	0	0	0
0x802110E8	132	fn_802110E8	auto	1	0	1	0	0	0
0x8021116C	300	fn_8021116C	auto	0	1	0	0	0	0
0x80211298	532	fn_80211298	auto	1	0	1	0	0	0
0x802114AC	88	fn_802114AC	auto	0	1	0	0	0	0
0x80211504	2188	fn_80211504	auto	1	0	5	0	0	0
0x80211D90	288	fn_80211D90	auto	1	0	2	0	0	0
0x80211EB0	416	fn_80211EB0	auto	1	0	1	0	0	0
0x80212050	52	fn_80212050	auto	1	0	1	0	0	0
0x80212084	172	fn_80212084	auto	1	0	3	0	0	0
0x80212130	1432	fn_80212130	auto	1	0	14	0	0	0
0x802126C8	944	scptInitial	string	1	0	11	0	0	0
0x80212A78	396	fn_80212A78	auto	1	0	2	0	0	0
0x80212C04	1396	fn_80212C04	auto	1	1	0	0	0	0
0x80213178	420	fn_80213178	auto	0	1	0	0	0	0
0x8021331C	348	fn_8021331C	auto	1	0	1	0	0	0
0x80213478	316	fn_80213478	auto	1	0	2	0	0	0
0x802135B4	244	fn_802135B4	auto	1	0	2	0	0	0
0x802136A8	112	fn_802136A8	auto	1	0	3	0	0	0
0x80213718	184	fn_80213718	auto	1	0	3	0	0	0
0x802137D0	208	fn_802137D0	auto	1	0	2	0	0	0
0x802138A0	64	fn_802138A0	auto	1	0	1	0	0	0
0x802138E0	64	fn_802138E0	auto	1	0	1	0	0	0
0x80213920	216	fn_80213920	auto	1	0	2	0	0	0
0x802139F8	984	fn_802139F8	auto	1	0	2	0	0	0
0x80213DD0	536	fn_80213DD0	auto	1	0	2	0	0	0
0x80213FE8	648	fn_80213FE8	auto	1	0	2	0	0	0
0x80214270	1688	fn_80214270	auto	1	0	2	0	0	0
0x80214908	76	fn_80214908	auto	1	0	1	0	0	0
0x80214954	64	fn_80214954	auto	1	0	1	0	0	0
0x80214994	76	fn_80214994	auto	1	0	1	0	0	0
0x802149E0	64	fn_802149E0	auto	1	0	1	0	0	0
0x80214A20	64	fn_80214A20	auto	1	0	1	0	0	0
0x80214A60	64	fn_80214A60	auto	1	0	1	0	0	0
0x80214AA0	136	fn_80214AA0	auto	1	0	2	0	0	0
0x80214B28	220	fn_80214B28	auto	1	0	2	0	0	0
0x80214C04	216	fn_80214C04	auto	1	0	2	0	0	0
0x80214CDC	144	fn_80214CDC	auto	1	0	2	0	0	0
0x80214D6C	144	fn_80214D6C	auto	1	0	2	0	0	0
0x80214DFC	144	fn_80214DFC	auto	1	0	2	0	0	0
0x80214E8C	144	fn_80214E8C	auto	1	0	2	0	0	0
0x80214F1C	144	fn_80214F1C	auto	1	0	2	0	0	0
0x80214FAC	144	fn_80214FAC	auto	1	0	2	0	0	0
0x8021503C	64	fn_8021503C	auto	1	0	1	0	0	0
0x8021507C	64	fn_8021507C	auto	1	0	1	0	0	0
0x802150BC	64	fn_802150BC	auto	1	0	1	0	0	0
0x802150FC	400	fn_802150FC	auto	1	0	2	0	0	0
0x8021528C	220	fn_8021528C	auto	1	0	2	0	0	0
0x80215368	220	fn_80215368	auto	1	0	2	0	0	0
0x80215444	332	fn_80215444	auto	1	0	2	0	0	0
0x80215590	1104	fn_80215590	auto	1	0	2	0	0	0
0x802159E0	1216	fn_802159E0	auto	1	0	13	0	0	0
0x80215EA0	116	fn_80215EA0	auto	1	0	1	0	0	0
0x80215F14	120	fn_80215F14	auto	1	0	1	0	0	0
0x80215F8C	8	fn_80215F8C	auto	0	1	0	0	0	0
0x80215F94	156	fn_80215F94	auto	1	0	1	0	0	0
0x80216030	972	fn_80216030	auto	1	0	9	0	0	0
0x802163FC	840	fn_802163FC	auto	1	0	7	0	0	0
0x80216744	392	fn_80216744	auto	1	0	6	0	0	0
0x802168CC	464	fn_802168CC	auto	1	0	7	0	0	0
0x80216A9C	236	fn_80216A9C	auto	1	0	2	0	0	0
0x80216B88	284	fn_80216B88	auto	0	1	0	0	0	0
0x80216CA4	16	fn_80216CA4	auto	0	1	0	0	0	0
0x80216CB4	36	fn_80216CB4	auto	1	0	1	0	0	0
0x80216CD8	60	fn_80216CD8	auto	1	0	3	0	0	0
0x80216D14	132	fn_80216D14	auto	1	0	1	0	0	0
0x80216D98	160	fn_80216D98	auto	1	0	1	0	0	0
0x80216E38	196	fn_80216E38	auto	1	0	3	0	0	0
0x80216EFC	32	fn_80216EFC	auto	1	0	1	0	0	0
0x80216F1C	44	fn_80216F1C	auto	1	0	1	0	0	0
0x80216F48	492	fn_80216F48	auto	1	0	3	0	0	0
0x80217134	188	fn_80217134	auto	1	0	1	0	0	0
0x802171F0	216	fn_802171F0	auto	1	0	1	0	0	0
0x802172C8	68	fn_802172C8	auto	1	0	1	0	0	0
0x8021730C	116	fn_8021730C	auto	1	0	1	0	0	0
0x80217380	116	fn_80217380	auto	1	0	1	0	0	0
0x802173F4	352	fn_802173F4	auto	1	0	1	0	0	0
0x80217554	180	fn_80217554	auto	1	0	4	0	0	0
0x80217608	132	fn_80217608	auto	1	0	3	0	0	0
0x8021768C	260	fn_8021768C	auto	1	0	4	0	0	0
0x80217790	112	fn_80217790	auto	1	0	1	0	0	0
0x80217800	48	fn_80217800	auto	1	0	1	0	0	0
0x80217830	872	fn_80217830	auto	1	0	6	0	0	0
0x80217B98	140	fn_80217B98	auto	1	0	1	0	0	0
0x80217C24	140	fn_80217C24	auto	1	0	1	0	0	0
0x80217CB0	804	fn_80217CB0	auto	1	0	7	0	0	0
0x80217FD4	32	fn_80217FD4	auto	1	0	1	0	0	0
0x80217FF4	768	fn_80217FF4	auto	1	0	8	0	0	0
0x802182F4	636	fn_802182F4	auto	1	0	6	0	0	0
0x80218570	264	fn_80218570	auto	1	0	5	0	0	0
0x80218678	1800	fn_80218678	auto	1	0	15	0	0	0
0x80218D80	4	fn_80218D80	auto	0	1	0	0	0	0
0x80218D84	64	fn_80218D84	auto	1	0	4	0	0	0
0x80218DC4	24	fn_80218DC4	auto	0	1	0	0	0	0
0x80218DDC	1352	fn_80218DDC	auto	1	0	7	0	0	0
0x80219324	84	fn_80219324	auto	1	0	1	0	0	0
0x80219378	68	fn_80219378	auto	1	0	4	0	0	0
0x802193BC	1144	fn_802193BC	auto	1	0	15	0	0	0
0x80219834	356	fn_80219834	auto	1	0	3	0	0	0
0x80219998	308	fn_80219998	auto	0	1	0	0	1	0
0x80219ACC	88	fn_80219ACC	auto	1	0	1	0	0	0
0x80219B24	88	fn_80219B24	auto	1	0	1	0	0	0
0x80219B7C	264	fn_80219B7C	auto	1	0	3	0	0	0
0x80219C84	244	fn_80219C84	auto	1	0	8	0	0	0
0x80219D78	716	fn_80219D78	auto	1	0	15	0	0	0
0x8021A044	40	fn_8021A044	auto	1	0	1	0	0	0
0x8021A06C	40	fn_8021A06C	auto	1	0	1	0	0	0
0x8021A094	8	fn_8021A094	auto	0	1	0	0	0	0
0x8021A09C	32	fn_8021A09C	auto	0	1	0	0	0	0
0x8021A0BC	32	fn_8021A0BC	auto	0	1	0	0	0	0
0x8021A0DC	32	fn_8021A0DC	auto	0	1	0	0	0	0
0x8021A0FC	32	fn_8021A0FC	auto	0	1	0	0	0	0
0x8021A11C	168	fn_8021A11C	auto	0	1	0	0	0	0
0x8021A1C4	236	fn_8021A1C4	auto	1	0	1	0	0	0
0x8021A2B0	832	fn_8021A2B0	auto	0	1	0	0	0	0
0x8021A5F0	24	fn_8021A5F0	auto	0	1	0	0	0	0
0x8021A608	24	fn_8021A608	auto	0	1	0	0	0	0
0x8021A620	200	fn_8021A620	auto	1	0	1	0	0	0
0x8021A6E8	200	fn_8021A6E8	auto	1	0	1	0	0	0
0x8021A7B0	140	fn_8021A7B0	auto	1	0	1	0	0	0
0x8021A83C	68	fn_8021A83C	auto	0	1	0	0	0	0
0x8021A880	192	fn_8021A880	auto	1	0	1	0	0	0
0x8021A940	132	fn_8021A940	auto	0	1	0	0	0	0
0x8021A9C4	132	fn_8021A9C4	auto	0	1	0	0	0	0
0x8021AA48	280	fn_8021AA48	auto	1	0	1	0	0	0
0x8021AB60	192	fn_8021AB60	auto	1	0	1	0	0	0
0x8021AC20	192	fn_8021AC20	auto	1	0	1	0	0	0
0x8021ACE0	192	fn_8021ACE0	auto	1	0	1	0	0	0
0x8021ADA0	200	fn_8021ADA0	auto	1	0	1	0	0	0
0x8021AE68	300	fn_8021AE68	auto	1	0	2	0	0	0
0x8021AF94	568	fn_8021AF94	auto	1	0	8	0	0	0
0x8021B1CC	232	fn_8021B1CC	auto	1	0	2	0	0	0
0x8021B2B4	256	fn_8021B2B4	auto	1	0	2	0	0	0
0x8021B3B4	256	fn_8021B3B4	auto	1	0	2	0	0	0
0x8021B4B4	400	fn_8021B4B4	auto	1	0	4	0	0	0
0x8021B644	728	fn_8021B644	auto	1	0	6	0	0	0
0x8021B91C	464	fn_8021B91C	auto	1	0	5	0	0	0
0x8021BAEC	656	fn_8021BAEC	auto	1	0	5	0	0	0
0x8021BD7C	340	fn_8021BD7C	auto	1	0	7	0	0	0
0x8021BED0	176	fn_8021BED0	auto	0	1	0	0	0	0
0x8021BF80	316	fn_8021BF80	auto	1	0	5	0	0	0
0x8021C0BC	688	fn_8021C0BC	auto	1	0	7	0	0	0
0x8021C36C	360	fn_8021C36C	auto	1	0	2	0	0	0
0x8021C4D4	344	fn_8021C4D4	auto	1	0	2	0	0	0
0x8021C62C	4124	fn_8021C62C	auto	1	0	20	0	1	0
0x8021D648	656	fn_8021D648	auto	1	0	8	0	0	0
0x8021D8D8	912	fn_8021D8D8	auto	1	0	8	0	0	0
0x8021DC68	2804	fn_8021DC68	auto	1	0	9	0	0	0
0x8021E75C	496	fn_8021E75C	auto	1	0	9	0	0	0
0x8021E94C	504	fn_8021E94C	auto	1	1	0	0	0	0
0x8021EB44	668	fn_8021EB44	auto	1	0	1	0	0	0
0x8021EDE0	60	fn_8021EDE0	auto	1	0	1	0	0	0
0x8021EE1C	216	fn_8021EE1C	auto	1	0	1	0	0	0
0x8021EEF4	140	fn_8021EEF4	auto	0	1	0	0	0	0
0x8021EF80	364	fn_8021EF80	auto	0	1	0	0	1	0
0x8021F0EC	580	fn_8021F0EC	auto	1	0	6	0	0	0
0x8021F330	1400	fn_8021F330	auto	1	0	12	0	0	0
0x8021F8A8	948	fn_8021F8A8	auto	1	0	7	0	0	0
0x8021FC5C	1048	fn_8021FC5C	auto	1	0	7	0	0	0
0x80220074	1364	fn_80220074	auto	1	0	11	0	0	0
0x802205C8	24	fn_802205C8	auto	0	1	0	0	0	0
0x802205E0	1332	fn_802205E0	auto	1	0	7	0	0	0
0x80220B14	1332	fn_80220B14	auto	1	0	7	0	0	0
0x80221048	736	fn_80221048	auto	1	1	0	0	0	0
0x80221328	1924	fn_80221328	auto	1	0	3	0	0	0
0x80221AAC	600	fn_80221AAC	auto	1	0	2	0	0	0
0x80221D04	288	fn_80221D04	auto	1	0	1	0	0	0
0x80221E24	184	fn_80221E24	auto	1	0	2	0	0	0
0x80221EDC	308	fn_80221EDC	auto	1	0	6	0	0	0
0x80222010	280	fn_80222010	auto	1	0	1	0	0	0
0x80222128	252	fn_80222128	auto	1	0	1	0	0	0
0x80222224	448	fn_80222224	auto	1	0	3	0	0	0
0x802223E4	240	fn_802223E4	auto	1	0	3	0	0	0
0x802224D4	236	fn_802224D4	auto	1	0	3	0	0	0
0x802225C0	232	fn_802225C0	auto	1	0	3	0	0	0
0x802226A8	400	fn_802226A8	auto	1	0	2	0	0	0
0x80222838	228	fn_80222838	auto	1	0	4	0	0	0
0x8022291C	20	fn_8022291C	auto	0	1	0	0	0	0
0x80222930	52	fn_80222930	auto	1	0	2	0	0	0
0x80222964	148	fn_80222964	auto	0	1	0	0	0	0
0x802229F8	312	fn_802229F8	auto	0	1	0	0	0	0
0x80222B30	336	fn_80222B30	auto	1	0	3	0	0	0
0x80222C80	384	fn_80222C80	auto	1	0	5	0	0	0
0x80222E00	276	fn_80222E00	auto	1	0	1	0	0	0
0x80222F14	248	fn_80222F14	auto	1	0	1	0	0	0
0x8022300C	248	fn_8022300C	auto	1	0	1	0	0	0
0x80223104	144	fn_80223104	auto	1	0	1	0	0	0
0x80223194	148	fn_80223194	auto	1	0	1	0	0	0
0x80223228	252	fn_80223228	auto	0	1	0	0	0	0
0x80223324	200	fn_80223324	auto	1	0	1	0	0	0
0x802233EC	232	fn_802233EC	auto	1	0	10	0	0	0
0x802234D4	340	fn_802234D4	auto	1	0	10	0	0	0
0x80223628	340	fn_80223628	auto	1	0	6	0	0	0
0x8022377C	360	fn_8022377C	auto	1	0	10	0	0	0
0x802238E4	104	fn_802238E4	auto	1	0	2	0	0	0
0x8022394C	88	fn_8022394C	auto	0	1	0	0	0	0
0x802239A4	144	fn_802239A4	auto	0	1	0	0	0	0
0x80223A34	340	fn_80223A34	auto	1	0	2	0	0	0
0x80223B88	1068	fn_80223B88	auto	1	0	6	0	0	0
0x80223FB4	140	fn_80223FB4	auto	0	1	0	0	0	0
0x80224040	368	fn_80224040	auto	1	0	3	0	0	0
0x802241B0	444	fn_802241B0	auto	1	0	2	0	0	0
0x8022436C	240	fn_8022436C	auto	1	0	1	0	0	0
0x8022445C	300	fn_8022445C	auto	1	0	2	0	0	0
0x80224588	236	fn_80224588	auto	1	0	1	0	0	0
0x80224674	244	fn_80224674	auto	1	0	1	0	0	0
0x80224768	284	fn_80224768	auto	1	0	10	0	0	0
0x80224884	328	fn_80224884	auto	1	0	2	0	0	0
0x802249CC	828	fn_802249CC	auto	1	0	1	0	0	0
0x80224D08	544	fn_80224D08	auto	1	0	1	0	0	0
0x80224F28	444	fn_80224F28	auto	1	0	14	0	0	0
0x802250E4	588	fn_802250E4	auto	1	0	2	0	0	0
0x80225330	368	fn_80225330	auto	1	0	3	0	0	0
0x802254A0	512	fn_802254A0	auto	1	0	1	0	0	0
0x802256A0	540	fn_802256A0	auto	1	0	2	0	0	0
0x802258BC	116	fn_802258BC	auto	1	0	1	0	0	0
0x80225930	40	fn_80225930	auto	0	1	0	0	0	0
0x80225958	540	fn_80225958	auto	1	0	1	0	0	0
0x80225B74	312	fn_80225B74	auto	1	0	1	0	0	0
0x80225CAC	428	fn_80225CAC	auto	1	0	1	0	0	0
0x80225E58	132	fn_80225E58	auto	0	1	0	0	0	0
0x80225EDC	124	fn_80225EDC	auto	1	0	1	0	0	0
0x80225F58	132	fn_80225F58	auto	1	0	2	0	0	0
0x80225FDC	132	fn_80225FDC	auto	1	0	1	0	0	0
0x80226060	136	fn_80226060	auto	1	1	0	0	0	0
0x802260E8	56	fn_802260E8	auto	1	1	0	0	0	0
0x80226120	80	fn_80226120	auto	1	0	2	0	0	0
0x80226170	208	fn_80226170	auto	1	0	3	0	0	0
0x80226240	20	fn_80226240	auto	0	1	0	0	0	0
0x80226254	20	fn_80226254	auto	0	1	0	0	0	0
0x80226268	48	fn_80226268	auto	1	0	1	0	0	0
0x80226298	24	fn_80226298	auto	0	1	0	0	0	0
0x802262B0	24	fn_802262B0	auto	0	1	0	0	0	0
0x802262C8	20	fn_802262C8	auto	0	1	0	0	0	0
0x802262DC	20	fn_802262DC	auto	0	1	0	0	0	0
0x802262F0	20	fn_802262F0	auto	0	1	0	0	0	0
0x80226304	20	fn_80226304	auto	0	1	0	0	0	0
0x80226318	28	fn_80226318	auto	0	1	0	0	0	0
0x80226334	32	fn_80226334	auto	0	1	0	0	0	0
0x80226354	56	fn_80226354	auto	0	1	0	0	0	0
0x8022638C	160	fn_8022638C	auto	1	0	1	0	0	0
0x8022642C	580	fn_8022642C	auto	1	0	2	0	0	0
0x80226670	148	fn_80226670	auto	1	0	1	0	0	0
0x80226704	168	fn_80226704	auto	1	0	1	0	0	0
0x802267AC	156	fn_802267AC	auto	1	0	1	0	0	0
0x80226848	160	fn_80226848	auto	1	0	1	0	0	0
0x802268E8	148	fn_802268E8	auto	1	0	1	0	0	0
0x8022697C	8	fn_8022697C	auto	0	1	0	0	0	0
0x80226984	356	fn_80226984	auto	1	0	1	0	0	0
0x80226AE8	232	fn_80226AE8	auto	0	1	0	0	0	0
0x80226BD0	324	fn_80226BD0	auto	1	0	7	0	0	0
0x80226D14	176	fn_80226D14	auto	1	0	9	0	0	0
0x80226DC4	312	fn_80226DC4	auto	1	0	2	0	0	0
0x80226EFC	364	fn_80226EFC	auto	1	0	4	0	0	0
0x80227068	512	fn_80227068	auto	1	0	7	0	0	0
0x80227268	376	fn_80227268	auto	1	0	4	0	0	0
0x802273E0	452	fn_802273E0	auto	1	0	3	0	0	0
0x802275A4	620	fn_802275A4	auto	1	0	4	0	0	0
0x80227810	736	fn_80227810	auto	1	0	14	0	0	0
0x80227AF0	620	fn_80227AF0	auto	1	0	6	0	0	0
0x80227D5C	280	fn_80227D5C	auto	1	0	4	0	0	0
0x80227E74	16	fn_80227E74	auto	0	1	0	0	0	0
0x80227E84	400	fn_80227E84	auto	0	1	0	0	0	0
0x80228014	104	fn_80228014	auto	1	0	2	0	0	0
0x8022807C	88	fn_8022807C	auto	1	0	1	0	0	0
0x802280D4	232	fn_802280D4	auto	1	0	3	0	0	0
0x802281BC	32	fn_802281BC	auto	1	0	1	0	0	0
0x802281DC	96	fn_802281DC	auto	0	1	0	0	0	0
0x8022823C	40	fn_8022823C	auto	1	0	1	0	0	0
0x80228264	40	fn_80228264	auto	1	0	1	0	0	0
0x8022828C	28	fn_8022828C	auto	0	1	0	0	0	0
0x802282A8	8	fn_802282A8	auto	0	1	0	0	0	0
0x802282B0	12	fn_802282B0	auto	0	1	0	0	0	0
0x802282BC	184	fn_802282BC	auto	1	0	1	0	0	0
0x80228374	40	fn_80228374	auto	1	0	1	0	0	0
0x8022839C	124	fn_8022839C	auto	1	0	2	0	0	0
0x80228418	20	fn_80228418	auto	0	1	0	0	0	0
0x8022842C	384	fn_8022842C	auto	1	0	1	0	0	0
0x802285AC	528	fn_802285AC	auto	1	0	1	0	0	0
0x802287BC	56	fn_802287BC	auto	0	1	0	0	0	0
0x802287F4	288	fn_802287F4	auto	1	1	0	0	0	0
0x80228914	12	fn_80228914	auto	0	1	0	0	0	0
0x80228920	8	fn_80228920	auto	0	1	0	0	0	0
0x80228928	8	fn_80228928	auto	0	1	0	0	0	0
0x80228930	12	fn_80228930	auto	0	1	0	0	0	0
0x8022893C	12	fn_8022893C	auto	0	1	0	0	0	0
0x80228948	60	fn_80228948	auto	0	1	0	0	0	0
0x80228984	40	fn_80228984	auto	1	0	1	0	0	0
0x802289AC	116	fn_802289AC	auto	1	0	3	0	0	0
0x80228A20	120	fn_80228A20	auto	1	0	1	0	0	0
0x80228A98	56	fn_80228A98	auto	1	0	1	0	0	0
0x80228AD0	4	fn_80228AD0	auto	0	1	0	0	0	0
0x80228AD4	108	fn_80228AD4	auto	1	0	3	0	0	0
0x80228B40	52	fn_80228B40	auto	1	0	2	0	0	0
0x80228B74	112	fn_80228B74	auto	1	0	6	0	0	0
0x80228BE4	108	fn_80228BE4	auto	1	0	5	0	0	0
0x80228C50	432	fn_80228C50	auto	1	0	7	0	0	0
0x80228E00	804	fn_80228E00	auto	1	0	13	0	0	0
0x80229124	700	fn_80229124	auto	1	0	14	0	0	0
0x802293E0	496	fn_802293E0	auto	1	0	9	0	0	0
0x802295D0	396	fn_802295D0	auto	1	0	2	0	0	0
0x8022975C	104	fn_8022975C	auto	1	0	1	0	0	0
0x802297C4	1064	fn_802297C4	auto	1	0	23	0	0	0
0x80229BEC	392	fn_80229BEC	auto	1	0	2	0	0	0
0x80229D74	224	fn_80229D74	auto	1	0	4	0	0	0
0x80229E54	1032	fn_80229E54	auto	1	0	20	0	0	0
0x8022A25C	64	fn_8022A25C	auto	1	0	4	0	0	0
0x8022A29C	72	fn_8022A29C	auto	1	0	5	0	0	0
0x8022A2E4	136	fn_8022A2E4	auto	1	0	3	0	0	0
0x8022A36C	32	fn_8022A36C	auto	0	1	0	0	0	0
0x8022A38C	224	fn_8022A38C	auto	1	0	7	0	0	0
0x8022A46C	220	fn_8022A46C	auto	1	0	7	0	0	0
0x8022A548	136	fn_8022A548	auto	1	0	5	0	0	0
0x8022A5D0	188	fn_8022A5D0	auto	1	0	3	0	0	0
0x8022A68C	156	fn_8022A68C	auto	1	0	10	0	0	0
0x8022A728	204	fn_8022A728	auto	1	0	4	0	0	0
0x8022A7F4	48	fn_8022A7F4	auto	1	0	1	0	0	0
0x8022A824	48	fn_8022A824	auto	1	0	1	0	0	0
0x8022A854	920	fn_8022A854	auto	1	0	15	0	0	0
0x8022ABEC	188	fn_8022ABEC	auto	1	0	1	0	0	0
0x8022ACA8	348	fn_8022ACA8	auto	1	0	6	0	0	0
0x8022AE04	132	fn_8022AE04	auto	0	1	0	0	0	0
0x8022AE88	12	fn_8022AE88	auto	0	1	0	0	0	0
0x8022AE94	316	fn_8022AE94	auto	1	0	5	0	0	0
0x8022AFD0	64	fn_8022AFD0	auto	1	0	1	0	0	0
0x8022B010	4	fn_8022B010	auto	0	1	0	0	0	0
0x8022B014	24	fn_8022B014	auto	0	1	0	0	0	0
0x8022B02C	56	fn_8022B02C	auto	1	0	1	0	0	0
0x8022B064	24	fn_8022B064	auto	0	1	0	0	0	0
0x8022B07C	56	fn_8022B07C	auto	1	0	1	0	0	0
0x8022B0B4	4	fn_8022B0B4	auto	0	1	0	0	0	0
0x8022B0B8	112	fn_8022B0B8	auto	1	0	4	0	0	0
0x8022B128	188	fn_8022B128	auto	1	0	3	0	0	0
0x8022B1E4	116	fn_8022B1E4	auto	1	0	1	0	0	0
0x8022B258	192	fn_8022B258	auto	1	0	3	0	0	0
0x8022B318	448	fn_8022B318	auto	1	0	5	0	0	0
0x8022B4D8	540	fn_8022B4D8	auto	1	0	2	0	0	0
0x8022B6F4	276	fn_8022B6F4	auto	1	0	3	0	0	0
0x8022B808	180	fn_8022B808	auto	1	0	6	0	0	0
0x8022B8BC	164	fn_8022B8BC	auto	1	0	2	0	0	0
0x8022B960	72	fn_8022B960	auto	1	0	2	0	0	0
0x8022B9A8	52	fn_8022B9A8	auto	1	0	1	0	0	0
0x8022B9DC	52	fn_8022B9DC	auto	1	0	1	0	0	0
0x8022BA10	72	fn_8022BA10	auto	1	0	1	0	0	0
0x8022BA58	72	fn_8022BA58	auto	1	0	1	0	0	0
0x8022BAA0	188	fn_8022BAA0	auto	1	0	2	0	0	0
0x8022BB5C	56	fn_8022BB5C	auto	1	0	1	0	0	0
0x8022BB94	48	fn_8022BB94	auto	1	0	1	0	0	0
0x8022BBC4	48	fn_8022BBC4	auto	1	0	1	0	0	0
0x8022BBF4	48	fn_8022BBF4	auto	1	0	1	0	0	0
0x8022BC24	64	fn_8022BC24	auto	1	0	1	0	0	0
0x8022BC64	204	fn_8022BC64	auto	1	0	2	0	0	0
0x8022BD30	80	fn_8022BD30	auto	1	0	1	0	0	0
0x8022BD80	80	fn_8022BD80	auto	1	0	1	0	0	0
0x8022BDD0	1428	fn_8022BDD0	auto	1	0	1	0	0	0
0x8022C364	264	fn_8022C364	auto	1	0	2	0	0	0
0x8022C46C	256	fn_8022C46C	auto	1	0	2	0	0	0
0x8022C56C	1128	fn_8022C56C	auto	1	0	11	0	0	0
0x8022C9D4	1108	fn_8022C9D4	auto	1	0	11	0	0	0
0x8022CE28	976	fn_8022CE28	auto	1	0	6	0	0	0
0x8022D1F8	340	fn_8022D1F8	auto	1	0	4	0	0	0
0x8022D34C	56	fn_8022D34C	auto	0	1	0	0	0	0
0x8022D384	1600	fn_8022D384	auto	1	0	13	0	1	0
0x8022D9C4	292	fn_8022D9C4	auto	1	0	1	0	0	0
0x8022DAE8	224	fn_8022DAE8	auto	1	0	1	0	0	0
0x8022DBC8	252	fn_8022DBC8	auto	1	0	1	0	0	0
0x8022DCC4	824	fn_8022DCC4	auto	1	0	4	0	0	0
0x8022DFFC	108	fn_8022DFFC	auto	1	0	1	0	0	0
0x8022E068	292	fn_8022E068	auto	0	1	0	0	0	0
0x8022E18C	204	fn_8022E18C	auto	0	1	0	0	0	0
0x8022E258	628	fn_8022E258	auto	1	0	1	0	1	0
0x8022E4CC	616	fn_8022E4CC	auto	1	0	1	0	1	0
0x8022E734	452	fn_8022E734	auto	1	1	0	0	0	0
0x8022E8F8	108	fn_8022E8F8	auto	1	0	2	0	0	0
0x8022E964	1524	fn_8022E964	auto	1	0	3	0	0	0
0x8022EF58	180	fn_8022EF58	auto	1	0	1	0	0	0
0x8022F00C	36	fn_8022F00C	auto	1	0	1	0	0	0
0x8022F030	32	fn_8022F030	auto	1	0	1	0	0	0
0x8022F050	124	fn_8022F050	auto	1	0	2	0	0	0
0x8022F0CC	828	fn_8022F0CC	auto	1	0	2	0	0	0
0x8022F408	376	fn_8022F408	auto	1	0	1	0	1	0
0x8022F580	204	fn_8022F580	auto	1	0	1	0	0	0
0x8022F64C	108	fn_8022F64C	auto	1	0	2	0	0	0
0x8022F6B8	1580	fn_8022F6B8	auto	1	0	3	0	0	0
0x8022FCE4	188	fn_8022FCE4	auto	1	0	1	0	0	0
0x8022FDA0	848	fn_8022FDA0	auto	1	0	3	0	0	0
0x802300F0	176	fn_802300F0	auto	1	0	1	0	0	0
0x802301A0	224	fn_802301A0	auto	1	0	1	0	0	0
0x80230280	948	fn_80230280	auto	1	0	2	0	0	0
0x80230634	440	fn_80230634	auto	1	0	3	0	0	0
0x802307EC	32	fn_802307EC	auto	1	0	1	0	0	0
0x8023080C	276	fn_8023080C	auto	1	0	3	0	0	0
0x80230920	692	fn_80230920	auto	1	0	2	0	0	0
0x80230BD4	316	fn_80230BD4	auto	0	1	0	0	0	0
0x80230D10	312	fn_80230D10	auto	0	1	0	0	0	0
0x80230E48	220	fn_80230E48	auto	0	1	0	0	0	0
0x80230F24	4	fn_80230F24	auto	0	1	0	0	0	0
0x80230F28	32	fn_80230F28	auto	1	0	1	0	0	0
0x80230F48	36	fn_80230F48	auto	1	0	2	0	0	0
0x80230F6C	96	fn_80230F6C	auto	1	0	3	0	0	0
0x80230FCC	208	fn_80230FCC	auto	1	0	5	0	0	0
0x8023109C	176	fn_8023109C	auto	1	0	1	0	0	0
0x8023114C	532	fn_8023114C	auto	1	0	15	0	0	0
0x80231360	460	fn_80231360	auto	1	0	6	0	0	0
0x8023152C	348	fn_8023152C	auto	1	0	2	0	0	0
0x80231688	420	fn_80231688	auto	1	0	11	0	0	0
0x8023182C	436	fn_8023182C	auto	1	0	7	0	0	0
0x802319E0	8	PPCMfmsr	dtk	0	1	0	0	0	0
0x802319E8	8	PPCMtmsr	dtk	0	1	0	0	0	0
0x802319F0	8	PPCMfhid0	dtk	0	1	0	0	0	0
0x802319F8	8	fn_802319F8	auto	0	1	0	0	0	0
0x80231A00	8	PPCMfl2cr	dtk	0	1	0	0	0	0
0x80231A08	8	PPCMtl2cr	dtk	0	1	0	0	0	0
0x80231A10	8	PPCMtdec	dtk	0	1	0	0	0	0
0x80231A18	8	fn_80231A18	auto	0	1	0	0	0	0
0x80231A20	20	PPCHalt	dtk	0	1	0	0	0	0
0x80231A34	32	PPCMffpscr	dtk	1	1	0	0	0	0
0x80231A54	40	PPCMtfpscr	dtk	1	1	0	0	0	0
0x80231A7C	8	PPCMfhid2	dtk	0	1	0	0	0	0
0x80231A84	8	PPCMthid2	dtk	0	1	0	0	0	0
0x80231A8C	12	fn_80231A8C	auto	0	1	0	0	0	0
0x80231A98	8	PPCMtwpar	dtk	0	1	0	0	0	0
0x80231AA0	40	PPCDisableSpeculation	dtk	1	0	2	0	0	0
0x80231AC8	8	PPCSetFpNonIEEEMode	dtk	0	1	0	0	0	0
0x80231AD0	40	OSGetConsoleType	dtk	0	1	0	0	0	0
0x80231AF8	296	ClearArena	dtk	1	0	4	0	0	0
0x80231C20	60	InquiryCallback	dtk	0	1	0	0	0	0
0x80231C5C	888	OSInit	dtk	1	0	32	0	0	0
0x80231FD4	640	OSExceptionInit	dtk	1	0	6	0	0	0
0x80232254	36	__OSDBIntegrator	dtk	0	1	0	0	0	0
0x80232278	32	fn_80232278	auto	0	0	1	0	0	0
0x8023227C	28	__OSSetExceptionHandler	dtk	0	1	0	0	0	0
0x80232298	20	__OSGetExceptionHandler	dtk	0	1	0	0	0	0
0x802322AC	152	OSExceptionVector	dtk	0	1	0	0	0	0
0x80232304	64	fn_80232304	auto	0	1	0	0	0	0
0x80232314	48	fn_80232314	auto	0	1	0	0	0	0
0x80232344	92	fn_80232344	auto	1	0	0	1	0	0
0x80232348	88	OSDefaultExceptionHandler	dtk	1	0	0	1	0	0
0x802323A0	56	__OSPSInit	dtk	1	0	3	0	0	0
0x802323D8	20	fn_802323D8	auto	0	1	0	0	0	0
0x802323EC	44	OSRegisterVersion	dtk	1	0	1	0	0	0
0x80232418	76	OSInitAlarm	dtk	1	0	2	0	0	0
0x80232464	16	OSCreateAlarm	dtk	0	1	0	0	0	0
0x80232474	592	InsertAlarm	dtk	1	0	3	0	0	0
0x802326C4	104	OSSetAlarm	dtk	1	0	4	0	0	0
0x8023272C	124	fn_8023272C	auto	1	0	4	0	0	0
0x802327A8	284	fn_802327A8	auto	1	0	4	0	0	0
0x80232AF4	640	DecrementerExceptionHandler	dtk	1	0	9	0	0	0
0x80232B44	8	OSGetArenaHi	dtk	0	1	0	0	0	0
0x80232B4C	8	OSGetArenaLo	dtk	0	1	0	0	0	0
0x80232B54	8	OSSetArenaHi	dtk	0	1	0	0	0	0
0x80232B5C	8	OSSetArenaLo	dtk	0	1	0	0	0	0
0x80232B64	44	fn_80232B64	auto	0	1	0	0	0	0
0x80232B90	444	__OSInitAudioSystem	dtk	1	0	4	0	0	0
0x80232D4C	216	__OSStopAudioSystem	dtk	1	0	1	0	0	0
0x80232E24	20	DCEnable	dtk	0	1	0	0	0	0
0x80232E38	44	DCInvalidateRange	dtk	0	1	0	0	0	0
0x80232E64	48	DCFlushRange	dtk	0	1	0	0	0	0
0x80232E94	48	fn_80232E94	auto	0	1	0	0	0	0
0x80232EC4	44	DCFlushRangeNoSync	dtk	0	1	0	0	0	0
0x80232EF0	44	fn_80232EF0	auto	0	1	0	0	0	0
0x80232F1C	52	ICInvalidateRange	dtk	0	1	0	0	0	0
0x80232F50	16	ICFlashInvalidate	dtk	0	1	0	0	0	0
0x80232F60	20	ICEnable	dtk	0	1	0	0	0	0
0x80232F74	40	LCDisable	dtk	0	1	0	0	0	0
0x80232F9C	152	L2GlobalInvalidate	dtk	1	0	3	0	0	0
0x80233034	352	DMAErrorHandler	dtk	1	0	5	0	0	0
0x80233194	244	__OSCacheInit	dtk	1	0	10	0	0	0
0x80233288	292	__OSLoadFPUContext	dtk	0	1	0	0	0	0
0x802333AC	296	__OSSaveFPUContext	dtk	0	1	0	0	0	0
0x802334D4	8	OSSaveFPUContext	dtk	0	0	0	1	0	0
0x802334DC	92	OSSetCurrentContext	dtk	0	1	0	0	0	0
0x80233538	12	fn_80233538	auto	0	1	0	0	0	0
0x80233544	128	fn_80233544	auto	0	1	0	0	0	0
0x802335C4	216	OSLoadContext	dtk	0	1	0	0	0	0
0x8023369C	8	fn_8023369C	auto	0	1	0	0	0	0
0x802336A4	48	fn_802336A4	auto	0	1	0	0	0	0
0x802336D4	36	OSClearContext	dtk	0	1	0	0	0	0
0x802336F8	680	OSDumpContext	dtk	1	0	5	0	0	0
0x802339A0	132	OSSwitchFPUContext	dtk	0	0	2	0	0	0
0x80233A24	72	__OSContextInit	dtk	1	0	2	0	0	0
0x80233A6C	536	OSSetErrorHandler	dtk	1	0	6	0	0	0
0x80233C84	744	__OSUnhandledException	dtk	1	0	13	0	1	0
0x80233F6C	988	fn_80233F6C	auto	1	0	1	0	0	0
0x80234348	252	fn_80234348	auto	1	0	3	0	0	0
0x80234444	252	fn_80234444	auto	1	0	19	0	0	0
0x80234540	1544	fn_80234540	auto	1	0	17	0	0	0
0x80234B48	412	fn_80234B48	auto	1	0	1	0	0	0
0x80234CE4	372	fn_80234CE4	auto	1	1	0	0	0	0
0x80234E58	88	fn_80234E58	auto	0	1	0	0	0	0
0x80234EB0	140	fn_80234EB0	auto	1	0	1	0	0	0
0x80234F3C	820	fn_80234F3C	auto	1	0	4	0	0	0
0x80235270	772	fn_80235270	auto	1	0	1	0	0	0
0x80235574	20	OSDisableInterrupts	dtk	0	1	0	0	0	0
0x80235580	8	fn_80235580	auto	0	1	0	0	0	0
0x80235588	20	OSEnableInterrupts	dtk	0	1	0	0	0	0
0x8023559C	36	OSRestoreInterrupts	dtk	0	1	0	0	0	0
0x802355C0	28	__OSSetInterruptHandler	dtk	0	1	0	0	0	0
0x802355DC	20	fn_802355DC	auto	0	1	0	0	0	0
0x802355F0	116	__OSInterruptInit	dtk	1	0	3	0	0	0
0x80235664	728	fn_80235664	auto	0	1	0	0	0	0
0x8023593C	136	__OSMaskInterrupts	dtk	1	0	3	0	0	0
0x802359C4	136	__OSUnmaskInterrupts	dtk	1	0	3	0	0	0
0x80235D90	916	ExternalInterruptHandler	dtk	1	0	5	0	0	0
0x80235DE0	24	__OSModuleInit	dtk	0	1	0	0	0	0
0x80235DF8	12	fn_80235DF8	auto	0	1	0	0	0	0
0x80235E04	12	fn_80235E04	auto	0	1	0	0	0	0
0x80235E10	60	fn_80235E10	auto	1	0	1	0	0	0
0x80235E4C	108	MEMIntrruptHandler	dtk	1	0	1	0	0	0
0x80235EB8	128	Config24MB	dtk	0	1	0	0	0	0
0x80235F38	128	Config48MB	dtk	0	1	0	0	0	0
0x80235FB8	24	RealMode	dtk	0	1	0	0	0	0
0x80235FD0	288	__OSInitMemoryProtection	dtk	1	0	7	0	0	0
0x802360F0	112	fn_802360F0	auto	1	0	1	0	0	0
0x80236160	16	fn_80236160	auto	0	1	0	0	0	0
0x80236170	12	fn_80236170	auto	0	1	0	0	0	0
0x8023617C	456	__OSReboot	dtk	1	0	15	0	0	0
0x80236344	132	OSRegisterResetFunction	dtk	0	1	0	0	0	0
0x802363C8	140	fn_802363C8	auto	1	0	1	0	0	0
0x80236454	112	Reset	dtk	0	1	0	0	0	0
0x802364C4	72	fn_802364C4	auto	1	0	3	0	0	0
0x8023650C	632	OSResetSystem	dtk	1	0	14	0	0	0
0x80236784	48	OSGetResetCode	dtk	0	1	0	0	0	0
0x802367B4	244	__OSResetSWInterruptHandler	dtk	1	0	2	0	0	0
0x802368A8	664	fn_802368A8	auto	1	0	4	0	0	0
0x80236B40	96	fn_80236B40	auto	1	0	1	0	0	0
0x80236BA0	280	fn_80236BA0	auto	1	0	7	0	0	0
0x80236CB8	308	__OSInitSram	dtk	1	0	8	0	0	0
0x80236DEC	92	__OSLockSram	dtk	1	0	2	0	0	0
0x80236E48	92	__OSLockSramEx	dtk	1	0	2	0	0	0
0x80236EA4	776	fn_80236EA4	auto	1	0	8	0	0	0
0x802371AC	36	__OSUnlockSram	dtk	1	0	1	0	0	0
0x802371D0	36	__OSUnlockSramEx	dtk	1	0	1	0	0	0
0x802371F4	16	__OSSyncSram	dtk	0	1	0	0	0	0
0x80237204	292	fn_80237204	auto	1	0	8	0	0	0
0x80237328	128	fn_80237328	auto	1	0	3	0	0	0
0x802373A8	164	fn_802373A8	auto	1	0	3	0	0	0
0x8023744C	132	fn_8023744C	auto	1	0	3	0	0	0
0x802374D0	172	fn_802374D0	auto	1	0	3	0	0	0
0x8023757C	28	fn_8023757C	auto	0	1	0	0	0	0
0x80237598	104	fn_80237598	auto	1	0	3	0	0	0
0x8023759C	100	__OSInitSystemCall	dtk	1	0	3	0	0	0
0x80237600	4	fn_80237600	auto	0	1	0	0	0	0
0x80237604	344	__OSThreadInit	dtk	1	0	4	0	0	0
0x8023775C	16	OSInitThreadQueue	dtk	0	1	0	0	0	0
0x8023776C	12	fn_8023776C	auto	0	1	0	0	0	0
0x80237778	64	OSDisableScheduler	dtk	1	0	2	0	0	0
0x802377B8	64	OSEnableScheduler	dtk	1	0	2	0	0	0
0x802377F8	104	fn_802377F8	auto	0	1	0	0	0	0
0x80237860	60	fn_80237860	auto	0	1	0	0	0	0
0x8023789C	448	fn_8023789C	auto	1	0	1	0	0	0
0x80237A5C	552	SelectThread	dtk	1	0	7	0	0	0
0x80237C84	48	__OSReschedule	dtk	1	0	1	0	0	0
0x80237CB4	444	OSCancelThread	dtk	1	0	9	0	0	0
0x80237E70	648	fn_80237E70	auto	1	0	5	0	0	0
0x802380F8	368	fn_802380F8	auto	1	0	6	0	0	0
0x80238268	236	fn_80238268	auto	1	0	3	0	0	0
0x80238354	260	fn_80238354	auto	1	0	3	0	0	0
0x80238458	172	OSClearStack	dtk	1	0	1	0	0	0
0x80238504	24	OSGetTime	dtk	0	1	0	0	0	0
0x8023851C	8	OSGetTick	dtk	0	1	0	0	0	0
0x80238524	100	__OSGetSystemTime	dtk	1	0	3	0	0	0
0x80238588	88	fn_80238588	auto	1	0	2	0	0	0
0x802385E0	412	fn_802385E0	auto	0	1	0	0	0	0
0x8023877C	516	fn_8023877C	auto	1	0	3	0	0	0
0x80238980	32	__init_user	dtk	1	0	1	0	0	0
0x802389A0	84	__init_cpp	dtk	1	1	0	0	0	0
0x802389F4	32	_ExitProcess	dtk	1	0	1	0	0	0
0x80238A14	40	DBInit	dtk	0	1	0	0	0	0
0x80238A84	88	__DBExceptionDestination	dtk	0	0	3	0	0	0
0x80238A94	28	__DBIsExceptionMarked	dtk	0	1	0	0	0	0
0x80238AB0	80	DBPrintf	dtk	1	1	0	0	0	0
0x80238B00	44	fn_80238B00	auto	0	1	0	0	0	0
0x80238B2C	52	fn_80238B2C	auto	0	1	0	0	0	0
0x80238B60	204	fn_80238B60	auto	1	1	0	0	0	0
0x80238C2C	80	fn_80238C2C	auto	0	1	0	0	0	0
0x80238C7C	248	fn_80238C7C	auto	0	1	0	0	0	0
0x80238D74	112	fn_80238D74	auto	1	0	3	0	0	0
0x80238DE4	176	fn_80238DE4	auto	0	1	0	0	0	0
0x80238E94	176	fn_80238E94	auto	0	1	0	0	0	0
0x80238F44	112	fn_80238F44	auto	1	0	3	0	0	0
0x80238FB4	52	fn_80238FB4	auto	0	1	0	0	0	0
0x80238FE8	40	fn_80238FE8	auto	0	1	0	0	0	0
0x80239010	164	fn_80239010	auto	0	1	0	0	0	0
0x802390B4	84	fn_802390B4	auto	0	1	0	0	0	0
0x80239108	140	fn_80239108	auto	0	1	0	0	0	0
0x80239194	84	fn_80239194	auto	0	1	0	0	0	0
0x802391E8	136	fn_802391E8	auto	0	1	0	0	0	0
0x80239270	156	fn_80239270	auto	0	1	0	0	0	0
0x8023930C	152	fn_8023930C	auto	0	1	0	0	0	0
0x802393A4	36	fn_802393A4	auto	0	1	0	0	0	0
0x802393C8	68	fn_802393C8	auto	0	1	0	0	0	0
0x8023940C	24	fn_8023940C	auto	0	1	0	0	0	0
0x80239424	68	fn_80239424	auto	0	1	0	0	0	0
0x80239468	32	fn_80239468	auto	0	1	0	0	0	0
0x80239488	60	fn_80239488	auto	0	1	0	0	0	0
0x802394C4	372	fn_802394C4	auto	1	0	2	0	0	0
0x80239638	64	__DVDInitWA	dtk	1	0	2	0	0	0
0x80239678	736	__DVDInterruptHandler	dtk	1	0	6	0	0	0
0x80239958	132	fn_80239958	auto	1	0	2	0	0	0
0x802399DC	112	AlarmHandlerForTimeout	dtk	1	0	3	0	0	0
0x80239A4C	272	fn_80239A4C	auto	1	0	3	0	0	0
0x80239B5C	128	fn_80239B5C	auto	1	0	1	0	0	0
0x80239BDC	664	fn_80239BDC	auto	1	0	6	0	0	0
0x80239E74	148	fn_80239E74	auto	1	0	2	0	0	0
0x80239F08	44	DVDLowWaitCoverClose	dtk	0	1	0	0	0	0
0x80239F34	164	fn_80239F34	auto	1	0	2	0	0	0
0x80239FD8	140	DVDLowStopMotor	dtk	1	0	2	0	0	0
0x8023A064	140	fn_8023A064	auto	1	0	2	0	0	0
0x8023A0F0	156	fn_8023A0F0	auto	1	0	2	0	0	0
0x8023A18C	152	fn_8023A18C	auto	1	0	2	0	0	0
0x8023A224	140	fn_8023A224	auto	1	0	2	0	0	0
0x8023A2B0	156	fn_8023A2B0	auto	1	0	2	0	0	0
0x8023A34C	188	DVDLowReset	dtk	1	0	1	0	0	0
0x8023A408	20	fn_8023A408	auto	0	1	0	0	0	0
0x8023A41C	24	fn_8023A41C	auto	0	1	0	0	0	0
0x8023A434	68	__DVDLowSetWAType	dtk	1	0	2	0	0	0
0x8023A478	56	__DVDFSInit	dtk	0	1	0	0	0	0
0x8023A4B0	756	fn_8023A4B0	auto	1	0	2	0	0	0
0x8023A7A4	116	fn_8023A7A4	auto	0	1	0	0	0	0
0x8023A818	200	fn_8023A818	auto	1	0	3	0	0	0
0x8023A8E0	36	fn_8023A8E0	auto	1	0	1	0	0	0
0x8023A904	352	fn_8023A904	auto	1	0	1	0	0	0
0x8023AA64	196	fn_8023AA64	auto	1	0	1	0	0	0
0x8023AB28	96	fn_8023AB28	auto	1	0	1	0	0	0
0x8023AB88	192	DVDReadAsync	string	1	0	2	0	0	0
0x8023AC48	48	fn_8023AC48	auto	1	1	0	0	0	0
0x8023AC78	108	fn_8023AC78	auto	0	1	0	0	0	0
0x8023ACE4	4	fn_8023ACE4	auto	0	1	0	0	0	0
0x8023ACE8	204	DVDInit	dtk	1	0	9	0	0	0
0x8023ADB4	148	fn_8023ADB4	auto	1	0	2	0	0	0
0x8023AE48	140	fn_8023AE48	auto	1	0	4	0	0	0
0x8023AED4	172	cbForStateError	dtk	1	0	3	0	0	0
0x8023AF80	52	fn_8023AF80	auto	1	0	3	0	0	0
0x8023AFB4	40	fn_8023AFB4	auto	1	0	1	0	0	0
0x8023AFDC	180	fn_8023AFDC	auto	0	1	0	0	0	0
0x8023B090	660	fn_8023B090	auto	1	0	10	0	0	0
0x8023B324	104	fn_8023B324	auto	1	0	5	0	0	0
0x8023B38C	152	fn_8023B38C	auto	1	0	4	0	0	0
0x8023B424	40	fn_8023B424	auto	1	0	1	0	0	0
0x8023B44C	344	fn_8023B44C	auto	1	0	6	0	0	0
0x8023B5A4	224	fn_8023B5A4	auto	1	0	7	0	0	0
0x8023B684	52	fn_8023B684	auto	1	0	1	0	0	0
0x8023B6B8	52	fn_8023B6B8	auto	1	0	1	0	0	0
0x8023B6EC	116	fn_8023B6EC	auto	1	0	5	0	0	0
0x8023B760	56	fn_8023B760	auto	1	0	1	0	0	0
0x8023B798	276	fn_8023B798	auto	1	0	6	0	0	0
0x8023B8AC	228	fn_8023B8AC	auto	1	0	6	0	0	0
0x8023B990	252	fn_8023B990	auto	1	0	6	0	0	0
0x8023BA8C	68	AlarmHandler	dtk	1	0	3	0	0	0
0x8023BAD0	204	fn_8023BAD0	auto	1	0	5	0	0	0
0x8023BB9C	48	fn_8023BB9C	auto	1	0	1	0	0	0
0x8023BBCC	112	fn_8023BBCC	auto	1	0	5	0	0	0
0x8023BC3C	40	fn_8023BC3C	auto	1	0	1	0	0	0
0x8023BC64	228	cbForStateMotorStopped	dtk	1	0	5	0	0	0
0x8023BD48	732	stateReady	dtk	1	0	11	0	0	0
0x8023C024	800	stateBusy	dtk	1	0	9	0	1	0
0x8023C344	1592	fn_8023C344	auto	1	0	9	0	0	0
0x8023C97C	220	fn_8023C97C	auto	1	0	5	0	0	0
0x8023CA58	208	fn_8023CA58	auto	1	0	5	0	0	0
0x8023CB28	212	DVDReadDiskID	dtk	1	0	5	0	0	0
0x8023CBFC	208	DVDInquiryAsync	dtk	1	0	5	0	0	0
0x8023CCCC	68	DVDReset	dtk	1	0	1	0	0	0
0x8023CD10	76	fn_8023CD10	auto	1	0	2	0	0	0
0x8023CD5C	172	DVDGetDriveStatus	dtk	1	0	2	0	0	0
0x8023CE08	16	fn_8023CE08	auto	0	1	0	0	0	0
0x8023CE18	624	fn_8023CE18	auto	1	0	6	0	1	0
0x8023D088	172	fn_8023D088	auto	1	0	4	0	0	0
0x8023D134	36	fn_8023D134	auto	1	0	1	0	0	0
0x8023D158	8	fn_8023D158	auto	0	1	0	0	0	0
0x8023D160	228	fn_8023D160	auto	1	0	2	0	1	0
0x8023D244	284	fn_8023D244	auto	1	0	6	0	0	0
0x8023D360	56	__DVDClearWaitingQueue	dtk	0	1	0	0	0	0
0x8023D398	104	__DVDPushWaitingQueue	dtk	1	0	2	0	0	0
0x8023D400	160	__DVDPopWaitingQueue	dtk	1	0	2	0	0	0
0x8023D4A0	88	__DVDCheckWaitingQueue	dtk	1	0	2	0	0	0
0x8023D4F8	96	fn_8023D4F8	auto	1	0	2	0	0	0
0x8023D558	284	ErrorCode2Num	dtk	0	1	0	0	0	0
0x8023D674	124	__DVDStoreErrorCode	dtk	1	0	3	0	0	0
0x8023D6F0	248	fn_8023D6F0	auto	1	0	1	0	0	0
0x8023D7E8	48	fn_8023D7E8	auto	1	1	0	0	0	0
0x8023D818	216	cb	dtk	1	0	3	0	0	0
0x8023D8F0	360	__fstLoad	dtk	1	0	7	0	0	0
0x8023DA58	560	fn_8023DA58	auto	1	0	7	0	0	0
0x8023DC88	68	fn_8023DC88	auto	1	0	2	0	0	0
0x8023DCCC	68	fn_8023DCCC	auto	1	0	2	0	0	0
0x8023DD10	160	fn_8023DD10	auto	0	1	0	0	1	0
0x8023DDB0	512	fn_8023DDB0	auto	1	0	1	0	0	0
0x8023DFB0	1200	fn_8023DFB0	auto	1	0	8	0	0	0
0x8023E460	84	fn_8023E460	auto	1	0	3	0	0	0
0x8023E4B4	724	fn_8023E4B4	auto	1	1	0	0	0	0
0x8023E788	416	fn_8023E788	auto	1	1	0	0	0	0
0x8023E928	2088	fn_8023E928	auto	1	0	7	0	0	0
0x8023F150	916	fn_8023F150	auto	1	0	4	0	0	0
0x8023F4E4	304	fn_8023F4E4	auto	1	0	4	0	0	0
0x8023F614	108	fn_8023F614	auto	1	0	3	0	0	0
0x8023F680	8	fn_8023F680	auto	0	1	0	0	0	0
0x8023F688	124	fn_8023F688	auto	1	0	3	0	0	0
0x8023F704	8	fn_8023F704	auto	0	1	0	0	0	0
0x8023F70C	104	fn_8023F70C	auto	0	1	0	0	0	0
0x8023F774	168	fn_8023F774	auto	1	0	2	0	0	0
0x8023F81C	152	fn_8023F81C	auto	1	0	2	0	0	0
0x8023F8B4	104	VIGetTvFormat	dtk	1	0	2	0	1	0
0x8023F91C	424	fn_8023F91C	auto	1	1	0	0	0	0
0x8023FAC4	268	fn_8023FAC4	auto	1	0	1	0	0	0
0x8023FBD0	420	fn_8023FBD0	auto	1	0	1	0	0	0
0x8023FD74	196	fn_8023FD74	auto	1	0	6	0	0	0
0x8023FE38	192	fn_8023FE38	auto	1	0	5	0	0	0
0x8023FEF8	216	fn_8023FEF8	auto	1	0	5	0	0	0
0x8023FFD0	812	fn_8023FFD0	auto	1	0	6	0	0	0
0x802402FC	308	fn_802402FC	auto	1	0	5	0	0	0
0x80240430	256	fn_80240430	auto	1	0	5	0	0	0
0x80240530	260	fn_80240530	auto	1	0	5	0	0	0
0x80240634	536	fn_80240634	auto	1	0	11	0	0	0
0x8024084C	940	fn_8024084C	auto	1	0	11	0	0	0
0x80240BF8	164	fn_80240BF8	auto	1	0	5	0	0	0
0x80240C9C	96	fn_80240C9C	auto	0	1	0	0	0	0
0x80240CFC	372	fn_80240CFC	auto	0	1	0	0	0	0
0x80240E70	372	fn_80240E70	auto	0	1	0	0	0	0
0x80240FE4	1016	fn_80240FE4	auto	0	1	0	0	0	0
0x802413DC	404	fn_802413DC	auto	1	0	7	0	0	0
0x80241570	96	fn_80241570	auto	1	0	2	0	0	0
0x802415D0	84	fn_802415D0	auto	1	0	2	0	0	0
0x80241624	124	__PADDisableRecalibration	dtk	1	0	2	0	0	0
0x802416A0	68	fn_802416A0	auto	1	0	2	0	0	0
0x802416E4	136	fn_802416E4	auto	1	0	2	0	0	0
0x8024176C	24	fn_8024176C	auto	0	1	0	0	0	0
0x80241784	24	fn_80241784	auto	0	1	0	0	0	0
0x8024179C	216	fn_8024179C	auto	1	0	9	0	0	0
0x80241874	16	fn_80241874	auto	0	1	0	0	0	0
0x80241884	224	fn_80241884	auto	1	0	9	0	0	0
0x80241964	20	fn_80241964	auto	0	1	0	0	0	0
0x80241978	212	fn_80241978	auto	1	0	9	0	0	0
0x80241A4C	16	fn_80241A4C	auto	0	1	0	0	0	0
0x80241A5C	28	fn_80241A5C	auto	0	1	0	0	0	0
0x80241A78	16	fn_80241A78	auto	0	1	0	0	0	0
0x80241A88	28	fn_80241A88	auto	0	1	0	0	0	0
0x80241AA4	16	fn_80241AA4	auto	0	1	0	0	0	0
0x80241AB4	364	fn_80241AB4	auto	1	0	5	0	0	0
0x80241C20	124	fn_80241C20	auto	1	0	2	0	0	0
0x80241C9C	172	fn_80241C9C	auto	1	0	3	0	0	0
0x80241D48	88	fn_80241D48	auto	1	1	0	0	0	0
0x80241DA0	484	fn_80241DA0	auto	1	0	1	0	0	0
0x80241F84	68	fn_80241F84	auto	1	0	2	0	0	0
0x80241FC8	60	fn_80241FC8	auto	1	0	2	0	0	0
0x80242004	240	fn_80242004	auto	1	0	2	0	0	0
0x802420F4	196	fn_802420F4	auto	1	0	6	0	0	0
0x802421B8	8	fn_802421B8	auto	0	1	0	0	0	0
0x802421C0	8	fn_802421C0	auto	0	1	0	0	0	0
0x802421C8	120	fn_802421C8	auto	1	0	2	0	0	0
0x80242240	6132	fn_80242240	auto	1	0	4	0	0	0
0x80243A34	256	fn_80243A34	auto	1	0	1	0	0	0
0x80243B34	4	fn_80243B34	auto	0	1	0	0	0	0
0x80243B38	204	fn_80243B38	auto	1	0	2	0	0	0
0x80243C04	112	fn_80243C04	auto	1	0	2	0	0	0
0x80243C74	348	fn_80243C74	auto	1	0	4	0	0	0
0x80243DD0	32	fn_80243DD0	auto	0	1	0	0	0	0
0x80243DF0	8	fn_80243DF0	auto	0	1	0	0	0	0
0x80243DF8	16	fn_80243DF8	auto	0	1	0	0	0	0
0x80243E08	16	fn_80243E08	auto	0	1	0	0	0	0
0x80243E18	24	fn_80243E18	auto	0	1	0	0	0	0
0x80243E30	20	fn_80243E30	auto	0	1	0	0	0	0
0x80243E44	196	fn_80243E44	auto	1	0	6	0	0	0
0x80243F08	72	fn_80243F08	auto	1	0	2	0	0	0
0x80243F50	64	fn_80243F50	auto	1	0	2	0	0	0
0x80243F90	16	fn_80243F90	auto	0	1	0	0	0	0
0x80243FA0	112	fn_80243FA0	auto	1	0	4	0	0	0
0x80244010	80	fn_80244010	auto	1	1	0	0	0	0
0x80244060	1060	fn_80244060	auto	1	0	8	0	0	0
0x80244484	416	fn_80244484	auto	1	0	2	0	0	0
0x80244624	396	fn_80244624	auto	1	0	5	0	0	0
0x802447B0	160	fn_802447B0	auto	0	1	0	0	0	0
0x80244850	148	fn_80244850	auto	0	1	0	0	0	0
0x802448E4	4	fn_802448E4	auto	0	1	0	0	0	0
0x802448E8	52	fn_802448E8	auto	1	0	1	0	0	0
0x8024491C	216	fn_8024491C	auto	1	0	2	0	0	0
0x802449F4	280	fn_802449F4	auto	1	0	6	0	0	0
0x80244B0C	168	fn_80244B0C	auto	1	0	3	0	0	0
0x80244BB4	132	fn_80244BB4	auto	1	0	1	0	0	0
0x80244C38	192	fn_80244C38	auto	1	0	4	0	0	0
0x80244CF8	240	fn_80244CF8	auto	1	0	4	0	0	0
0x80244DE8	172	fn_80244DE8	auto	1	0	4	0	0	0
0x80244E94	164	fn_80244E94	auto	1	0	1	0	0	0
0x80244F38	556	fn_80244F38	auto	1	0	7	0	0	0
0x80245164	272	fn_80245164	auto	1	0	2	0	0	0
0x80245274	436	fn_80245274	auto	1	0	7	0	0	0
0x80245428	308	fn_80245428	auto	1	0	5	0	0	0
0x8024555C	284	fn_8024555C	auto	1	0	5	0	0	0
0x80245678	224	fn_80245678	auto	1	0	4	0	0	0
0x80245758	172	fn_80245758	auto	1	0	8	0	0	0
0x80245804	8	fn_80245804	auto	0	1	0	0	0	0
0x8024580C	56	fn_8024580C	auto	0	1	0	0	0	0
0x80245844	184	fn_80245844	auto	1	0	2	0	0	0
0x802458FC	100	fn_802458FC	auto	1	0	2	0	0	0
0x80245960	48	fn_80245960	auto	0	1	0	0	0	0
0x80245990	336	fn_80245990	auto	1	0	5	0	0	0
0x80245AE0	152	fn_80245AE0	auto	1	0	3	0	0	0
0x80245B78	80	fn_80245B78	auto	1	0	1	0	0	0
0x80245BC8	364	fn_80245BC8	auto	0	1	0	0	0	0
0x80245D34	324	fn_80245D34	auto	1	0	4	0	0	0
0x80245E78	196	fn_80245E78	auto	1	0	1	0	0	0
0x80245F3C	2904	fn_80245F3C	auto	1	0	7	0	0	0
0x80246A94	112	fn_80246A94	auto	1	0	2	0	0	0
0x80246B04	804	fn_80246B04	auto	1	0	6	0	0	0
0x80246E28	220	fn_80246E28	auto	1	0	2	0	0	0
0x80246F04	100	fn_80246F04	auto	1	0	1	0	0	0
0x80246F68	220	fn_80246F68	auto	1	0	2	0	0	0
0x80247044	100	fn_80247044	auto	1	0	1	0	0	0
0x802470A8	24	fn_802470A8	auto	0	1	0	0	0	0
0x802470C0	8	fn_802470C0	auto	0	1	0	0	0	0
0x802470C8	212	fn_802470C8	auto	1	0	2	0	0	0
0x8024719C	200	fn_8024719C	auto	1	0	2	0	0	0
0x80247264	280	fn_80247264	auto	1	0	1	0	0	0
0x8024737C	156	fn_8024737C	auto	1	0	1	0	0	0
0x80247418	172	fn_80247418	auto	1	0	3	0	0	0
0x802474C4	8	fn_802474C4	auto	0	1	0	0	0	0
0x802474CC	208	fn_802474CC	auto	1	0	2	0	0	0
0x8024759C	200	fn_8024759C	auto	1	0	2	0	0	0
0x80247664	196	fn_80247664	auto	1	0	3	0	0	0
0x80247728	432	fn_80247728	auto	0	1	0	0	0	0
0x802478D8	644	fn_802478D8	auto	1	0	4	0	0	0
0x80247B5C	576	fn_80247B5C	auto	1	0	1	0	0	0
0x80247D9C	644	fn_80247D9C	auto	1	0	1	0	0	0
0x80248020	140	fn_80248020	auto	1	0	3	0	0	0
0x802480AC	1424	fn_802480AC	auto	1	0	11	0	0	0
0x8024863C	204	fn_8024863C	auto	0	1	0	0	0	0
0x80248708	380	fn_80248708	auto	1	0	6	0	0	0
0x80248884	1040	fn_80248884	auto	1	0	15	0	0	0
0x80248C94	312	fn_80248C94	auto	1	0	5	0	0	0
0x80248DCC	416	fn_80248DCC	auto	1	0	8	0	0	0
0x80248F6C	156	fn_80248F6C	auto	1	0	5	0	0	0
0x80249008	172	fn_80249008	auto	1	0	6	0	0	0
0x802490B4	324	fn_802490B4	auto	1	0	4	0	0	0
0x802491F8	1624	fn_802491F8	auto	1	0	12	0	0	0
0x80249850	72	fn_80249850	auto	1	0	2	0	0	0
0x80249898	104	fn_80249898	auto	0	1	0	0	0	0
0x80249900	152	fn_80249900	auto	1	0	1	0	0	0
0x80249998	48	fn_80249998	auto	0	1	0	0	0	0
0x802499C8	336	fn_802499C8	auto	1	0	2	0	0	0
0x80249B18	376	fn_80249B18	auto	1	0	5	0	0	0
0x80249C90	84	fn_80249C90	auto	1	0	2	0	0	0
0x80249CE4	8	fn_80249CE4	auto	0	1	0	0	0	0
0x80249CEC	304	fn_80249CEC	auto	1	0	6	0	0	0
0x80249E1C	544	fn_80249E1C	auto	1	0	9	0	0	0
0x8024A03C	440	fn_8024A03C	auto	1	0	4	0	0	0
0x8024A1F4	304	fn_8024A1F4	auto	1	0	3	0	0	0
0x8024A324	328	fn_8024A324	auto	1	0	7	0	0	0
0x8024A46C	72	fn_8024A46C	auto	1	0	2	0	0	0
0x8024A4B4	368	fn_8024A4B4	auto	1	0	7	0	0	0
0x8024A624	176	fn_8024A624	auto	1	0	2	0	0	0
0x8024A6D4	276	fn_8024A6D4	auto	1	0	6	0	0	0
0x8024A7E8	164	fn_8024A7E8	auto	1	0	2	0	0	0
0x8024A88C	272	fn_8024A88C	auto	1	0	7	0	0	0
0x8024A99C	504	fn_8024A99C	auto	0	1	0	0	0	0
0x8024AB94	300	fn_8024AB94	auto	1	0	7	0	0	0
0x8024ACC0	372	fn_8024ACC0	auto	1	0	8	0	0	0
0x8024AE34	72	fn_8024AE34	auto	1	0	2	0	0	0
0x8024AE7C	188	fn_8024AE7C	auto	1	0	6	0	0	0
0x8024AF38	596	fn_8024AF38	auto	1	0	7	0	0	0
0x8024B18C	132	fn_8024B18C	auto	1	0	3	0	0	0
0x8024B210	124	fn_8024B210	auto	1	0	1	0	0	0
0x8024B28C	36	fn_8024B28C	auto	0	1	0	0	0	0
0x8024B2B0	2156	GXInit	dtk	1	0	15	0	0	0
0x8024BB1C	2244	__GXInitGX	dtk	1	0	71	0	0	0
0x8024C3E0	308	fn_8024C3E0	auto	1	0	6	0	0	0
0x8024C514	108	GXInitFifoBase	dtk	1	0	2	0	0	0
0x8024C580	112	fn_8024C580	auto	1	0	2	0	0	0
0x8024C5F0	12	fn_8024C5F0	auto	0	1	0	0	0	0
0x8024C5FC	272	GXSetCPUFifo	dtk	1	0	6	0	0	0
0x8024C70C	376	GXSetGPFifo	dtk	1	0	8	0	0	0
0x8024C884	32	fn_8024C884	auto	1	0	1	0	0	0
0x8024C8A4	220	fn_8024C8A4	auto	1	0	3	0	0	0
0x8024C980	80	fn_8024C980	auto	0	1	0	0	0	0
0x8024C9D0	8	fn_8024C9D0	auto	0	1	0	0	0	0
0x8024C9D8	8	fn_8024C9D8	auto	0	1	0	0	0	0
0x8024C9E0	76	__GXFifoInit	dtk	1	0	3	0	0	0
0x8024CA2C	36	fn_8024CA2C	auto	0	1	0	0	0	0
0x8024CA50	32	fn_8024CA50	auto	0	1	0	0	0	0
0x8024CA70	60	fn_8024CA70	auto	0	1	0	0	0	0
0x8024CAAC	60	fn_8024CAAC	auto	0	1	0	0	0	0
0x8024CAE8	60	fn_8024CAE8	auto	0	1	0	0	0	0
0x8024CB24	256	fn_8024CB24	auto	1	0	6	0	0	0
0x8024CC24	8	fn_8024CC24	auto	0	1	0	0	0	0
0x8024CC2C	8	fn_8024CC2C	auto	0	1	0	0	0	0
0x8024CC34	8	fn_8024CC34	auto	0	1	0	0	0	0
0x8024CC3C	344	fn_8024CC3C	auto	0	1	0	0	0	0
0x8024CD94	848	fn_8024CD94	auto	0	1	0	0	1	0
0x8024D0E4	84	fn_8024D0E4	auto	1	0	1	0	0	0
0x8024D138	292	fn_8024D138	auto	0	1	0	0	0	0
0x8024D25C	56	fn_8024D25C	auto	0	1	0	0	0	0
0x8024D294	856	fn_8024D294	auto	0	1	0	0	1	0
0x8024D5EC	888	fn_8024D5EC	auto	0	1	0	0	1	0
0x8024D964	156	fn_8024D964	auto	0	1	0	0	0	0
0x8024DA00	140	fn_8024DA00	auto	0	1	0	0	0	0
0x8024DA8C	16	fn_8024DA8C	auto	0	1	0	0	0	0
0x8024DA9C	720	fn_8024DA9C	auto	1	0	1	0	2	0
0x8024DD6C	64	fn_8024DD6C	auto	0	1	0	0	0	0
0x8024DDAC	108	GXSetMisc	dtk	0	1	0	0	0	0
0x8024DE18	92	fn_8024DE18	auto	1	0	2	0	0	0
0x8024DE74	52	fn_8024DE74	auto	1	0	2	0	0	0
0x8024DEA8	180	fn_8024DEA8	auto	1	0	2	0	0	0
0x8024DF5C	184	fn_8024DF5C	auto	1	0	4	0	0	0
0x8024E014	12	fn_8024E014	auto	0	1	0	0	0	0
0x8024E020	128	fn_8024E020	auto	1	0	4	0	0	0
0x8024E0A0	36	fn_8024E0A0	auto	0	1	0	0	0	0
0x8024E0C4	36	fn_8024E0C4	auto	0	1	0	0	0	0
0x8024E0E8	20	fn_8024E0E8	auto	0	1	0	0	0	0
0x8024E0FC	20	fn_8024E0FC	auto	0	1	0	0	0	0
0x8024E110	28	fn_8024E110	auto	0	1	0	0	0	0
0x8024E12C	136	fn_8024E12C	auto	0	1	0	0	0	0
0x8024E1B4	28	fn_8024E1B4	auto	0	1	0	0	0	0
0x8024E1D0	20	fn_8024E1D0	auto	0	1	0	0	0	0
0x8024E1E4	28	fn_8024E1E4	auto	0	1	0	0	0	0
0x8024E200	40	fn_8024E200	auto	0	1	0	0	0	0
0x8024E228	36	fn_8024E228	auto	0	1	0	0	0	0
0x8024E24C	136	fn_8024E24C	auto	1	0	2	0	0	0
0x8024E2D4	132	fn_8024E2D4	auto	1	0	3	0	0	0
0x8024E358	128	__GXPEInit	dtk	1	0	3	0	0	0
0x8024E3D8	160	fn_8024E3D8	auto	1	0	6	0	0	0
0x8024E478	240	fn_8024E478	auto	1	0	7	0	0	0
0x8024E568	136	fn_8024E568	auto	0	1	0	0	0	0
0x8024E5F0	72	fn_8024E5F0	auto	0	1	0	0	0	0
0x8024E638	72	fn_8024E638	auto	0	1	0	0	0	0
0x8024E680	92	fn_8024E680	auto	0	1	0	0	0	0
0x8024E6DC	76	fn_8024E6DC	auto	0	1	0	0	0	0
0x8024E728	60	fn_8024E728	auto	0	1	0	0	0	0
0x8024E764	36	fn_8024E764	auto	0	1	0	0	0	0
0x8024E788	288	fn_8024E788	auto	0	1	0	0	0	0
0x8024E8A8	144	fn_8024E8A8	auto	0	1	0	0	0	0
0x8024E938	144	fn_8024E938	auto	0	1	0	0	0	0
0x8024E9C8	60	fn_8024E9C8	auto	0	1	0	0	0	0
0x8024EA04	340	fn_8024EA04	auto	1	0	1	0	0	0
0x8024EB58	40	fn_8024EB58	auto	0	1	0	0	0	0
0x8024EB80	104	fn_8024EB80	auto	0	1	0	0	0	0
0x8024EBE8	568	fn_8024EBE8	auto	1	0	1	0	0	0
0x8024EE20	200	fn_8024EE20	auto	1	0	1	0	0	0
0x8024EEE8	104	fn_8024EEE8	auto	0	1	0	0	0	0
0x8024EF50	552	fn_8024EF50	auto	1	1	0	0	0	0
0x8024F178	28	fn_8024F178	auto	0	1	0	0	0	0
0x8024F194	348	fn_8024F194	auto	0	1	0	0	0	0
0x8024F2F0	380	fn_8024F2F0	auto	0	1	0	0	0	0
0x8024F46C	56	fn_8024F46C	auto	0	1	0	0	0	0
0x8024F4A4	28	fn_8024F4A4	auto	0	1	0	0	0	0
0x8024F4C0	16	fn_8024F4C0	auto	0	1	0	0	0	0
0x8024F4D0	28	fn_8024F4D0	auto	0	1	0	0	0	0
0x8024F4EC	400	fn_8024F4EC	auto	1	0	1	0	1	0
0x8024F67C	208	fn_8024F67C	auto	0	1	0	0	0	0
0x8024F74C	16	fn_8024F74C	auto	0	1	0	0	0	0
0x8024F75C	208	fn_8024F75C	auto	1	1	0	0	0	0
0x8024F82C	12	fn_8024F82C	auto	0	1	0	0	0	0
0x8024F838	124	fn_8024F838	auto	0	1	0	0	0	0
0x8024F8B4	244	fn_8024F8B4	auto	0	1	0	0	0	0
0x8024F9A8	244	fn_8024F9A8	auto	0	1	0	0	0	0
0x8024FA9C	68	fn_8024FA9C	auto	0	1	0	0	0	0
0x8024FAE0	204	fn_8024FAE0	auto	0	1	0	0	0	0
0x8024FBAC	348	fn_8024FBAC	auto	1	1	0	0	1	0
0x8024FD08	200	fn_8024FD08	auto	0	1	0	0	1	0
0x8024FDD0	628	fn_8024FDD0	auto	1	0	1	0	1	0
0x80250044	72	fn_80250044	auto	1	0	1	0	0	0
0x8025008C	404	fn_8025008C	auto	1	1	0	0	0	0
0x80250220	8	fn_80250220	auto	0	1	0	0	0	0
0x80250228	228	fn_80250228	auto	1	1	0	0	0	0
0x8025030C	408	fn_8025030C	auto	1	1	0	0	0	0
0x802504A4	84	fn_802504A4	auto	1	0	1	0	0	0
0x802504F8	72	fn_802504F8	auto	0	1	0	0	0	0
0x80250540	156	fn_80250540	auto	1	0	1	0	0	0
0x802505DC	288	GXInitTexCacheRegion	dtk	0	1	0	0	0	0
0x802506FC	72	GXInitTlutRegion	dtk	0	1	0	0	0	0
0x80250744	268	fn_80250744	auto	1	0	1	0	0	0
0x80250850	72	fn_80250850	auto	1	0	1	0	0	0
0x80250898	20	fn_80250898	auto	0	1	0	0	0	0
0x802508AC	20	fn_802508AC	auto	0	1	0	0	0	0
0x802508C0	184	fn_802508C0	auto	0	1	0	0	0	0
0x80250978	380	fn_80250978	auto	1	0	1	0	0	0
0x80250AF4	576	__GXSetTmemConfig	dtk	1	1	0	0	0	0
0x80250D34	156	fn_80250D34	auto	1	1	0	0	0	0
0x80250DD0	380	fn_80250DD0	auto	0	1	0	0	0	0
0x80250F4C	40	fn_80250F4C	auto	0	1	0	0	0	0
0x80250F74	72	fn_80250F74	auto	1	0	1	0	0	0
0x80250FBC	204	fn_80250FBC	auto	0	1	0	0	0	0
0x80251088	36	__GXFlushTextureState	dtk	0	1	0	0	0	0
0x802510AC	140	fn_802510AC	auto	0	1	0	0	0	0
0x80251138	68	fn_80251138	auto	0	1	0	0	0	0
0x8025117C	68	fn_8025117C	auto	0	1	0	0	0	0
0x802511C0	104	fn_802511C0	auto	0	1	0	0	0	0
0x80251228	104	fn_80251228	auto	0	1	0	0	0	0
0x80251290	116	fn_80251290	auto	0	1	0	0	0	0
0x80251304	108	fn_80251304	auto	0	1	0	0	0	0
0x80251370	108	fn_80251370	auto	0	1	0	0	0	0
0x802513DC	84	fn_802513DC	auto	0	1	0	0	0	0
0x80251430	152	fn_80251430	auto	0	1	0	0	0	0
0x802514C8	84	fn_802514C8	auto	0	1	0	0	0	0
0x8025151C	132	fn_8025151C	auto	0	1	0	0	0	0
0x802515A0	472	fn_802515A0	auto	0	1	0	0	0	0
0x80251778	48	fn_80251778	auto	0	1	0	0	0	0
0x802517A8	432	fn_802517A8	auto	1	0	1	0	0	0
0x80251958	256	fn_80251958	auto	0	1	0	0	0	0
0x80251A58	84	fn_80251A58	auto	0	1	0	0	0	0
0x80251AAC	44	fn_80251AAC	auto	0	1	0	0	0	0
0x80251AD8	44	fn_80251AD8	auto	0	1	0	0	0	0
0x80251B04	52	fn_80251B04	auto	0	1	0	0	0	0
0x80251B38	56	fn_80251B38	auto	0	1	0	0	0	0
0x80251B70	232	fn_80251B70	auto	0	1	0	0	0	0
0x80251C58	52	fn_80251C58	auto	0	1	0	0	0	0
0x80251C8C	60	fn_80251C8C	auto	0	1	0	0	0	0
0x80251CC8	56	fn_80251CC8	auto	0	1	0	0	0	0
0x80251D00	124	fn_80251D00	auto	1	0	1	0	0	0
0x80251D7C	4	fn_80251D7C	auto	0	1	0	0	0	0
0x80251D80	200	fn_80251D80	auto	1	0	5	0	0	0
0x80251E48	212	fn_80251E48	auto	1	0	6	0	0	0
0x80251F1C	112	fn_80251F1C	auto	1	0	2	0	0	0
0x80251F8C	180	fn_80251F8C	auto	0	1	0	0	0	0
0x80252040	192	fn_80252040	auto	1	0	1	0	0	0
0x80252100	80	fn_80252100	auto	0	1	0	0	0	0
0x80252150	80	fn_80252150	auto	0	1	0	0	0	0
0x802521A0	56	fn_802521A0	auto	1	0	1	0	0	0
0x802521D8	180	fn_802521D8	auto	0	1	0	0	0	0
0x8025228C	260	fn_8025228C	auto	1	0	1	0	0	0
0x80252390	36	fn_80252390	auto	1	0	1	0	0	0
0x802523B4	144	fn_802523B4	auto	0	1	0	0	0	0
0x80252444	64	fn_80252444	auto	0	1	0	0	0	0
0x80252484	40	fn_80252484	auto	0	1	0	0	0	0
0x802524AC	132	fn_802524AC	auto	0	1	0	0	0	0
0x80252530	2120	fn_80252530	auto	0	1	0	0	2	0
0x80252D78	16	fn_80252D78	auto	0	1	0	0	0	0
0x80252D88	196	fn_80252D88	auto	0	1	0	0	0	0
0x80252E4C	16	fn_80252E4C	auto	0	1	0	0	0	0
0x80252E5C	92	fn_80252E5C	auto	1	0	2	0	0	0
0x80252EB8	144	fn_80252EB8	auto	1	0	3	0	0	0
0x80252F48	168	fn_80252F48	auto	1	0	3	0	0	0
0x80252FF0	132	fn_80252FF0	auto	1	0	1	0	0	0
0x80253074	112	fn_80253074	auto	1	0	1	0	0	0
0x802530E4	204	fn_802530E4	auto	1	0	2	0	0	0
0x802531B0	148	fn_802531B0	auto	0	1	0	0	0	0
0x80253244	104	fn_80253244	auto	0	1	0	0	0	0
0x802532AC	28	fn_802532AC	auto	0	1	0	0	0	0
0x802532C8	80	fn_802532C8	auto	0	1	0	0	0	0
0x80253318	52	fn_80253318	auto	0	1	0	0	0	0
0x8025334C	248	TRKNubMainLoop	dtk	1	0	9	0	0	0
0x80253444	36	TRKDestructEvent	dtk	1	0	1	0	0	0
0x80253468	24	fn_80253468	auto	0	1	0	0	0	0
0x80253480	224	fn_80253480	auto	1	0	3	0	0	0
0x80253560	180	TRKGetNextEvent	dtk	1	0	3	0	0	0
0x80253614	88	TRKInitializeEventQueue	dtk	1	0	3	0	0	0
0x8025366C	40	TRKNubWelcome	dtk	1	0	1	0	0	0
0x80253694	36	TRKTerminateNub	dtk	1	0	1	0	0	0
0x802536B8	308	TRKInitializeNub	dtk	1	0	8	0	0	0
0x802537EC	476	fn_802537EC	auto	1	0	2	0	0	0
0x802539C8	240	fn_802539C8	auto	1	0	1	0	0	0
0x80253AB8	152	fn_80253AB8	auto	1	0	1	0	0	0
0x80253B50	232	fn_80253B50	auto	1	0	1	0	0	0
0x80253C38	200	fn_80253C38	auto	1	0	1	0	0	0
0x80253D00	184	fn_80253D00	auto	1	0	1	0	0	0
0x80253DB8	128	fn_80253DB8	auto	1	0	1	0	0	0
0x80253E38	168	fn_80253E38	auto	1	0	1	0	0	0
0x80253EE0	104	fn_80253EE0	auto	0	1	0	0	0	0
0x80253F48	136	fn_80253F48	auto	1	0	1	0	0	0
0x80253FD0	100	fn_80253FD0	auto	1	0	1	0	0	0
0x80254034	84	fn_80254034	auto	1	0	1	0	0	0
0x80254088	140	fn_80254088	auto	1	0	1	0	0	0
0x80254114	164	fn_80254114	auto	1	0	1	0	0	0
0x802541B8	48	fn_802541B8	auto	0	1	0	0	0	0
0x802541E8	64	fn_802541E8	auto	1	0	1	0	0	0
0x80254228	100	fn_80254228	auto	1	0	2	0	0	0
0x8025428C	44	TRKGetBuffer	dtk	0	1	0	0	0	0
0x802542B8	200	fn_802542B8	auto	1	0	3	0	0	0
0x80254380	116	TRKInitializeMessageBuffers	dtk	1	0	3	0	0	0
0x802543F4	8	fn_802543F4	auto	0	1	0	0	0	0
0x802543FC	36	TRKInitializeSerialHandler	dtk	0	1	0	0	0	0
0x80254420	80	fn_80254420	auto	1	0	2	0	0	0
0x80254470	152	TRKGetInput	dtk	1	0	7	0	0	0
0x80254508	696	fn_80254508	auto	1	0	4	0	0	0
0x802547C0	4	usr_put_initialize	dtk	0	1	0	0	0	0
0x802547C4	136	fn_802547C4	auto	1	0	3	0	0	0
0x8025484C	132	TRKDispatchMessage	dtk	1	0	2	0	0	0
0x802548D0	24	TRKInitializeDispatcher	dtk	0	1	0	0	0	0
0x802548E8	420	fn_802548E8	auto	1	0	5	0	0	0
0x80254A8C	256	fn_80254A8C	auto	1	0	3	0	0	0
0x80254B8C	1328	fn_80254B8C	auto	1	0	9	0	0	0
0x802550BC	340	fn_802550BC	auto	1	0	4	0	0	0
0x80255210	760	fn_80255210	auto	1	0	6	0	0	0
0x80255508	968	fn_80255508	auto	1	0	9	0	0	0
0x802558D0	972	fn_802558D0	auto	1	0	9	0	0	0
0x80255C9C	1056	fn_80255C9C	auto	1	0	9	0	1	0
0x802560BC	1040	fn_802560BC	auto	1	0	9	0	1	0
0x802564CC	920	fn_802564CC	auto	1	0	3	0	0	0
0x80256864	560	fn_80256864	auto	1	0	4	0	0	0
0x80256A94	728	fn_80256A94	auto	1	0	3	0	0	0
0x80256D6C	184	fn_80256D6C	auto	1	0	3	0	0	0
0x80256E24	228	fn_80256E24	auto	1	0	4	0	0	0
0x80256F08	188	fn_80256F08	auto	1	0	2	0	0	0
0x80256FC4	176	fn_80256FC4	auto	1	0	2	0	0	0
0x80257074	184	fn_80257074	auto	1	0	2	0	0	0
0x8025712C	12	fn_8025712C	auto	0	1	0	0	0	0
0x80257138	16	fn_80257138	auto	0	1	0	0	0	0
0x80257148	400	fn_80257148	auto	1	0	8	0	0	0
0x802572D8	288	fn_802572D8	auto	1	0	7	0	0	0
0x802573F8	424	fn_802573F8	auto	1	0	10	0	0	0
0x802575A0	420	fn_802575A0	auto	1	0	7	0	0	0
0x80257744	708	fn_80257744	auto	1	0	12	0	0	0
0x80257A08	8	fn_80257A08	auto	0	1	0	0	0	0
0x80257A10	8	fn_80257A10	auto	0	1	0	0	0	0
0x80257A18	8	fn_80257A18	auto	0	1	0	0	0	0
0x80257A20	216	fn_80257A20	auto	1	0	5	0	0	0
0x80257AF8	56	fn_80257AF8	auto	0	1	0	0	0	0
0x80257B30	188	fn_80257B30	auto	0	1	0	0	0	0
0x80257BEC	8	fn_80257BEC	auto	0	1	0	0	0	0
0x80257BF4	8	fn_80257BF4	auto	0	1	0	0	0	0
0x80257BFC	60	fn_80257BFC	auto	0	1	0	0	0	0
0x80257C38	560	TRKInterruptHandler	dtk	0	0	5	0	0	0
0x80257E68	280	TRKSwapAndGo	dtk	0	0	4	0	0	0
0x80257F80	16	TRKTargetSetInputPendingPtr	dtk	0	1	0	0	0	0
0x80257F90	540	fn_80257F90	auto	1	0	1	0	0	0
0x802581AC	24	fn_802581AC	auto	0	1	0	0	0	0
0x802581C4	16	TRKTargetSetStopped	dtk	0	1	0	0	0	0
0x802581D4	16	TRKTargetStopped	dtk	0	1	0	0	0	0
0x802581E4	60	fn_802581E4	auto	1	0	1	0	0	0
0x80258220	520	TRKTargetSupportRequest	dtk	1	0	7	0	0	0
0x80258428	16	fn_80258428	auto	0	1	0	0	0	0
0x80258438	124	fn_80258438	auto	0	1	0	0	0	0
0x802584B4	108	fn_802584B4	auto	0	1	0	0	0	0
0x80258520	172	fn_80258520	auto	1	0	3	0	0	0
0x802585CC	292	fn_802585CC	auto	1	0	4	0	0	0
0x802586F0	348	TRKTargetInterrupt	dtk	1	0	1	0	0	0
0x8025890C	96	fn_8025890C	auto	1	0	1	0	0	0
0x8025896C	164	fn_8025896C	auto	0	1	0	0	0	0
0x80258A10	36	fn_80258A10	auto	0	1	0	0	0	0
0x80258A34	1080	fn_80258A34	auto	1	0	3	0	0	0
0x80258E6C	368	fn_80258E6C	auto	1	0	2	0	0	0
0x80258FDC	316	fn_80258FDC	auto	1	0	5	0	0	0
0x80259118	244	fn_80259118	auto	1	0	2	0	0	0
0x8025920C	332	fn_8025920C	auto	1	0	5	0	0	0
0x80259358	292	fn_80259358	auto	1	0	1	0	0	0
0x80259480	8	fn_80259480	auto	0	1	0	0	0	0
0x80259488	8	fn_80259488	auto	0	1	0	0	0	0
0x80259490	8	fn_80259490	auto	0	1	0	0	0	0
0x80259498	8	fn_80259498	auto	0	1	0	0	0	0
0x802594A0	148	InitMetroTRK	dtk	0	0	6	0	0	0
0x80259534	76	TRKInitializeTarget	dtk	1	0	1	0	0	0
0x80259580	64	fn_80259580	auto	0	1	0	0	0	0
0x802595C0	32	EnableMetroTRKInterrupts	dtk	1	0	1	0	0	0
0x802595E0	396	TRKSaveExtended1Block	dtk	0	1	0	0	0	0
0x8025976C	44	fn_8025976C	auto	0	1	0	0	0	0
0x80259798	440	TRKRestoreExtended1Block	dtk	0	1	0	0	0	0
0x80259950	8	fn_80259950	auto	0	1	0	0	0	0
0x8025999C	136	TRKLoadContext	dtk	0	0	0	1	0	0
0x80259A24	4	TRKUARTInterruptHandler	dtk	0	1	0	0	0	0
0x80259A28	36	TRK_board_display	dtk	1	0	1	0	0	0
0x80259A4C	48	UnreserveEXI2Port	dtk	1	1	0	0	0	0
0x80259A7C	48	ReserveEXI2Port	dtk	1	1	0	0	0	0
0x80259AAC	240	fn_80259AAC	auto	1	1	0	0	0	0
0x80259B9C	40	fn_80259B9C	auto	0	1	0	0	0	0
0x80259BC4	224	fn_80259BC4	auto	1	1	0	0	0	0
0x80259CA4	48	fn_80259CA4	auto	1	1	0	0	0	0
0x80259CD4	60	TRKInitializeIntDrivenUART	dtk	1	1	0	0	0	0
0x80259D10	256	InitMetroTRKCommTable	dtk	1	0	3	0	0	0
0x80259E10	56	TRKEXICallBack	dtk	1	0	2	0	0	0
0x80259E48	52	TRKTargetContinue	dtk	1	0	4	0	0	0
0x80259E7C	16	fn_80259E7C	auto	0	1	0	0	0	0
0x80259E8C	12	fn_80259E8C	auto	0	1	0	0	0	0
0x80259E98	132	fn_80259E98	auto	1	0	2	0	0	0
0x80259F1C	188	fn_80259F1C	auto	1	0	3	0	0	0
0x80259FD8	188	fn_80259FD8	auto	1	0	3	0	0	0
0x8025A094	200	__va_arg	dtk	0	1	0	0	0	0
0x8025A15C	72	__destroy_global_chain	dtk	1	1	0	0	0	0
0x8025A1A4	92	fn_8025A1A4	auto	1	1	0	0	0	0
0x8025A200	76	__save_fpr	dtk	0	1	0	0	0	0
0x8025A22C	32	fn_8025A22C	auto	0	1	0	0	0	0
0x8025A238	20	fn_8025A238	auto	0	1	0	0	0	0
0x8025A24C	76	__restore_fpr	dtk	0	1	0	0	0	0
0x8025A278	32	fn_8025A278	auto	0	1	0	0	0	0
0x8025A284	20	fn_8025A284	auto	0	1	0	0	0	0
0x8025A298	76	__save_gpr	dtk	0	1	0	0	0	0
0x8025A29C	72	fn_8025A29C	auto	0	1	0	0	0	0
0x8025A2A0	68	fn_8025A2A0	auto	0	1	0	0	0	0
0x8025A2A8	60	fn_8025A2A8	auto	0	1	0	0	0	0
0x8025A2B0	52	fn_8025A2B0	auto	0	1	0	0	0	0
0x8025A2B4	48	fn_8025A2B4	auto	0	1	0	0	0	0
0x8025A2B8	44	fn_8025A2B8	auto	0	1	0	0	0	0
0x8025A2BC	40	fn_8025A2BC	auto	0	1	0	0	0	0
0x8025A2C0	36	fn_8025A2C0	auto	0	1	0	0	0	0
0x8025A2C4	32	fn_8025A2C4	auto	0	1	0	0	0	0
0x8025A2C8	28	fn_8025A2C8	auto	0	1	0	0	0	0
0x8025A2CC	24	fn_8025A2CC	auto	0	1	0	0	0	0
0x8025A2E4	76	__restore_gpr	dtk	0	1	0	0	0	0
0x8025A2E8	72	fn_8025A2E8	auto	0	1	0	0	0	0
0x8025A2EC	68	fn_8025A2EC	auto	0	1	0	0	0	0
0x8025A2F4	60	fn_8025A2F4	auto	0	1	0	0	0	0
0x8025A2FC	52	fn_8025A2FC	auto	0	1	0	0	0	0
0x8025A300	48	fn_8025A300	auto	0	1	0	0	0	0
0x8025A304	44	fn_8025A304	auto	0	1	0	0	0	0
0x8025A308	40	fn_8025A308	auto	0	1	0	0	0	0
0x8025A30C	36	fn_8025A30C	auto	0	1	0	0	0	0
0x8025A310	32	fn_8025A310	auto	0	1	0	0	0	0
0x8025A314	28	fn_8025A314	auto	0	1	0	0	0	0
0x8025A318	24	fn_8025A318	auto	0	1	0	0	0	0
0x8025A330	236	__div2u	dtk	0	1	0	0	0	0
0x8025A41C	312	fn_8025A41C	auto	1	1	0	0	0	0
0x8025A554	224	__mod2u	dtk	0	1	0	0	0	0
0x8025A634	4	fn_8025A634	auto	0	1	0	0	0	0
0x8025A638	268	fn_8025A638	auto	0	1	0	0	0	0
0x8025A744	36	fn_8025A744	auto	0	1	0	0	0	0
0x8025A768	36	fn_8025A768	auto	0	1	0	0	0	0
0x8025A78C	40	fn_8025A78C	auto	0	1	0	0	0	0
0x8025A7B4	204	fn_8025A7B4	auto	1	1	0	0	0	0
0x8025A880	160	fn_8025A880	auto	1	0	7	0	0	0
0x8025A9EC	308	fn_8025A9EC	auto	1	0	4	0	0	0
0x8025AB20	508	fn_8025AB20	auto	1	0	2	0	0	0
0x8025AD1C	188	fn_8025AD1C	auto	0	1	0	0	0	0
0x8025ADD8	380	fn_8025ADD8	auto	1	0	1	0	0	0
0x8025AF54	112	fn_8025AF54	auto	1	0	1	0	0	0
0x8025AFC4	152	__close_all	dtk	1	0	2	0	0	0
0x8025B05C	420	fn_8025B05C	auto	1	0	1	0	0	0
0x8025B200	572	fn_8025B200	auto	1	0	8	0	0	0
0x8025B43C	832	fn_8025B43C	auto	1	0	3	0	1	0
0x8025B77C	232	fn_8025B77C	auto	0	1	0	0	0	0
0x8025B864	4	fn_8025B864	auto	0	1	0	0	0	0
0x8025B868	652	fn_8025B868	auto	1	1	0	0	0	0
0x8025BAF4	272	fn_8025BAF4	auto	1	0	2	0	0	0
0x8025BC04	112	fn_8025BC04	auto	0	1	0	0	0	0
0x8025BC74	196	__flush_buffer	dtk	1	1	0	0	0	0
0x8025BD38	52	__prep_buffer	dtk	0	1	0	0	0	0
0x8025BD6C	36	fn_8025BD6C	auto	0	1	0	0	0	0
0x8025BD90	780	__fwrite	dtk	1	0	7	0	0	0
0x8025C09C	32	fwrite	dtk	1	0	1	0	0	0
0x8025C0BC	312	fn_8025C0BC	auto	1	0	3	0	0	0
0x8025C1F4	192	fn_8025C1F4	auto	1	0	2	0	0	0
0x8025C2B4	32	fseek	dtk	1	0	1	0	0	0
0x8025C2D4	572	fn_8025C2D4	auto	1	0	1	0	0	0
0x8025C510	112	fn_8025C510	auto	0	1	0	0	0	0
0x8025C580	160	wcstombs	dtk	1	0	2	0	0	0
0x8025C620	164	fn_8025C620	auto	1	1	0	0	0	0
0x8025C6C4	76	fn_8025C6C4	auto	0	1	0	0	0	0
0x8025C710	44	__memrchr	dtk	0	1	0	0	0	0
0x8025C73C	44	memchr	dtk	0	1	0	0	0	0
0x8025C768	204	fn_8025C768	auto	1	0	4	0	0	0
0x8025C834	176	fn_8025C834	auto	0	1	0	0	0	0
0x8025C8E4	196	fn_8025C8E4	auto	0	1	0	0	0	0
0x8025C9A8	172	fn_8025C9A8	auto	0	1	0	0	0	0
0x8025CA54	192	fn_8025CA54	auto	0	1	0	0	0	0
0x8025CB14	16	__stdio_atexit	dtk	0	1	0	0	0	0
0x8025CB24	224	fn_8025CB24	auto	1	0	1	0	0	0
0x8025CC04	120	fn_8025CC04	auto	1	0	1	0	0	0
0x8025CC7C	124	vprintf	dtk	1	0	2	0	0	0
0x8025CCF8	204	fn_8025CCF8	auto	1	0	2	0	0	0
0x8025CDC4	108	fn_8025CDC4	auto	1	0	1	0	0	0
0x8025CE30	88	__FileWrite	dtk	1	0	1	0	0	0
0x8025CE88	1908	__pformatter	dtk	1	0	10	0	0	0
0x8025D5FC	1772	float2str	dtk	1	0	3	0	0	0
0x8025DCE8	300	fn_8025DCE8	auto	0	1	0	0	0	0
0x8025DE14	824	double2hex	dtk	1	0	3	0	0	0
0x8025E14C	732	longlong2str	dtk	1	0	2	0	1	0
0x8025E428	544	long2str	dtk	0	1	0	0	1	0
0x8025E648	1284	parse_format	dtk	1	0	1	0	2	0
0x8025EB4C	368	fn_8025EB4C	auto	1	1	0	0	0	0
0x8025ECBC	8	fn_8025ECBC	auto	0	1	0	0	0	0
0x8025ECC4	32	fn_8025ECC4	auto	0	1	0	0	0	0
0x8025ECE4	144	fn_8025ECE4	auto	0	1	0	0	0	0
0x8025ED74	104	fn_8025ED74	auto	0	1	0	0	0	0
0x8025EDDC	316	fn_8025EDDC	auto	1	1	0	0	0	0
0x8025EF18	48	strchr	dtk	0	1	0	0	0	0
0x8025EF48	64	fn_8025EF48	auto	0	1	0	0	0	0
0x8025EF88	296	fn_8025EF88	auto	0	1	0	0	0	0
0x8025F0B0	44	fn_8025F0B0	auto	0	1	0	0	0	0
0x8025F0DC	68	fn_8025F0DC	auto	0	1	0	0	0	0
0x8025F120	184	fn_8025F120	auto	0	1	0	0	0	0
0x8025F1D8	28	strlen	dtk	0	1	0	0	0	0
0x8025F1F4	192	fn_8025F1F4	auto	1	0	1	0	0	0
0x8025F2B4	240	fn_8025F2B4	auto	1	0	1	0	0	0
0x8025F3A4	888	fn_8025F3A4	auto	1	1	0	0	1	0
0x8025F71C	196	fn_8025F71C	auto	1	0	3	0	0	0
0x8025F7E0	136	fwide	dtk	0	1	0	0	0	0
0x8025F868	784	fn_8025F868	auto	1	1	0	0	0	0
0x8025FB78	656	fn_8025FB78	auto	1	0	1	0	0	0
0x8025FE08	828	fn_8025FE08	auto	1	1	0	0	0	0
0x80260144	2188	fn_80260144	auto	1	0	1	0	0	0
0x802609D0	928	fn_802609D0	auto	1	0	1	0	0	0
0x80260D70	244	fn_80260D70	auto	1	1	0	0	0	0
0x80260E64	3668	fn_80260E64	auto	1	0	4	0	0	0
0x80261CB8	160	fn_80261CB8	auto	1	1	0	0	0	0
0x80261D58	532	fn_80261D58	auto	1	1	0	0	0	0
0x80261F6C	512	fn_80261F6C	auto	1	1	0	0	0	0
0x8026216C	324	fn_8026216C	auto	1	1	0	0	0	0
0x802622B0	40	fn_802622B0	auto	1	1	0	0	0	0
0x802622D8	212	fn_802622D8	auto	1	0	3	0	0	0
0x802623AC	328	fn_802623AC	auto	1	1	0	0	0	0
0x802624F4	140	fn_802624F4	auto	1	1	0	0	0	0
0x80262580	452	fn_80262580	auto	1	0	1	0	0	0
0x80262744	252	fn_80262744	auto	1	1	0	0	0	0
0x80262840	216	fn_80262840	auto	1	0	3	0	0	0
0x80262918	120	fn_80262918	auto	1	0	2	0	0	0
0x80262990	32	fn_80262990	auto	1	0	1	0	0	0
0x802629B0	32	fn_802629B0	auto	1	0	1	0	0	0
0x802629D0	32	fn_802629D0	auto	1	0	1	0	0	0
0x802629F0	32	fn_802629F0	auto	1	0	1	0	0	0
0x80262A10	36	fn_80262A10	auto	1	0	1	0	0	0
0x80262A34	36	fn_80262A34	auto	1	0	1	0	0	0
0x80262A58	36	fn_80262A58	auto	1	0	1	0	0	0
0x80262A7C	4	EXI2_Init	dtk	0	1	0	0	0	0
0x80262A80	4	EXI2_EnableInterrupts	dtk	0	1	0	0	0	0
0x80262A84	8	EXI2_Poll	dtk	0	1	0	0	0	0
0x80262A8C	8	EXI2_ReadN	dtk	0	1	0	0	0	0
0x80262A94	8	EXI2_WriteN	dtk	0	1	0	0	0	0
0x80262A9C	4	EXI2_Reserve	dtk	0	1	0	0	0	0
0x80262AA0	4	EXI2_Unreserve	dtk	0	1	0	0	0	0
0x80262AA4	8	AMC_IsStub	dtk	0	1	0	0	0	0
0x80262AAC	8	Hu_IsStub	dtk	0	1	0	0	0	0
0x80262AB4	4	DBClose	dtk	0	1	0	0	0	0
0x80262AB8	4	DBOpen	dtk	0	1	0	0	0	0
0x80262ABC	608	DBWrite	dtk	1	0	4	0	0	0
0x80262D1C	140	DBRead	dtk	1	0	3	0	0	0
0x80262DA8	156	DBQueryData	dtk	1	0	4	0	0	0
0x80262E44	84	DBInitInterrupts	dtk	1	0	3	0	0	0
0x80262E98	120	DBInitComm	dtk	1	0	3	0	0	0
0x80262F10	64	fn_80262F10	auto	1	1	0	0	0	0
0x80262F50	60	fn_80262F50	auto	1	1	0	0	0	0
0x80262F8C	172	fn_80262F8C	auto	1	0	1	0	0	0
0x80263038	220	fn_80263038	auto	1	0	1	0	0	0
0x80263114	220	fn_80263114	auto	1	0	1	0	0	0
0x802631F0	172	fn_802631F0	auto	1	0	1	0	0	0
0x8026329C	664	fn_8026329C	auto	1	1	0	0	0	0
0x80263534	244	fn_80263534	auto	1	0	3	0	0	0
0x80263628	604	EXIImm	dtk	1	0	4	0	0	0
0x80263884	160	fn_80263884	auto	1	0	2	0	0	0
0x80263924	236	EXIDma	dtk	1	0	4	0	0	0
0x80263A10	568	EXISync	dtk	1	0	3	0	0	0
0x80263C48	72	fn_80263C48	auto	0	1	0	0	0	0
0x80263C90	124	fn_80263C90	auto	1	0	3	0	0	0
0x80263D0C	372	__EXIProbe	dtk	1	0	4	0	0	0
0x80263E80	128	fn_80263E80	auto	1	0	2	0	0	0
0x80263F00	180	fn_80263F00	auto	1	0	2	0	0	0
0x80263FB4	268	fn_80263FB4	auto	1	0	6	0	0	0
0x802640C0	188	fn_802640C0	auto	1	0	3	0	0	0
0x8026417C	300	EXISelect	dtk	1	0	4	0	0	0
0x802642A8	272	EXIDeselect	dtk	1	0	4	0	0	0
0x802643B8	200	EXIIntrruptHandler	dtk	1	0	2	0	0	0
0x80264480	536	TCIntrruptHandler	dtk	1	0	3	0	0	0
0x80264698	208	EXTIntrruptHandler	dtk	1	0	3	0	0	0
0x80264768	284	EXIInit	dtk	1	0	5	0	0	0
0x80264884	244	EXILock	dtk	1	0	3	0	0	0
0x80264978	220	EXIUnlock	dtk	1	0	4	0	0	0
0x80264A54	24	fn_80264A54	auto	0	1	0	0	0	0
0x80264A6C	40	fn_80264A6C	auto	1	0	1	0	0	0
0x80264A94	892	fn_80264A94	auto	1	0	13	0	0	0
0x80264E10	112	fn_80264E10	auto	1	0	1	0	0	0
0x80264E80	512	fn_80264E80	auto	1	0	6	0	0	0
0x80265080	32	fn_80265080	auto	0	1	0	0	0	0
0x802650A0	60	fn_802650A0	auto	0	1	0	0	0	0
0x802650DC	764	fn_802650DC	auto	1	0	1	0	0	0
0x802653D8	836	SIInterruptHandler	dtk	1	0	7	0	0	0
0x8026571C	152	fn_8026571C	auto	1	0	2	0	0	0
0x802657B4	204	fn_802657B4	auto	1	0	3	0	0	0
0x80265880	244	fn_80265880	auto	1	0	3	0	0	0
0x80265974	180	SIInit	dtk	1	0	5	0	0	0
0x80265A28	524	fn_80265A28	auto	1	0	2	0	0	0
0x80265C34	124	fn_80265C34	auto	1	0	2	0	0	0
0x80265CB0	20	fn_80265CB0	auto	0	1	0	0	0	0
0x80265CC4	16	fn_80265CC4	auto	0	1	0	0	0	0
0x80265CD4	108	SISetXY	dtk	1	0	2	0	0	0
0x80265D40	156	fn_80265D40	auto	1	0	2	0	0	0
0x80265DDC	108	fn_80265DDC	auto	1	0	2	0	0	0
0x80265E48	212	fn_80265E48	auto	1	0	2	0	0	0
0x80265F1C	196	fn_80265F1C	auto	1	0	3	0	0	0
0x80265FE0	140	fn_80265FE0	auto	1	0	1	0	0	0
0x8026606C	364	SITransfer	dtk	1	0	5	0	0	0
0x802661D8	664	GetTypeCallback	dtk	1	0	4	0	0	0
0x80266470	452	SIGetType	dtk	1	0	4	0	0	0
0x80266634	316	fn_80266634	auto	1	0	3	0	0	0
0x80266770	228	SISetSamplingRate	dtk	1	0	5	0	0	0
0x80266854	36	fn_80266854	auto	1	0	1	0	0	0
0x80266878	104	fn_80266878	auto	0	1	0	0	0	0
0x802668E0	2756	fn_802668E0	auto	1	0	10	0	0	0
0x802673A4	100	fn_802673A4	auto	0	1	0	0	0	0
0x80267408	636	fn_80267408	auto	1	0	1	0	0	0
0x80267684	688	fn_80267684	auto	1	0	3	0	0	0
0x80267934	92	fn_80267934	auto	1	0	1	0	0	0
0x80267990	144	fn_80267990	auto	1	0	1	0	0	0
0x80267A20	228	fn_80267A20	auto	0	1	0	0	0	0
0x80267B04	264	fn_80267B04	auto	0	1	0	0	0	0
0x80267C0C	188	fn_80267C0C	auto	0	1	0	0	0	0
0x80267CC8	460	fn_80267CC8	auto	1	0	3	0	0	0
0x80267E94	2904	fn_80267E94	auto	1	0	9	0	0	0
0x802689EC	536	fn_802689EC	auto	0	1	0	0	0	0
0x80268C04	2708	fn_80268C04	auto	1	0	9	0	1	0
0x80269698	372	fn_80269698	auto	1	0	1	0	0	0
0x8026980C	1180	fn_8026980C	auto	1	0	8	0	0	0
0x80269CA8	2548	fn_80269CA8	auto	1	0	10	0	0	0
0x8026A69C	424	fn_8026A69C	auto	0	1	0	0	0	0
0x8026A844	68	fn_8026A844	auto	0	1	0	0	0	0
0x8026A888	52	fn_8026A888	auto	0	1	0	0	0	0
0x8026A8BC	120	fn_8026A8BC	auto	0	1	0	0	0	0
0x8026A934	672	fn_8026A934	auto	1	0	7	0	0	0
0x8026ABD4	960	fn_8026ABD4	auto	1	0	9	0	0	0
0x8026AF94	604	fn_8026AF94	auto	1	0	7	0	0	0
0x8026B1F0	1116	fn_8026B1F0	auto	1	0	8	0	0	0
0x8026B64C	1860	fn_8026B64C	auto	1	0	13	0	0	0
0x8026BD90	1788	fn_8026BD90	auto	1	0	14	0	0	0
0x8026C48C	336	fn_8026C48C	auto	0	1	0	0	0	0
0x8026C5DC	100	fn_8026C5DC	auto	1	0	1	0	0	0
0x8026C640	68	fn_8026C640	auto	1	0	1	0	0	0
0x8026C684	40	fn_8026C684	auto	1	0	1	0	0	0
0x8026C6AC	1296	fn_8026C6AC	auto	1	0	18	0	0	0
0x8026CBBC	200	fn_8026CBBC	auto	1	0	4	0	0	0
0x8026CC84	228	fn_8026CC84	auto	1	0	2	0	0	0
0x8026CD68	228	fn_8026CD68	auto	1	0	2	0	0	0
0x8026CE4C	132	fn_8026CE4C	auto	1	0	1	0	0	0
0x8026CED0	136	fn_8026CED0	auto	1	0	2	0	0	0
0x8026CF58	1328	fn_8026CF58	auto	1	0	6	0	0	0
0x8026D488	84	fn_8026D488	auto	0	1	0	0	0	0
0x8026D4DC	40	fn_8026D4DC	auto	0	1	0	0	0	0
0x8026D504	208	fn_8026D504	auto	1	0	5	0	0	0
0x8026D5D4	1396	fn_8026D5D4	auto	1	0	10	0	0	0
0x8026DB48	36	fn_8026DB48	auto	1	0	1	0	0	0
0x8026DB6C	48	fn_8026DB6C	auto	1	0	1	0	0	0
0x8026DB9C	56	fn_8026DB9C	auto	1	0	3	0	0	0
0x8026DBD4	56	fn_8026DBD4	auto	1	0	3	0	0	0
0x8026DC0C	72	fn_8026DC0C	auto	1	0	3	0	0	0
0x8026DC54	56	fn_8026DC54	auto	1	0	3	0	0	0
0x8026DC8C	88	fn_8026DC8C	auto	1	0	3	0	0	0
0x8026DCE4	104	fn_8026DCE4	auto	1	0	3	0	0	0
0x8026DD4C	124	fn_8026DD4C	auto	1	0	6	0	0	0
0x8026DDC8	28	fn_8026DDC8	auto	0	1	0	0	0	0
0x8026DDE4	64	fn_8026DDE4	auto	1	0	1	0	0	0
0x8026DE24	52	fn_8026DE24	auto	1	0	5	0	0	0
0x8026DE58	96	fn_8026DE58	auto	1	0	3	0	0	0
0x8026DEB8	236	fn_8026DEB8	auto	1	0	2	0	0	0
0x8026DFA4	344	fn_8026DFA4	auto	1	0	6	0	0	0
0x8026E0FC	168	fn_8026E0FC	auto	1	0	3	0	0	0
0x8026E1A4	240	fn_8026E1A4	auto	1	0	8	0	0	0
0x8026E294	32	fn_8026E294	auto	1	0	1	0	0	0
0x8026E2B4	32	fn_8026E2B4	auto	1	0	1	0	0	0
0x8026E2D4	188	fn_8026E2D4	auto	0	1	0	0	0	0
0x8026E390	140	fn_8026E390	auto	1	0	1	0	0	0
0x8026E41C	2220	fn_8026E41C	auto	1	0	10	0	0	0
0x8026ECC8	4	fn_8026ECC8	auto	0	1	0	0	0	0
0x8026ECCC	132	fn_8026ECCC	auto	1	0	1	0	0	0
0x8026ED50	352	fn_8026ED50	auto	0	1	0	0	0	0
0x8026EEB0	740	fn_8026EEB0	auto	1	0	6	0	0	0
0x8026F194	52	fn_8026F194	auto	0	1	0	0	0	0
0x8026F1C8	68	fn_8026F1C8	auto	0	1	0	0	0	0
0x8026F20C	304	fn_8026F20C	auto	1	0	3	0	0	0
0x8026F33C	1112	fn_8026F33C	auto	1	0	7	0	0	0
0x8026F794	68	fn_8026F794	auto	0	1	0	0	0	0
0x8026F7D8	1788	fn_8026F7D8	auto	1	0	6	0	0	0
0x8026FED4	1372	fn_8026FED4	auto	1	0	10	0	0	0
0x80270430	1640	fn_80270430	auto	1	0	7	0	0	0
0x80270A98	1748	fn_80270A98	auto	1	0	8	0	0	0
0x8027116C	1624	fn_8027116C	auto	1	0	5	0	0	0
0x802717C4	1812	fn_802717C4	auto	1	0	5	0	0	0
0x80271ED8	496	fn_80271ED8	auto	1	0	2	0	0	0
0x802720C8	380	fn_802720C8	auto	1	0	2	0	0	0
0x80272244	584	fn_80272244	auto	1	0	2	0	0	0
0x8027248C	452	fn_8027248C	auto	1	0	2	0	0	0
0x80272650	516	fn_80272650	auto	1	0	2	0	0	0
0x80272854	380	fn_80272854	auto	1	0	2	0	0	0
0x802729D0	392	fn_802729D0	auto	1	0	2	0	0	0
0x80272B58	712	fn_80272B58	auto	1	0	2	0	0	0
0x80272E20	216	fn_80272E20	auto	1	0	1	0	0	0
0x80272EF8	152	fn_80272EF8	auto	1	0	1	0	0	0
0x80272F90	284	fn_80272F90	auto	1	0	2	0	0	0
0x802730AC	348	fn_802730AC	auto	1	0	2	0	0	0
0x80273208	772	fn_80273208	auto	1	0	2	0	0	0
0x8027350C	644	fn_8027350C	auto	1	0	2	0	0	0
0x80273790	16	fn_80273790	auto	0	1	0	0	0	0
0x802737A0	140	fn_802737A0	auto	1	0	1	0	0	0
0x8027382C	16	fn_8027382C	auto	0	1	0	0	0	0
0x8027383C	296	fn_8027383C	auto	1	0	3	0	0	0
0x80273964	16	fn_80273964	auto	0	1	0	0	0	0
0x80273974	92	fn_80273974	auto	1	0	1	0	0	0
0x802739D0	92	fn_802739D0	auto	1	0	1	0	0	0
0x80273A2C	16	fn_80273A2C	auto	0	1	0	0	0	0
0x80273A3C	124	fn_80273A3C	auto	1	0	1	0	0	0
0x80273AB8	16	fn_80273AB8	auto	0	1	0	0	0	0
0x80273AC8	156	fn_80273AC8	auto	1	0	1	0	0	0
0x80273B64	228	fn_80273B64	auto	1	0	1	0	0	0
0x80273C48	32	fn_80273C48	auto	1	0	1	0	0	0
0x80273C68	752	fn_80273C68	auto	1	0	6	0	0	0
0x80273F58	208	fn_80273F58	auto	1	0	3	0	0	0
0x80274028	340	fn_80274028	auto	1	0	2	0	0	0
0x8027417C	396	fn_8027417C	auto	1	0	2	0	0	0
0x80274308	216	fn_80274308	auto	1	0	3	0	0	0
0x802743E0	508	fn_802743E0	auto	1	0	4	0	0	0
0x802745DC	380	fn_802745DC	auto	1	0	2	0	0	0
0x80274758	416	fn_80274758	auto	0	1	0	0	0	0
0x802748F8	600	fn_802748F8	auto	1	0	2	0	0	0
0x80274B50	300	fn_80274B50	auto	1	0	3	0	0	0
0x80274C7C	636	fn_80274C7C	auto	1	0	5	0	0	0
0x80274EF8	156	fn_80274EF8	auto	1	0	1	0	0	0
0x80274F94	156	fn_80274F94	auto	1	0	1	0	0	0
0x80275030	308	fn_80275030	auto	1	0	1	0	0	0
0x80275164	304	fn_80275164	auto	1	0	6	0	0	0
0x80275294	316	fn_80275294	auto	1	0	4	0	0	0
0x802753D0	412	fn_802753D0	auto	1	0	6	0	0	0
0x8027556C	260	fn_8027556C	auto	1	0	1	0	0	0
0x80275670	260	fn_80275670	auto	1	0	1	0	0	0
0x80275774	260	fn_80275774	auto	1	0	1	0	0	0
0x80275878	260	fn_80275878	auto	1	0	1	0	0	0
0x8027597C	260	fn_8027597C	auto	1	0	1	0	0	0
0x80275A80	260	fn_80275A80	auto	1	0	1	0	0	0
0x80275B84	260	fn_80275B84	auto	1	0	1	0	0	0
0x80275C88	260	fn_80275C88	auto	1	0	1	0	0	0
0x80275D8C	260	fn_80275D8C	auto	1	0	1	0	0	0
0x80275E90	260	fn_80275E90	auto	1	0	1	0	0	0
0x80275F94	260	fn_80275F94	auto	1	0	1	0	0	0
0x80276098	260	fn_80276098	auto	1	0	1	0	0	0
0x8027619C	260	fn_8027619C	auto	1	0	1	0	0	0
0x802762A0	380	fn_802762A0	auto	1	0	2	0	0	0
0x8027641C	380	fn_8027641C	auto	1	0	2	0	0	0
0x80276598	356	fn_80276598	auto	1	0	5	0	0	0
0x802766FC	104	fn_802766FC	auto	1	0	1	0	0	0
0x80276764	544	fn_80276764	auto	1	0	4	0	0	0
0x80276984	332	fn_80276984	auto	1	0	3	0	0	0
0x80276AD0	580	fn_80276AD0	auto	1	0	2	0	0	0
0x80276D14	128	fn_80276D14	auto	0	1	0	0	0	0
0x80276D94	220	fn_80276D94	auto	1	0	4	0	0	0
0x80276E70	3928	fn_80276E70	auto	1	0	64	0	1	0
0x80277DC8	336	fn_80277DC8	auto	1	0	5	0	0	0
0x80277F18	172	fn_80277F18	auto	1	0	1	0	0	0
0x80277FC4	240	fn_80277FC4	auto	1	0	1	0	0	0
0x802780B4	264	fn_802780B4	auto	1	0	1	0	0	0
0x802781BC	164	fn_802781BC	auto	0	1	0	0	0	0
0x80278260	264	fn_80278260	auto	1	0	1	0	0	0
0x80278368	252	fn_80278368	auto	0	1	0	0	0	0
0x80278464	1080	fn_80278464	auto	1	0	14	0	0	0
0x8027889C	104	fn_8027889C	auto	0	1	0	0	0	0
0x80278904	224	fn_80278904	auto	0	1	0	0	0	0
0x802789E4	848	fn_802789E4	auto	1	0	1	0	0	0
0x80278D34	20	fn_80278D34	auto	0	1	0	0	0	0
0x80278D48	260	fn_80278D48	auto	0	1	0	0	0	0
0x80278E4C	80	fn_80278E4C	auto	0	1	0	0	0	0
0x80278E9C	588	fn_80278E9C	auto	1	0	1	0	0	0
0x802790E8	1120	fn_802790E8	auto	1	0	2	0	0	0
0x80279548	452	fn_80279548	auto	1	0	1	0	0	0
0x8027970C	672	fn_8027970C	auto	1	1	0	0	0	0
0x802799AC	252	fn_802799AC	auto	1	0	6	0	0	0
0x80279AA8	536	fn_80279AA8	auto	1	0	3	0	0	0
0x80279CC0	564	fn_80279CC0	auto	1	0	4	0	0	0
0x80279EF4	196	fn_80279EF4	auto	1	0	1	0	0	0
0x80279FB8	168	fn_80279FB8	auto	1	0	1	0	0	0
0x8027A060	348	fn_8027A060	auto	1	0	3	0	0	0
0x8027A1BC	116	fn_8027A1BC	auto	0	1	0	0	0	0
0x8027A230	84	fn_8027A230	auto	0	1	0	0	0	0
0x8027A284	116	fn_8027A284	auto	0	1	0	0	0	0
0x8027A2F8	324	fn_8027A2F8	auto	0	1	0	0	0	0
0x8027A43C	60	fn_8027A43C	auto	1	1	0	0	0	0
0x8027A478	228	fn_8027A478	auto	1	0	1	0	0	0
0x8027A55C	88	fn_8027A55C	auto	1	0	2	0	0	0
0x8027A5B4	620	fn_8027A5B4	auto	0	1	0	0	0	0
0x8027A820	40	fn_8027A820	auto	1	0	1	0	0	0
0x8027A848	336	fn_8027A848	auto	1	0	1	0	0	0
0x8027A998	360	fn_8027A998	auto	1	0	1	0	0	0
0x8027AB00	408	fn_8027AB00	auto	1	0	1	0	0	0
0x8027AC98	132	fn_8027AC98	auto	1	0	1	0	0	0
0x8027AD1C	188	fn_8027AD1C	auto	0	1	0	0	0	0
0x8027ADD8	584	fn_8027ADD8	auto	1	0	4	0	0	0
0x8027B020	168	fn_8027B020	auto	1	1	0	0	0	0
0x8027B0C8	504	fn_8027B0C8	auto	1	1	0	0	0	0
0x8027B2C0	528	fn_8027B2C0	auto	1	0	10	0	0	0
0x8027B4D0	12	fn_8027B4D0	auto	0	1	0	0	0	0
0x8027B4DC	636	fn_8027B4DC	auto	1	0	10	0	0	0
0x8027B758	812	fn_8027B758	auto	1	0	7	0	0	0
0x8027BA84	828	fn_8027BA84	auto	1	0	10	0	0	0
0x8027BDC0	332	fn_8027BDC0	auto	1	0	5	0	0	0
0x8027BF0C	284	fn_8027BF0C	auto	1	0	5	0	0	0
0x8027C028	948	fn_8027C028	auto	1	0	9	0	0	0
0x8027C3DC	56	fn_8027C3DC	auto	1	0	2	0	0	0
0x8027C414	224	fn_8027C414	auto	1	0	1	0	0	0
0x8027C4F4	336	fn_8027C4F4	auto	1	0	2	0	0	0
0x8027C644	32	fn_8027C644	auto	0	1	0	0	0	0
0x8027C664	244	fn_8027C664	auto	0	1	0	0	0	0
0x8027C758	72	fn_8027C758	auto	0	1	0	0	0	0
0x8027C7A0	116	fn_8027C7A0	auto	0	1	0	0	0	0
0x8027C814	172	fn_8027C814	auto	0	1	0	0	0	0
0x8027C8C0	732	fn_8027C8C0	auto	0	1	0	0	0	0
0x8027CB9C	600	fn_8027CB9C	auto	1	0	3	0	0	0
0x8027CDF4	8632	fn_8027CDF4	auto	1	0	18	0	0	0
0x8027EFAC	68	fn_8027EFAC	auto	1	1	0	0	0	0
0x8027EFF0	160	fn_8027EFF0	auto	1	0	1	0	0	0
0x8027F090	96	fn_8027F090	auto	0	1	0	0	0	0
0x8027F0F0	168	fn_8027F0F0	auto	0	1	0	0	0	0
0x8027F198	132	fn_8027F198	auto	0	1	0	0	0	0
0x8027F21C	344	fn_8027F21C	auto	1	0	1	0	0	0
0x8027F374	1776	fn_8027F374	auto	1	0	4	0	0	0
0x8027FA64	1204	fn_8027FA64	auto	1	0	5	0	0	0
0x8027FF18	1308	fn_8027FF18	auto	1	0	4	0	0	0
0x80280434	184	fn_80280434	auto	1	0	3	0	0	0
0x802804EC	252	fn_802804EC	auto	1	0	3	0	0	0
0x802805E8	332	fn_802805E8	auto	0	1	0	0	0	0
0x80280734	944	fn_80280734	auto	1	0	6	0	0	0
0x80280AE4	2092	fn_80280AE4	auto	1	0	14	0	0	0
0x80281310	56	fn_80281310	auto	0	1	0	0	0	0
0x80281348	4	fn_80281348	auto	0	1	0	0	0	0
0x8028134C	280	fn_8028134C	auto	1	0	8	0	0	0
0x80281464	52	fn_80281464	auto	1	0	4	0	0	0
0x80281498	172	fn_80281498	auto	0	1	0	0	0	0
0x80281544	180	fn_80281544	auto	1	1	0	0	0	0
0x802815F8	36	fn_802815F8	auto	0	1	0	0	0	0
0x8028161C	1544	fn_8028161C	auto	1	0	3	0	0	0
0x80281C24	292	fn_80281C24	auto	1	0	1	0	0	0
0x80281D48	240	fn_80281D48	auto	1	0	2	0	0	0
0x80281E38	708	fn_80281E38	auto	0	1	0	0	0	0
0x802820FC	52	fn_802820FC	auto	0	1	0	0	0	0
0x80282130	60	fn_80282130	auto	0	1	0	0	0	0
0x8028216C	152	fn_8028216C	auto	1	0	3	0	0	0
0x80282204	276	fn_80282204	auto	0	1	0	0	0	0
0x80282318	60	fn_80282318	auto	0	1	0	0	0	0
0x80282354	60	fn_80282354	auto	0	1	0	0	0	0
0x80282390	1184	fn_80282390	auto	1	0	4	0	0	0
0x80282830	72	fn_80282830	auto	1	0	1	0	0	0
0x80282878	72	fn_80282878	auto	1	0	1	0	0	0
0x802828C0	72	fn_802828C0	auto	1	0	1	0	0	0
0x80282908	72	fn_80282908	auto	1	0	1	0	0	0
0x80282950	72	fn_80282950	auto	1	0	1	0	0	0
0x80282998	72	fn_80282998	auto	1	0	1	0	0	0
0x802829E0	72	fn_802829E0	auto	1	0	1	0	0	0
0x80282A28	72	fn_80282A28	auto	1	0	1	0	0	0
0x80282A70	72	fn_80282A70	auto	1	0	1	0	0	0
0x80282AB8	72	fn_80282AB8	auto	1	0	1	0	0	0
0x80282B00	72	fn_80282B00	auto	1	0	1	0	0	0
0x80282B48	72	fn_80282B48	auto	1	0	1	0	0	0
0x80282B90	180	fn_80282B90	auto	1	0	1	0	0	0
0x80282C44	180	fn_80282C44	auto	1	0	1	0	0	0
0x80282CF8	644	fn_80282CF8	auto	1	1	0	0	0	0
0x80282F7C	112	fn_80282F7C	auto	0	1	0	0	1	0
0x80282FEC	252	fn_80282FEC	auto	1	0	1	0	1	0
0x802830E8	484	fn_802830E8	auto	1	0	1	0	1	0
0x802832CC	28	fn_802832CC	auto	0	1	0	0	0	0
0x802832E8	140	fn_802832E8	auto	0	1	0	0	0	0
0x80283374	164	fn_80283374	auto	1	0	2	0	0	0
0x80283418	16	fn_80283418	auto	0	1	0	0	0	0
0x80283428	72	fn_80283428	auto	1	0	1	0	0	0
0x80283470	8	fn_80283470	auto	0	1	0	0	0	0
0x80283478	340	fn_80283478	auto	1	0	12	0	0	0
0x802835CC	184	fn_802835CC	auto	1	0	6	0	0	0
0x80283684	52	fn_80283684	auto	1	0	6	0	0	0
0x802836B8	8	fn_802836B8	auto	0	1	0	0	0	0
0x802836C0	8	fn_802836C0	auto	0	1	0	0	0	0
0x802836C8	32	fn_802836C8	auto	0	1	0	0	0	0
0x802836E8	8	fn_802836E8	auto	0	1	0	0	0	0
0x802836F0	20	fn_802836F0	auto	0	1	0	0	0	0
0x80283704	436	fn_80283704	auto	1	0	3	0	0	0
0x802838B8	80	fn_802838B8	auto	0	1	0	0	0	0
0x80283908	428	fn_80283908	auto	1	0	1	0	0	0
0x80283AB4	32	fn_80283AB4	auto	0	1	0	0	0	0
0x80283AD4	20	fn_80283AD4	auto	0	1	0	0	0	0
0x80283AE8	20	fn_80283AE8	auto	0	1	0	0	0	0
0x80283AFC	20	fn_80283AFC	auto	0	1	0	0	0	0
0x80283B10	20	fn_80283B10	auto	0	1	0	0	0	0
0x80283B24	60	fn_80283B24	auto	1	0	1	0	0	0
0x80283B60	40	fn_80283B60	auto	0	1	0	0	0	0
0x80283B88	120	fn_80283B88	auto	0	1	0	0	0	0
0x80283C00	44	fn_80283C00	auto	0	1	0	0	0	0
0x80283C2C	44	fn_80283C2C	auto	0	1	0	0	0	0
0x80283C58	92	fn_80283C58	auto	0	1	0	0	0	0
0x80283CB4	704	fn_80283CB4	auto	1	0	1	0	0	0
0x80283F74	44	fn_80283F74	auto	1	0	1	0	0	0
0x80283FA0	40	fn_80283FA0	auto	0	1	0	0	0	0
0x80283FC8	32	fn_80283FC8	auto	1	0	1	0	0	0
0x80283FE8	32	fn_80283FE8	auto	1	0	1	0	0	0
0x80284008	52	fn_80284008	auto	1	0	1	0	0	0
0x8028403C	52	fn_8028403C	auto	1	0	1	0	0	0
0x80284070	164	fn_80284070	auto	0	1	0	0	0	0
0x80284114	144	fn_80284114	auto	1	0	5	0	0	0
0x802841A4	32	fn_802841A4	auto	1	0	1	0	0	0
0x802841C4	32	fn_802841C4	auto	1	0	1	0	0	0
0x802841E4	36	fn_802841E4	auto	1	0	1	0	0	0
0x80284208	4	fn_80284208	auto	0	1	0	0	0	0
0x8028420C	92	fn_8028420C	auto	1	0	1	0	0	0
0x80284268	36	fn_80284268	auto	1	0	1	0	0	0
0x8028428C	32	fn_8028428C	auto	1	0	1	0	0	0
0x802842AC	148	fn_802842AC	auto	1	0	1	0	0	0
0x80284340	132	fn_80284340	auto	1	0	1	0	0	0
0x802843C4	32	fn_802843C4	auto	1	0	1	0	0	0
0x802843E4	4	fn_802843E4	auto	0	1	0	0	0	0
0x802843E8	20	fn_802843E8	auto	0	1	0	0	0	0
0x802843FC	12	fn_802843FC	auto	0	1	0	0	0	0
0x80284408	40	fn_80284408	auto	0	1	0	0	0	0
0x80284430	32	fn_80284430	auto	0	1	0	0	0	0
0x80284450	160	fn_80284450	auto	1	1	0	0	0	0
0x802844F0	476	fn_802844F0	auto	1	0	5	0	0	0
0x802846CC	24	fn_802846CC	auto	0	1	0	0	0	0
0x802846E4	748	fn_802846E4	auto	1	0	11	0	0	0
0x802849D0	4	fn_802849D0	auto	0	1	0	0	0	0
0x802849D4	32	fn_802849D4	auto	1	0	1	0	0	0
0x802849F4	956	fn_802849F4	auto	1	0	6	0	0	0
0x80284DB0	24	fn_80284DB0	auto	0	1	0	0	0	0
0x80284DC8	196	fn_80284DC8	auto	0	1	0	0	0	0
0x80284E8C	264	fn_80284E8C	auto	0	1	0	0	0	0
0x80284F94	56	fn_80284F94	auto	0	1	0	0	0	0
0x80284FCC	248	fn_80284FCC	auto	0	1	0	0	0	0
0x802850C4	168	fn_802850C4	auto	1	0	4	0	0	0
0x8028516C	16	fn_8028516C	auto	0	1	0	0	0	0
0x8028517C	100	fn_8028517C	auto	1	0	2	0	0	0
0x802851E0	200	fn_802851E0	auto	1	0	5	0	0	0
0x802852A8	32	fn_802852A8	auto	1	0	1	0	0	0
0x802852C8	52	fn_802852C8	auto	1	0	3	0	0	0
0x802852FC	48	fn_802852FC	auto	0	1	0	0	0	0
0x8028532C	188	fn_8028532C	auto	1	0	4	0	0	0
0x802853E8	52	fn_802853E8	auto	1	0	3	0	0	0
0x8028541C	116	fn_8028541C	auto	1	0	5	0	0	0
0x80285490	76	fn_80285490	auto	1	0	1	0	0	0
0x802854DC	44	fn_802854DC	auto	1	0	1	0	0	0
0x80285508	4	fn_80285508	auto	0	1	0	0	0	0
0x8028550C	56	fn_8028550C	auto	1	0	1	0	0	0
0x80285544	56	fn_80285544	auto	1	0	1	0	0	0
0x8028557C	32	fn_8028557C	auto	1	0	1	0	0	0
0x8028559C	32	fn_8028559C	auto	1	0	1	0	0	0
0x802855BC	40	fn_802855BC	auto	1	1	0	0	0	0
0x802855E4	44	fn_802855E4	auto	1	1	0	0	0	0
0x80285610	92	fn_80285610	auto	1	0	1	0	0	0
0x8028566C	88	fn_8028566C	auto	1	0	1	0	0	0
0x802856C4	64	fn_802856C4	auto	1	0	1	0	0	0
0x80285704	36	fn_80285704	auto	1	0	1	0	0	0
0x80285728	1292	fn_80285728	auto	1	0	5	0	0	0
0x80285C34	532	fn_80285C34	auto	1	0	2	0	0	0
0x80285E48	400	fn_80285E48	auto	1	1	0	0	0	0
0x80285FD8	1292	fn_80285FD8	auto	1	1	0	0	0	0
0x802864E4	224	fn_802864E4	auto	1	0	4	0	0	0
0x802865C4	188	fn_802865C4	auto	1	0	1	0	0	0
0x80286680	408	fn_80286680	auto	1	1	0	0	0	0
0x80286818	492	fn_80286818	auto	1	1	0	0	0	0
0x80286A04	700	fn_80286A04	auto	1	0	2	0	0	0
0x80286CC0	512	fn_80286CC0	auto	1	0	1	0	0	0
0x80286EC0	40	fn_80286EC0	auto	1	0	1	0	0	0
0x80286EE8	260	fn_80286EE8	auto	1	0	1	0	0	0
0x80286FEC	80	fn_80286FEC	auto	0	1	0	0	0	0
0x8028703C	80	fn_8028703C	auto	0	1	0	0	0	0
0x8028708C	152	fn_8028708C	auto	0	1	0	0	0	0
0x80287124	180	fn_80287124	auto	1	1	0	0	0	0
0x802871D8	156	fn_802871D8	auto	1	1	0	0	0	0
0x80287274	80	fn_80287274	auto	0	1	0	0	0	0
0x802872C4	16	fn_802872C4	auto	0	1	0	0	0	0
0x802872D4	232	fn_802872D4	auto	1	0	2	0	0	0
0x802873BC	596	fn_802873BC	auto	1	0	6	0	0	0
0x80287610	1320	fn_80287610	auto	1	0	22	0	0	0
0x80287B38	220	fn_80287B38	auto	1	0	2	0	0	0
0x80287C14	388	fn_80287C14	auto	1	0	4	0	0	0
0x80287D98	360	fn_80287D98	auto	1	0	7	0	1	0
0x80287F00	3368	fn_80287F00	auto	1	0	48	0	4	0
0x80288C28	64	fn_80288C28	auto	0	1	0	0	0	0
0x80288C68	380	fn_80288C68	auto	1	0	1	0	0	0
0x80288DE4	360	fn_80288DE4	auto	1	0	9	0	0	0
0x80288F4C	8	fn_80288F4C	auto	0	1	0	0	0	0
0x80288F54	40	fn_80288F54	auto	0	1	0	0	0	0
0x80288F7C	12	fn_80288F7C	auto	0	1	0	0	0	0
0x80288F88	8	fn_80288F88	auto	0	1	0	0	0	0
0x80288F90	56	fn_80288F90	auto	0	1	0	0	0	0
0x80288FC8	220	fn_80288FC8	auto	1	0	2	0	0	0
0x802890A4	388	fn_802890A4	auto	1	0	4	0	0	0
0x80289228	360	fn_80289228	auto	1	0	7	0	1	0
0x80289390	2016	fn_80289390	auto	1	0	32	0	2	0
0x80289B70	856	fn_80289B70	auto	1	0	2	0	0	0
0x80289EC8	396	fn_80289EC8	auto	1	0	2	0	0	0
0x8028A054	4	fn_8028A054	auto	0	1	0	0	0	0
0x8028A058	156	fn_8028A058	auto	1	0	3	0	0	0
0x8028A0F4	372	fn_8028A0F4	auto	1	0	1	0	0	0
0x8028A268	4	fn_8028A268	auto	0	1	0	0	0	0
0x8028A26C	56	fn_8028A26C	auto	1	0	2	0	0	0
0x8028A2A4	4	fn_8028A2A4	auto	0	1	0	0	0	0
0x8028A2A8	312	fn_8028A2A8	auto	1	0	1	0	0	0
0x8028A3E0	56	fn_8028A3E0	auto	1	0	2	0	0	0
0x8028A418	340	fn_8028A418	auto	1	0	3	0	0	0
0x8028A56C	332	fn_8028A56C	auto	1	0	1	0	0	0
0x8028A6B8	4	fn_8028A6B8	auto	0	1	0	0	0	0
0x8028A6BC	56	fn_8028A6BC	auto	1	0	2	0	0	0
0x8028A6F4	4	fn_8028A6F4	auto	0	1	0	0	0	0
0x8028A6F8	400	fn_8028A6F8	auto	1	0	1	0	0	0
0x8028A888	56	fn_8028A888	auto	1	0	2	0	0	0
0x8028A8C0	416	fn_8028A8C0	auto	1	0	3	0	0	0
0x8028AA60	232	fn_8028AA60	auto	1	0	2	0	0	0
0x8028AB48	596	fn_8028AB48	auto	1	0	6	0	0	0
0x8028AD9C	1788	fn_8028AD9C	auto	1	0	27	0	0	0
0x8028B498	260	fn_8028B498	auto	1	0	1	0	0	0
0x8028B59C	80	fn_8028B59C	auto	0	1	0	0	0	0
0x8028B5EC	80	fn_8028B5EC	auto	0	1	0	0	0	0
0x8028B63C	152	fn_8028B63C	auto	0	1	0	0	0	0
0x8028B6D4	176	fn_8028B6D4	auto	1	1	0	0	0	0
0x8028B784	156	fn_8028B784	auto	1	1	0	0	0	0
0x8028B820	80	fn_8028B820	auto	0	1	0	0	0	0
0x8028B870	16	fn_8028B870	auto	0	1	0	0	0	0
0x8028B880	456	fn_8028B880	auto	1	0	2	0	0	0
0x8028BA48	128	fn_8028BA48	auto	1	0	4	0	0	0
0x8028BAC8	36	fn_8028BAC8	auto	1	0	1	0	0	0
0x8028BAEC	164	fn_8028BAEC	auto	1	0	3	0	0	0
0x8028BB90	60	fn_8028BB90	auto	0	1	0	0	0	0
0x8028BBCC	152	fn_8028BBCC	auto	0	1	0	0	0	0
0x8028BC64	556	fn_8028BC64	auto	1	0	1	0	0	0
0x8028BE90	4240	fn_8028BE90	auto	1	0	1	0	0	0
0x8028CF20	3012	fn_8028CF20	auto	1	1	0	0	0	0
0x8028DAE4	632	fn_8028DAE4	auto	1	0	4	0	0	0
0x8028DD5C	4104	fn_8028DD5C	auto	1	0	4	0	0	0
0x8028ED64	1700	fn_8028ED64	auto	1	0	3	0	0	0
0x8028F408	1148	fn_8028F408	auto	1	1	0	0	0	0
0x8028F884	216	fn_8028F884	auto	0	1	0	0	0	0
0x8028F95C	84	fn_8028F95C	auto	0	1	0	0	0	0
0x8028F9B0	1000	fn_8028F9B0	auto	1	0	5	0	0	0
0x8028FD98	268	fn_8028FD98	auto	1	0	2	0	0	0
0x8028FEA4	356	fn_8028FEA4	auto	1	1	0	0	0	0
0x80290008	184	fn_80290008	auto	1	1	0	0	0	0
0x802900C0	192	fn_802900C0	auto	1	0	1	0	0	0
0x80290180	680	fn_80290180	auto	1	0	2	0	0	0
0x80290428	192	fn_80290428	auto	0	1	0	0	0	0
0x802904E8	224	fn_802904E8	auto	0	1	0	0	0	0
0x802905C8	160	fn_802905C8	auto	0	1	0	0	0	0
0x80290668	160	fn_80290668	auto	0	1	0	0	0	0
0x80290708	100	fn_80290708	auto	0	1	0	0	0	0
0x8029076C	100	fn_8029076C	auto	0	1	0	0	0	0
0x802907D0	328	fn_802907D0	auto	1	1	0	0	0	0
0x80290918	328	fn_80290918	auto	1	1	0	0	0	0
0x80290A60	1080	fn_80290A60	auto	1	0	8	0	0	0
0x80290E98	16	fn_80290E98	auto	0	1	0	0	0	0
0x80290EA8	44	fn_80290EA8	auto	1	1	0	0	0	0
0x80290ED4	400	fn_80290ED4	auto	1	0	3	0	0	0
0x80291064	360	fn_80291064	auto	1	0	3	0	0	0
0x802911CC	520	fn_802911CC	auto	1	0	2	0	0	0
0x802913D4	20	fn_802913D4	auto	0	1	0	0	0	0
0x802913E8	60	fn_802913E8	auto	1	0	1	0	0	0
0x80291424	4	fn_80291424	auto	0	1	0	0	0	0
0x80291428	48	fn_80291428	auto	1	0	1	0	0	0
0x80291458	368	fn_80291458	auto	1	0	2	0	0	0
0x802915C8	240	fn_802915C8	auto	0	1	0	0	0	0
0x802916B8	72	fn_802916B8	auto	1	0	1	0	0	0
0x80291700	160	fn_80291700	auto	0	1	0	0	0	0
0x802917A0	40	fn_802917A0	auto	1	0	1	0	0	0
0x802917C8	192	fn_802917C8	auto	0	1	0	0	0	0
0x80291888	84	fn_80291888	auto	1	0	1	0	0	0
0x802918DC	84	fn_802918DC	auto	1	0	1	0	0	0
0x80291930	72	fn_80291930	auto	1	0	1	0	0	0
0x80291978	228	fn_80291978	auto	1	1	0	0	0	0
0x80291A5C	224	fn_80291A5C	auto	1	1	0	0	0	0
0x80291B3C	72	fn_80291B3C	auto	1	0	1	0	0	0
0x80291B84	48	fn_80291B84	auto	1	0	1	0	0	0
0x80291BB4	48	fn_80291BB4	auto	1	0	1	0	0	0
0x80291BE4	48	fn_80291BE4	auto	1	0	1	0	0	0
0x80291C14	48	fn_80291C14	auto	1	0	1	0	0	0
0x80291C44	32	fn_80291C44	auto	1	0	1	0	0	0
0x80291C64	44	fn_80291C64	auto	0	1	0	0	0	0
0x80291C90	72	fn_80291C90	auto	1	0	1	0	0	0
0x80291CD8	32	fn_80291CD8	auto	1	0	1	0	0	0
0x80291CF8	32	fn_80291CF8	auto	1	0	1	0	0	0
0x80291D18	148	fn_80291D18	auto	1	0	1	0	0	0
0x80291DAC	56	fn_80291DAC	auto	1	0	1	0	0	0
0x80291DE4	52	fn_80291DE4	auto	1	0	2	0	0	0
0x80291E18	60	fn_80291E18	auto	0	1	0	0	0	0
0x80291E54	188	fn_80291E54	auto	0	1	0	0	0	0
0x80291F10	116	fn_80291F10	auto	1	0	1	0	0	0
0x80291F84	124	fn_80291F84	auto	1	0	2	0	0	0
0x80292000	128	fn_80292000	auto	1	0	2	0	0	0
0x80292080	304	fn_80292080	auto	1	0	2	0	0	0
0x802921B0	128	fn_802921B0	auto	1	0	2	0	0	0
0x80292230	128	fn_80292230	auto	1	0	2	0	0	0
0x802922B0	304	fn_802922B0	auto	1	0	2	0	0	0
0x802923E0	88	fn_802923E0	auto	1	0	2	0	0	0
0x80292438	32	fn_80292438	auto	1	0	1	0	0	0
0x80292458	32	fn_80292458	auto	1	0	1	0	0	0
0x80292478	68	fn_80292478	auto	1	0	1	0	0	0
0x802924BC	36	fn_802924BC	auto	1	0	1	0	0	0
0x802924E0	88	fn_802924E0	auto	1	0	2	0	0	0
0x80292538	100	fn_80292538	auto	1	0	2	0	0	0
0x8029259C	56	fn_8029259C	auto	1	0	1	0	0	0
0x802925D4	72	fn_802925D4	auto	0	1	0	0	0	0
0x8029261C	44	fn_8029261C	auto	0	1	0	0	0	0
0x80292648	92	fn_80292648	auto	1	0	2	0	0	0
0x802926A4	296	fn_802926A4	auto	1	0	1	0	0	0
0x802927CC	296	fn_802927CC	auto	1	0	1	0	0	0
0x802928F4	48	fn_802928F4	auto	1	0	1	0	0	0
0x80292924	56	fn_80292924	auto	0	1	0	0	0	0
0x8029295C	100	fn_8029295C	auto	1	0	1	0	0	0
0x802929C0	64	fn_802929C0	auto	1	0	2	0	0	0
0x80292A00	96	fn_80292A00	auto	1	0	2	0	0	0
0x80292A60	380	fn_80292A60	auto	1	0	2	0	0	0
0x80292BDC	76	fn_80292BDC	auto	1	0	2	0	0	0
0x80292C28	76	fn_80292C28	auto	1	0	2	0	0	0
0x80292C74	276	fn_80292C74	auto	1	0	2	0	0	0
0x80292D88	288	fn_80292D88	auto	1	0	2	0	0	0
0x80292EA8	276	fn_80292EA8	auto	1	0	2	0	0	0
0x80292FBC	288	fn_80292FBC	auto	1	0	2	0	0	0
0x802930DC	276	fn_802930DC	auto	1	0	2	0	0	0
0x802931F0	288	fn_802931F0	auto	1	0	2	0	0	0
0x80293310	276	fn_80293310	auto	1	0	2	0	0	0
0x80293424	288	fn_80293424	auto	1	0	2	0	0	0
0x80293544	332	fn_80293544	auto	1	0	2	0	0	0
0x80293690	84	fn_80293690	auto	1	0	2	0	0	0
0x802936E4	476	fn_802936E4	auto	1	0	4	0	0	0
0x802938C0	8	fn_802938C0	auto	0	1	0	0	0	0
0x802938C8	252	fn_802938C8	auto	1	1	0	0	0	0
0x802939C4	304	fn_802939C4	auto	1	0	1	0	0	0
0x80293AF4	64	fn_80293AF4	auto	0	1	0	0	0	0
0x80293B34	24	fn_80293B34	auto	0	1	0	0	0	0
0x80293B4C	224	fn_80293B4C	auto	0	1	0	0	0	0
0x80293C2C	60	fn_80293C2C	auto	0	1	0	0	0	0
0x80293C68	112	fn_80293C68	auto	1	0	1	0	0	0
0x80293CD8	112	fn_80293CD8	auto	1	0	1	0	0	0
0x80293D48	120	fn_80293D48	auto	1	1	0	0	0	0
0x80293DC0	120	fn_80293DC0	auto	1	1	0	0	0	0
0x80293E38	112	fn_80293E38	auto	1	0	1	0	0	0
0x80293EA8	120	fn_80293EA8	auto	1	1	0	0	0	0
0x80293F20	480	fn_80293F20	auto	1	0	2	0	0	0
0x80294100	112	fn_80294100	auto	1	0	1	0	0	0
0x80294170	160	fn_80294170	auto	1	0	1	0	0	0
0x80294210	336	fn_80294210	auto	1	0	1	0	0	0
0x80294360	612	fn_80294360	auto	1	0	1	0	0	0
0x802945C4	268	fn_802945C4	auto	1	0	1	0	0	0
0x802946D0	160	fn_802946D0	auto	1	0	1	0	0	0
0x80294770	92	fn_80294770	auto	1	0	2	0	0	0
0x802947CC	8	fn_802947CC	auto	0	1	0	0	0	0
0x802947D4	464	fn_802947D4	auto	1	0	8	0	0	0
0x802949A4	104	fn_802949A4	auto	1	0	2	0	0	0
0x80294A0C	1844	fn_80294A0C	auto	1	0	5	0	0	0
0x80295140	76	fn_80295140	auto	1	0	2	0	0	0
0x8029518C	56	fn_8029518C	auto	0	1	0	0	0	0
0x802951C4	8	fn_802951C4	auto	0	1	0	0	0	0
0x802951CC	8	fn_802951CC	auto	0	1	0	0	0	0
0x802951D4	792	fn_802951D4	auto	1	0	2	0	0	0
0x802954EC	144	fn_802954EC	auto	1	0	5	0	0	0
0x8029557C	372	fn_8029557C	auto	1	0	1	0	0	0
0x802956F0	72	fn_802956F0	auto	1	0	2	0	0	0
0x80295738	1844	fn_80295738	auto	1	0	5	0	0	0
0x80295E6C	76	fn_80295E6C	auto	1	0	2	0	0	0
0x80295EB8	308	fn_80295EB8	auto	1	0	2	0	0	0
0x80295FEC	164	fn_80295FEC	auto	1	1	0	0	0	0
0x80296090	24	fn_80296090	auto	0	1	0	0	0	0
0x802960A8	84	fn_802960A8	auto	0	1	0	0	0	0
0x802960FC	52	fn_802960FC	auto	0	1	0	0	0	0
0x80296130	604	fn_80296130	auto	1	0	11	0	0	0
0x8029638C	152	fn_8029638C	auto	1	0	5	0	0	0
0x80296424	604	fn_80296424	auto	1	0	1	0	0	0
0x80296680	412	fn_80296680	auto	1	0	1	0	1	0
0x8029681C	156	fn_8029681C	auto	1	0	2	0	0	0
0x802968B8	4	fn_802968B8	auto	0	1	0	0	0	0
0x802968BC	92	fn_802968BC	auto	1	0	3	0	0	0
0x80296918	540	fn_80296918	auto	1	0	5	0	0	0
0x80296B34	44	fn_80296B34	auto	1	0	1	0	0	0
0x80296B60	132	fn_80296B60	auto	1	0	4	0	0	0
0x80296BE4	28	fn_80296BE4	auto	0	1	0	0	0	0
0x80296C00	88	fn_80296C00	auto	1	0	1	0	0	0
0x80296C58	84	fn_80296C58	auto	1	0	1	0	0	0
0x80296CAC	284	fn_80296CAC	auto	1	0	1	0	0	0
0x80296DC8	132	fn_80296DC8	auto	0	1	0	0	0	0
0x80296E4C	136	fn_80296E4C	auto	0	1	0	0	0	0
0x80296ED4	24	fn_80296ED4	auto	0	1	0	0	0	0
0x80296EEC	60	fn_80296EEC	auto	1	0	1	0	0	0
0x80296F28	32	fn_80296F28	auto	0	1	0	0	0	0
0x80296F48	36	fn_80296F48	auto	1	0	1	0	0	0
0x80296F6C	52	fn_80296F6C	auto	1	0	1	0	0	0
0x80296FA0	256	fn_80296FA0	auto	0	1	0	0	0	0
0x802970A0	1004	fn_802970A0	auto	1	0	14	0	0	0
0x8029748C	40	fn_8029748C	auto	1	0	1	0	0	0
0x802974B4	44	fn_802974B4	auto	1	0	1	0	0	0
0x802974E0	4	fn_802974E0	auto	0	1	0	0	0	0
0x802974E4	32	fn_802974E4	auto	1	0	1	0	0	0
0x80297504	84	fn_80297504	auto	1	0	2	0	0	0
0x80297558	416	fn_80297558	auto	1	0	3	0	0	0
0x802976F8	268	fn_802976F8	auto	1	0	1	0	0	0
0x80297804	96	fn_80297804	auto	1	0	3	0	0	0
0x80297864	144	fn_80297864	auto	1	0	2	0	0	0
0x802978F4	196	fn_802978F4	auto	1	0	1	0	0	0
0x802979B8	264	fn_802979B8	auto	1	0	1	0	0	0
0x80297AC0	156	fn_80297AC0	auto	1	0	2	0	0	0
0x80297B5C	124	fn_80297B5C	auto	1	0	3	0	0	0
0x80297BD8	232	fn_80297BD8	auto	1	0	3	0	0	0
0x80297CC0	228	fn_80297CC0	auto	1	0	2	0	0	0
0x80297DA4	16	fn_80297DA4	auto	0	1	0	0	0	0
0x80297DB4	20	fn_80297DB4	auto	0	1	0	0	0	0
0x80297DC8	116	fn_80297DC8	auto	1	0	2	0	0	0
0x80297E3C	464	fn_80297E3C	auto	0	1	0	0	0	0
0x8029800C	40	fn_8029800C	auto	0	1	0	0	0	0
0x80298034	272	fn_80298034	auto	1	0	4	0	0	0
0x80298144	116	fn_80298144	auto	0	1	0	0	0	0
0x802981B8	88	fn_802981B8	auto	0	1	0	0	0	0
0x80298210	224	fn_80298210	auto	0	1	0	0	0	0
0x802982F0	76	fn_802982F0	auto	0	1	0	0	0	0
0x8029833C	520	fn_8029833C	auto	1	1	0	0	0	0
0x80298544	336	fn_80298544	auto	0	1	0	0	0	0
0x80298694	52	fn_80298694	auto	1	0	1	0	0	0
0x802986C8	56	fn_802986C8	auto	1	0	1	0	0	0
0x80298700	60	fn_80298700	auto	1	0	1	0	0	0
0x8029873C	92	fn_8029873C	auto	1	0	1	0	0	0
0x80298798	620	fn_80298798	auto	1	0	1	0	0	0
0x80298A04	456	fn_80298A04	auto	1	0	5	0	0	0
0x80298BCC	44	fn_80298BCC	auto	1	0	1	0	0	0
0x80298BF8	128	fn_80298BF8	auto	1	0	1	0	0	0
0x80298C78	52	fn_80298C78	auto	0	1	0	0	0	0
0x80298CAC	412	fn_80298CAC	auto	1	0	5	0	0	0
0x80298E48	36	fn_80298E48	auto	0	1	0	0	0	0
0x80298E6C	12	fn_80298E6C	auto	0	1	0	0	0	0
0x80298E78	88	fn_80298E78	auto	1	0	1	0	0	0
0x80298ED0	276	fn_80298ED0	auto	1	0	1	0	0	0
0x80298FE4	92	fn_80298FE4	auto	1	0	1	0	0	0
0x80299040	24	fn_80299040	auto	0	1	0	0	0	0
0x80299058	32	fn_80299058	auto	1	0	1	0	0	0
0x80299078	68	fn_80299078	auto	1	0	2	0	0	0
0x802990BC	204	fn_802990BC	auto	1	0	1	0	0	0
0x80299188	176	fn_80299188	auto	1	0	1	0	0	0
0x80299238	192	fn_80299238	auto	1	0	1	0	0	0
0x802992F8	208	fn_802992F8	auto	1	0	2	0	0	0
0x802993C8	232	fn_802993C8	auto	1	0	1	0	0	0
0x802994B0	8	fn_802994B0	auto	0	1	0	0	0	0
0x802994B8	72	fn_802994B8	auto	1	0	2	0	0	0
0x80299500	76	fn_80299500	auto	1	0	1	0	0	0
0x8029954C	80	fn_8029954C	auto	1	0	2	0	0	0
0x8029959C	48	fn_8029959C	auto	1	0	1	0	0	0
0x802995CC	376	fn_802995CC	auto	1	0	3	0	0	0
0x80299744	20	fn_80299744	auto	0	1	0	0	0	0
0x80299758	20	fn_80299758	auto	0	1	0	0	0	0
0x8029976C	1132	fn_8029976C	auto	1	0	6	0	0	0
0x80299BD8	1008	fn_80299BD8	auto	1	0	8	0	0	0
0x80299FC8	512	fn_80299FC8	auto	1	0	10	0	0	0
0x8029A1C8	208	fn_8029A1C8	auto	1	0	6	0	0	0
0x8029A298	388	fn_8029A298	auto	1	0	10	0	0	0
0x8029A41C	208	fn_8029A41C	auto	1	0	6	0	0	0
0x8029A4EC	428	fn_8029A4EC	auto	1	0	8	0	0	0
0x8029A698	892	fn_8029A698	auto	1	0	12	0	0	0
0x8029AA14	304	fn_8029AA14	auto	1	0	8	0	0	0
0x8029AB44	756	fn_8029AB44	auto	1	0	12	0	0	0
0x8029AE38	304	fn_8029AE38	auto	1	0	8	0	0	0
0x8029AF68	56	fn_8029AF68	auto	1	0	2	0	0	0
0x8029AFA0	80	fn_8029AFA0	auto	1	0	2	0	0	0
0x8029AFF0	104	fn_8029AFF0	auto	1	0	2	0	0	0
0x8029B058	80	fn_8029B058	auto	1	0	2	0	0	0
0x8029B0A8	104	fn_8029B0A8	auto	1	0	2	0	0	0
0x8029B110	80	fn_8029B110	auto	1	0	2	0	0	0
0x8029B160	128	fn_8029B160	auto	1	0	2	0	0	0
0x8029B1E0	104	fn_8029B1E0	auto	1	0	2	0	0	0
0x8029B248	5720	fn_8029B248	auto	1	0	15	0	0	0
0x8029C8A0	156	fn_8029C8A0	auto	1	0	6	0	0	0
0x8029C93C	116	fn_8029C93C	auto	1	0	4	0	0	0
0x8029C9B0	168	fn_8029C9B0	auto	1	0	4	0	0	0
0x8029CA58	196	fn_8029CA58	auto	1	0	9	0	0	0
0x8029CB1C	88	fn_8029CB1C	auto	1	0	4	0	0	0
0x8029CB74	92	fn_8029CB74	auto	1	0	4	0	0	0
0x8029CBD0	668	fn_8029CBD0	auto	1	0	1	0	0	0
0x8029CE6C	56	fn_8029CE6C	auto	0	1	0	0	0	0
0x8029CEA4	28	fn_8029CEA4	auto	0	1	0	0	0	0
0x8029CEC0	68	fn_8029CEC0	auto	1	0	1	0	0	0
0x8029CF04	120	fn_8029CF04	auto	1	0	1	0	0	0
0x8029CF7C	116	fn_8029CF7C	auto	1	0	1	0	0	0
0x8029CFF0	8	fn_8029CFF0	auto	0	1	0	0	0	0
0x8029CFF8	8	fn_8029CFF8	auto	0	1	0	0	0	0
0x8029D000	8	fn_8029D000	auto	0	1	0	0	0	0
0x8029D008	8	fn_8029D008	auto	0	1	0	0	0	0
0x8029D010	228	fn_8029D010	auto	1	0	1	0	0	0
0x8029D0F4	1444	fn_8029D0F4	auto	1	0	7	0	0	0
0x8029D698	536	fn_8029D698	auto	1	0	3	0	0	0
0x8029D8B0	372	fn_8029D8B0	auto	1	0	2	0	1	0
0x8029DA24	684	fn_8029DA24	auto	1	0	2	0	1	0
0x8029DCD0	524	fn_8029DCD0	auto	1	0	5	0	0	0
0x8029DEDC	728	fn_8029DEDC	auto	1	0	6	0	0	0
0x8029E1B4	600	fn_8029E1B4	auto	1	0	5	0	0	0
0x8029E40C	448	fn_8029E40C	auto	1	0	5	0	0	0
0x8029E5CC	644	fn_8029E5CC	auto	1	0	6	0	0	0
0x8029E850	524	fn_8029E850	auto	1	0	5	0	0	0
0x8029EA5C	448	fn_8029EA5C	auto	1	0	5	0	0	0
0x8029EC1C	524	fn_8029EC1C	auto	1	0	5	0	0	0
0x8029EE28	40	fn_8029EE28	auto	0	1	0	0	0	0
0x8029EE50	40	fn_8029EE50	auto	0	1	0	0	0	0
0x8029EE78	344	fn_8029EE78	auto	1	0	5	0	0	0
0x8029EFD0	296	fn_8029EFD0	auto	1	0	5	0	0	0
0x8029F0F8	432	fn_8029F0F8	auto	1	0	6	0	0	0
0x8029F2A8	344	fn_8029F2A8	auto	1	0	5	0	0	0
0x8029F400	296	fn_8029F400	auto	1	0	5	0	0	0
0x8029F528	344	fn_8029F528	auto	1	0	5	0	0	0
0x8029F680	492	fn_8029F680	auto	1	0	6	0	0	0
0x8029F86C	396	fn_8029F86C	auto	1	0	5	0	0	0
0x8029F9F8	348	fn_8029F9F8	auto	1	0	5	0	0	0
0x8029FB54	348	fn_8029FB54	auto	1	0	5	0	0	0
0x8029FCB0	348	fn_8029FCB0	auto	1	0	5	0	0	0
0x8029FE0C	496	fn_8029FE0C	auto	1	0	6	0	0	0
0x8029FFFC	400	fn_8029FFFC	auto	1	0	5	0	0	0
0x802A018C	348	fn_802A018C	auto	1	0	5	0	0	0
0x802A02E8	496	fn_802A02E8	auto	1	0	6	0	0	0
0x802A04D8	400	fn_802A04D8	auto	1	0	5	0	0	0
0x802A0668	344	fn_802A0668	auto	1	0	5	0	0	0
0x802A07C0	492	fn_802A07C0	auto	1	0	6	0	0	0
0x802A09AC	396	fn_802A09AC	auto	1	0	5	0	0	0
0x802A0B38	344	fn_802A0B38	auto	1	0	5	0	0	0
0x802A0C90	344	fn_802A0C90	auto	1	0	5	0	0	0
0x802A0DE8	492	fn_802A0DE8	auto	1	0	6	0	0	0
0x802A0FD4	396	fn_802A0FD4	auto	1	0	5	0	0	0
0x802A1160	532	fn_802A1160	auto	1	0	3	0	0	0
0x802A1374	2016	fn_802A1374	auto	1	0	32	0	2	0
0x802A1B54	1416	fn_802A1B54	auto	1	0	5	0	0	0
0x802A20DC	24	fn_802A20DC	auto	0	1	0	0	0	0
0x802A20F4	24	fn_802A20F4	auto	0	1	0	0	0	0
0x802A210C	184	fn_802A210C	auto	1	0	2	0	0	0
0x802A21C4	464	fn_802A21C4	auto	1	1	0	0	0	0
0x802A2394	312	fn_802A2394	auto	1	0	4	0	0	0
0x802A24CC	312	fn_802A24CC	auto	1	0	4	0	0	0
0x802A2604	364	fn_802A2604	auto	1	0	4	0	0	0
0x802A2770	444	fn_802A2770	auto	1	0	5	0	0	0
0x802A292C	352	fn_802A292C	auto	1	0	4	0	0	0
0x802A2A8C	504	fn_802A2A8C	auto	1	0	5	0	0	0
0x802A2C84	404	fn_802A2C84	auto	1	0	4	0	0	0
0x802A2E18	364	fn_802A2E18	auto	1	0	4	0	0	0
0x802A2F84	376	fn_802A2F84	auto	1	0	4	0	0	0
0x802A30FC	376	fn_802A30FC	auto	1	0	4	0	0	0
0x802A3274	376	fn_802A3274	auto	1	0	4	0	0	0
0x802A33EC	516	fn_802A33EC	auto	1	0	5	0	0	0
0x802A35F0	416	fn_802A35F0	auto	1	0	4	0	0	0
0x802A3790	516	fn_802A3790	auto	1	0	5	0	0	0
0x802A3994	416	fn_802A3994	auto	1	0	4	0	0	0
0x802A3B34	468	fn_802A3B34	auto	1	0	5	0	0	0
0x802A3D08	468	fn_802A3D08	auto	1	0	5	0	0	0
0x802A3EDC	368	fn_802A3EDC	auto	1	0	4	0	0	0
0x802A404C	656	fn_802A404C	auto	1	0	6	0	0	0
0x802A42DC	532	fn_802A42DC	auto	1	0	5	0	0	0
0x802A44F0	508	fn_802A44F0	auto	1	0	5	0	0	0
0x802A46EC	408	fn_802A46EC	auto	1	0	4	0	0	0
0x802A4884	368	fn_802A4884	auto	1	0	4	0	0	0
0x802A49F4	556	fn_802A49F4	auto	1	0	5	0	0	0
0x802A4C20	556	fn_802A4C20	auto	1	0	5	0	0	0
0x802A4E4C	380	fn_802A4E4C	auto	1	0	4	0	0	0
0x802A4FC8	764	fn_802A4FC8	auto	1	0	6	0	0	0
0x802A52C4	620	fn_802A52C4	auto	1	0	5	0	0	0
0x802A5530	520	fn_802A5530	auto	1	0	5	0	0	0
0x802A5738	420	fn_802A5738	auto	1	0	4	0	0	0
0x802A58DC	380	fn_802A58DC	auto	1	0	4	0	0	0
0x802A5A58	120	fn_802A5A58	auto	0	1	0	0	0	0
0x802A5AD0	120	fn_802A5AD0	auto	0	1	0	0	0	0
0x802A5B48	472	fn_802A5B48	auto	1	1	0	0	0	0
0x802A5D20	472	fn_802A5D20	auto	1	1	0	0	0	0
0x802A5EF8	52	fn_802A5EF8	auto	1	0	1	0	0	0
0x802A5F2C	600	fn_802A5F2C	auto	1	1	0	0	0	0
0x802A6184	532	fn_802A6184	auto	1	0	3	0	0	0
0x802A6398	3352	fn_802A6398	auto	1	0	48	0	4	0
0x802A70B0	1256	fn_802A70B0	auto	1	0	5	0	0	0
0x802A7598	24	fn_802A7598	auto	0	1	0	0	0	0
0x802A75B0	24	fn_802A75B0	auto	0	1	0	0	0	0
0x802A75C8	184	fn_802A75C8	auto	1	0	2	0	0	0
0x802A7680	532	fn_802A7680	auto	1	0	3	0	0	0
0x802A7894	1248	fn_802A7894	auto	1	0	22	0	0	0
0x802A7D74	556	fn_802A7D74	auto	1	0	7	0	0	0
0x802A7FA0	532	fn_802A7FA0	auto	1	0	3	0	0	0
0x802A81B4	1804	fn_802A81B4	auto	1	0	28	0	0	0
0x802A88C0	540	fn_802A88C0	auto	1	0	7	0	0	0
0x802A8ADC	8	fn_802A8ADC	auto	0	1	0	0	0	0
0x802A8AE4	192	fn_802A8AE4	auto	1	0	2	0	0	0
0x802A8BA4	448	fn_802A8BA4	auto	1	0	2	0	0	0
0x802A8D64	236	fn_802A8D64	auto	1	0	2	0	0	0
0x802A8E50	240	fn_802A8E50	auto	1	0	3	0	0	0
0x802A8F40	8	fn_802A8F40	auto	0	1	0	0	0	0
0x802A8F48	88	fn_802A8F48	auto	1	0	1	0	0	0
0x802A8FA0	8	fn_802A8FA0	auto	0	1	0	0	0	0
0x802A8FA8	24	fn_802A8FA8	auto	0	1	0	0	0	0
0x802A8FC0	128	fn_802A8FC0	auto	0	1	0	0	0	0
0x802A9040	60	fn_802A9040	auto	0	1	0	0	0	0
0x802A907C	700	fn_802A907C	auto	1	0	6	0	0	0
0x802A9338	148	fn_802A9338	auto	1	0	5	0	0	0
0x802A93CC	840	fn_802A93CC	auto	1	0	1	0	1	0
0x802A9714	240	fn_802A9714	auto	1	0	1	0	0	0
0x802A9804	56	fn_802A9804	auto	1	0	3	0	0	0
0x802A983C	52	fn_802A983C	auto	1	0	2	0	0	0
0x802A9870	104	fn_802A9870	auto	1	0	2	0	0	0
0x802A98D8	700	fn_802A98D8	auto	1	0	6	0	0	0
0x802A9B94	140	fn_802A9B94	auto	1	0	4	0	0	0
0x802A9C20	1264	fn_802A9C20	auto	1	0	1	0	1	0
0x802AA110	480	fn_802AA110	auto	1	0	2	0	0	0
0x802AA2F0	2924	fn_802AA2F0	auto	1	0	4	0	0	0
0x802AAE5C	992	fn_802AAE5C	auto	1	0	4	0	0	0
0x802AB23C	136	fn_802AB23C	auto	1	0	1	0	0	0
0x802AB2C4	124	fn_802AB2C4	auto	1	0	1	0	0	0
0x802AB340	288	fn_802AB340	auto	1	0	1	0	0	0
0x802AB460	424	fn_802AB460	auto	1	0	13	0	0	0
0x802AB608	756	fn_802AB608	auto	1	0	24	0	0	0
0x802AB8FC	672	fn_802AB8FC	auto	1	0	14	0	0	0
0x802ABB9C	1476	fn_802ABB9C	auto	1	0	23	0	0	0
0x802AC160	396	fn_802AC160	auto	1	0	3	0	0	0
0x802AC2EC	8	fn_802AC2EC	auto	0	1	0	0	0	0
0x802AC2F4	40	fn_802AC2F4	auto	1	0	1	0	0	0
0x802AC31C	716	fn_802AC31C	auto	1	0	10	0	0	0
0x802AC5E8	172	fn_802AC5E8	auto	1	0	3	0	0	0
0x802AC694	88	fn_802AC694	auto	0	1	0	0	0	0
0x802AC6EC	36	fn_802AC6EC	auto	1	0	1	0	0	0
0x802AC710	32	fn_802AC710	auto	1	0	1	0	0	0
0x802AC730	44	fn_802AC730	auto	1	0	1	0	0	0
0x802AC75C	128	OSReport	dtk	1	0	1	0	0	0
